/*******************************************************************************
 * Size: 290 px
 * Bpp: 4
 * Opts: --font assets/Antonio-Bold.ttf -r 0x30-0x39 --size 290 --format lvgl -o main/assets/fonts/antonio_290.c --bpp 4
 ******************************************************************************/

#ifdef LV_LVGL_H_INCLUDE_SIMPLE
#include "lvgl.h"
#else
#include "lvgl/lvgl.h"
#endif

#ifndef ANTONIO_290
#define ANTONIO_290 1
#endif

#if ANTONIO_290

/*-----------------
 *    BITMAPS
 *----------------*/

/*Store the image of the glyphs*/
static LV_ATTRIBUTE_LARGE_CONST const uint8_t glyph_bitmap[] = {
    /* U+0030 "0" */
    0x0, 0xff, 0xf0, 0x12, 0x34, 0x4d, 0x66, 0xf7,
    0x3f, 0xfd, 0xdc, 0xdc, 0xa9, 0x86, 0x41, 0x0,
    0xff, 0xff, 0x80, 0x7e, 0x47, 0xad, 0xfd, 0xb9,
    0x76, 0x53, 0x21, 0x10, 0x7, 0x84, 0x44, 0x6a,
    0xcf, 0x37, 0xdf, 0xb2, 0xc6, 0x1, 0xff, 0xfe,
    0x37, 0xcf, 0xb8, 0x52, 0x0, 0xff, 0xe8, 0x13,
    0x4e, 0x7d, 0xb9, 0x0, 0x7f, 0xfd, 0xce, 0x7b,
    0x20, 0xc0, 0x3f, 0xfb, 0x49, 0x1b, 0xa8, 0x20,
    0xf, 0xff, 0x88, 0xbe, 0xe3, 0x8, 0x7, 0xff,
    0x80, 0x9f, 0x74, 0xc0, 0x1f, 0xfe, 0xd2, 0x9e,
    0x82, 0x0, 0xff, 0xf3, 0x14, 0xf4, 0x8, 0x7,
    0xff, 0xa0, 0x67, 0x58, 0x3, 0xff, 0xd6, 0x2f,
    0xce, 0x1, 0xff, 0xe6, 0x7e, 0x60, 0xf, 0xff,
    0x84, 0x72, 0x80, 0x7f, 0xf8, 0x8f, 0x20, 0x3,
    0xff, 0xe6, 0x35, 0x62, 0x1, 0xff, 0xdf, 0x7c,
    0x30, 0xf, 0xff, 0xb2, 0x7a, 0x80, 0x7f, 0xf7,
    0x6, 0xe0, 0x3, 0xff, 0xf2, 0x35, 0x0, 0x1f,
    0xfd, 0xa2, 0xc4, 0x0, 0xff, 0xfe, 0x3d, 0x88,
    0x7, 0xff, 0x5c, 0xf0, 0x80, 0x3f, 0xff, 0xc9,
    0x82, 0x1, 0xff, 0xd5, 0x4c, 0x10, 0xf, 0xff,
    0xf8, 0x16, 0x10, 0x7, 0xff, 0x4c, 0xec, 0x3,
    0xff, 0xfe, 0x1, 0x8b, 0x4, 0x3, 0xff, 0xa2,
    0x5a, 0x1, 0xff, 0xff, 0x0, 0xf0, 0xe0, 0x7,
    0xff, 0x40, 0x70, 0x40, 0x3f, 0xff, 0xe0, 0x1f,
    0x16, 0x0, 0x7f, 0xf3, 0xf4, 0x40, 0x3f, 0xff,
    0xe0, 0x1f, 0xc7, 0x20, 0x1f, 0xfc, 0xd8, 0x30,
    0xf, 0xff, 0xf8, 0x7, 0xfc, 0xca, 0x1, 0xff,
    0xcb, 0x47, 0x0, 0xff, 0xff, 0x80, 0x7f, 0xf0,
    0x68, 0x80, 0x3f, 0xf9, 0x54, 0x1, 0xff, 0xff,
    0x0, 0xff, 0xe1, 0xc8, 0x7, 0xff, 0x26, 0x44,
    0x3, 0xff, 0xfe, 0x1, 0xff, 0xc3, 0x45, 0x0,
    0xff, 0xe3, 0x9b, 0x0, 0x7f, 0xff, 0xc0, 0x3f,
    0xf8, 0xb6, 0x20, 0x1f, 0xfc, 0x6f, 0x0, 0xff,
    0xff, 0x80, 0x7f, 0xf1, 0x86, 0x40, 0x3f, 0xf8,
    0xa8, 0x60, 0x1f, 0xff, 0xf0, 0xf, 0xfe, 0x3b,
    0x88, 0x7, 0xff, 0x12, 0x40, 0x3f, 0xff, 0xe0,
    0x1f, 0xfc, 0x98, 0x0, 0xff, 0xe1, 0xa9, 0x0,
    0x7f, 0xff, 0xc0, 0x3f, 0xf9, 0x2c, 0x20, 0x1f,
    0xfc, 0x29, 0x0, 0xff, 0xff, 0x80, 0x7f, 0xf2,
    0xe4, 0x3, 0xff, 0x82, 0x66, 0x0, 0xff, 0xff,
    0x80, 0x7f, 0xf2, 0xd8, 0x3, 0xff, 0x83, 0x40,
    0x1f, 0xff, 0xf0, 0xf, 0xfe, 0x60, 0xb0, 0x7,
    0xff, 0x1, 0x80, 0x3f, 0xff, 0xe0, 0x1f, 0xfc,
    0xda, 0x0, 0xff, 0x94, 0x3, 0xff, 0xfe, 0x1,
    0xff, 0xce, 0x32, 0x0, 0xff, 0x70, 0x7, 0xff,
    0x90, 0x8d, 0xc, 0x84, 0x3, 0xff, 0xc9, 0x40,
    0x1f, 0xc2, 0x80, 0x1f, 0xfe, 0x5, 0x9d, 0xfd,
    0xcb, 0xcd, 0xee, 0x5b, 0x90, 0x7, 0xff, 0x81,
    0x40, 0x3f, 0x90, 0x3, 0xff, 0xbc, 0x53, 0xf4,
    0xc4, 0x1, 0xf0, 0xa4, 0x6e, 0x28, 0x7, 0xff,
    0x78, 0x88, 0x1, 0xfb, 0xc0, 0x3f, 0xfb, 0xb1,
    0xac, 0x1, 0xff, 0xc3, 0x3a, 0xd3, 0x0, 0xff,
    0xee, 0xa8, 0x7, 0xe4, 0x0, 0xff, 0xee, 0x5b,
    0x80, 0x7f, 0xf1, 0xcb, 0x14, 0x3, 0xff, 0xb9,
    0x60, 0x1f, 0x18, 0x80, 0x7f, 0xf6, 0xe9, 0x0,
    0x3f, 0xf9, 0x54, 0x80, 0x1f, 0xfd, 0xb3, 0x0,
    0xf9, 0x0, 0x3f, 0xfb, 0x6e, 0xa0, 0x1f, 0xfc,
    0xcb, 0x20, 0xf, 0xfe, 0xda, 0x0, 0x7b, 0x0,
    0x3f, 0xfb, 0x45, 0x0, 0x1f, 0xfc, 0xee, 0x0,
    0xff, 0xed, 0xe0, 0x7, 0x94, 0x3, 0xff, 0xb5,
    0x0, 0x1f, 0xfc, 0xf3, 0x50, 0xf, 0xfe, 0xd2,
    0x0, 0x71, 0x8, 0x7, 0xff, 0x64, 0xd4, 0x3,
    0xff, 0xa1, 0x0, 0x1f, 0xfd, 0xa3, 0x0, 0xe7,
    0x0, 0xff, 0xed, 0x48, 0x7, 0xff, 0x44, 0x90,
    0x3, 0xff, 0xb4, 0x60, 0x1b, 0x40, 0x3f, 0xfb,
    0x22, 0xa0, 0x1f, 0xfd, 0x2f, 0x0, 0xff, 0xed,
    0x28, 0x6, 0x30, 0xf, 0xfe, 0xcb, 0x80, 0x7f,
    0xf4, 0xd0, 0x40, 0x3f, 0xfb, 0x3c, 0x1, 0x94,
    0x3, 0xff, 0xb3, 0xa0, 0x1f, 0xfd, 0x47, 0x0,
    0xff, 0xec, 0x98, 0x6, 0x10, 0xf, 0xfe, 0xca,
    0x0, 0x7f, 0xf5, 0x30, 0x3, 0xff, 0xb2, 0xa0,
    0x11, 0x80, 0x7f, 0xf6, 0x4c, 0x3, 0xff, 0xaa,
    0x80, 0x1f, 0xfd, 0x91, 0x0, 0x98, 0x3, 0xff,
    0xb2, 0xa0, 0x1f, 0xfd, 0x51, 0x10, 0x7, 0xff,
    0x64, 0x80, 0x4, 0x1, 0xff, 0xd9, 0xf0, 0xf,
    0xfe, 0xb2, 0x80, 0x7f, 0xf6, 0x5c, 0x1, 0xc0,
    0x1f, 0xfd, 0x95, 0x0, 0xff, 0xeb, 0x18, 0x7,
    0xff, 0x64, 0x80, 0x4, 0x1, 0xff, 0xd9, 0x20,
    0xf, 0xfe, 0xb7, 0x0, 0x7f, 0xf6, 0x7c, 0x0,
    0xe0, 0x1f, 0xfd, 0x91, 0x0, 0xff, 0xeb, 0x10,
    0x7, 0xff, 0x64, 0x80, 0x4, 0x1, 0xff, 0xd8,
    0x20, 0xf, 0xfe, 0xbb, 0x0, 0x7f, 0xf6, 0x44,
    0x0, 0x20, 0x1f, 0xfd, 0x81, 0x0, 0xff, 0xeb,
    0x90, 0x7, 0xff, 0x65, 0x80, 0x40, 0x3f, 0xfb,
    0x2e, 0x1, 0xff, 0xfd, 0x30, 0xf, 0xfe, 0xd9,
    0x0, 0x7f, 0xf6, 0x4, 0x3, 0xff, 0xb0, 0x20,
    0x60, 0x1f, 0xfd, 0x91, 0x0, 0xff, 0xec, 0x18,
    0x7, 0xff, 0x68, 0x40, 0x3f, 0xff, 0xc2, 0x1,
    0xff, 0xd9, 0x17, 0x0, 0xff, 0xec, 0xf8, 0x7,
    0xff, 0xf8, 0xc4, 0x3, 0xff, 0xb2, 0x20, 0x1f,
    0xfd, 0x87, 0x0, 0xff, 0xec, 0x88, 0x7, 0xff,
    0xfc, 0x3, 0xff, 0xfe, 0x1, 0xff, 0xdb, 0x10,
    0xf, 0xfe, 0xd1, 0x80, 0x7f, 0xff, 0xc0, 0x3f,
    0xfb, 0x2e, 0x1, 0xff, 0xff, 0x0, 0xff, 0xff,
    0x80, 0x7f, 0xff, 0xc0, 0x3f, 0xff, 0xe0, 0x1f,
    0xff, 0xf0, 0xf, 0xff, 0xf8, 0x7, 0xff, 0xfc,
    0x3, 0xff, 0xfe, 0x1, 0xff, 0xff, 0x0, 0xff,
    0xff, 0x80, 0x7f, 0xff, 0xc0, 0x3f, 0xff, 0xe0,
    0x1f, 0xff, 0xf0, 0xf, 0xff, 0xf8, 0x7, 0xff,
    0xfc, 0x3, 0xff, 0xfe, 0x1, 0xff, 0xff, 0x0,
    0xff, 0xff, 0x80, 0x7f, 0xff, 0xc0, 0x3f, 0xff,
    0xe0, 0x1f, 0xff, 0xf0, 0xf, 0xff, 0xf8, 0x7,
    0xff, 0xfc, 0x3, 0xff, 0xfe, 0x1, 0xff, 0xff,
    0x0, 0xff, 0xff, 0x80, 0x7f, 0xff, 0xc0, 0x3f,
    0xff, 0xe0, 0x1f, 0xff, 0xf0, 0xf, 0xff, 0xf8,
    0x7, 0xff, 0xfc, 0x3, 0xff, 0xfe, 0x1, 0xff,
    0xff, 0x0, 0xff, 0xff, 0x80, 0x7f, 0xff, 0xc0,
    0x3f, 0xff, 0xe0, 0x1f, 0xff, 0xf0, 0xf, 0xff,
    0xf8, 0x7, 0xff, 0xfc, 0x3, 0xff, 0xfe, 0x1,
    0xff, 0xff, 0x0, 0xff, 0xff, 0x80, 0x7f, 0xff,
    0xc0, 0x3f, 0xff, 0xe0, 0x1f, 0xff, 0xf0, 0xf,
    0xff, 0xf8, 0x7, 0xff, 0xfc, 0x3, 0xff, 0xfe,
    0x1, 0xff, 0xff, 0x0, 0xff, 0xff, 0x80, 0x7f,
    0xff, 0xc0, 0x3f, 0xff, 0xe0, 0x1f, 0xff, 0xf0,
    0xf, 0xff, 0xf8, 0x7, 0xff, 0xfc, 0x3, 0xff,
    0xfe, 0x1, 0xff, 0xff, 0x0, 0xff, 0xff, 0x80,
    0x7f, 0xff, 0xc0, 0x3f, 0xff, 0xe0, 0x1f, 0xff,
    0xf0, 0xf, 0xff, 0xf8, 0x7, 0xff, 0xfc, 0x3,
    0xff, 0xfe, 0x1, 0xff, 0xff, 0x0, 0xff, 0xff,
    0x80, 0x7f, 0xff, 0xc0, 0x3f, 0xff, 0xe0, 0x1f,
    0xff, 0xf0, 0xf, 0xff, 0xf8, 0x7, 0xff, 0xfc,
    0x3, 0xff, 0xfe, 0x1, 0xff, 0xff, 0x0, 0xff,
    0xff, 0x80, 0x7f, 0xff, 0xc0, 0x3f, 0xff, 0xe0,
    0x1f, 0xff, 0xf0, 0xf, 0xff, 0xf8, 0x7, 0xff,
    0xfc, 0x3, 0xff, 0xfe, 0x1, 0xff, 0xff, 0x0,
    0xff, 0xff, 0x80, 0x7f, 0xff, 0xc0, 0x3f, 0xff,
    0xe0, 0x1f, 0xff, 0xf0, 0xf, 0xff, 0xf8, 0x7,
    0xff, 0xfc, 0x3, 0xff, 0xfe, 0x1, 0xff, 0xff,
    0x0, 0xff, 0xff, 0x80, 0x7f, 0xff, 0xc0, 0x3f,
    0xff, 0xe0, 0x1f, 0xff, 0xf0, 0xf, 0xff, 0xf8,
    0x7, 0xff, 0xfc, 0x3, 0xff, 0xfe, 0x1, 0xff,
    0xff, 0x0, 0xff, 0xff, 0x80, 0x7f, 0xff, 0xc0,
    0x3f, 0xff, 0xe0, 0x1f, 0xff, 0xf0, 0xf, 0xff,
    0xf8, 0x7, 0xff, 0xfc, 0x3, 0xff, 0xfe, 0x1,
    0xff, 0xff, 0x0, 0xff, 0xff, 0x80, 0x7f, 0xff,
    0xc0, 0x3f, 0xff, 0xe0, 0x1f, 0xff, 0xf0, 0xf,
    0xff, 0xf8, 0x7, 0xff, 0xfc, 0x3, 0xff, 0xfe,
    0x1, 0xff, 0xff, 0x0, 0xff, 0xff, 0x80, 0x7f,
    0xff, 0xc0, 0x3f, 0xff, 0xe0, 0x1f, 0xff, 0xf0,
    0xf, 0xff, 0xf8, 0x7, 0xff, 0xfc, 0x3, 0xff,
    0xfe, 0x1, 0xff, 0xff, 0x0, 0xff, 0xff, 0x80,
    0x7f, 0xff, 0xc0, 0x3f, 0xff, 0xe0, 0x1f, 0xff,
    0xf0, 0xf, 0xff, 0xf8, 0x7, 0xff, 0xfc, 0x3,
    0xff, 0xfe, 0x1, 0xff, 0xff, 0x0, 0xff, 0xff,
    0x80, 0x7f, 0xff, 0xc0, 0x3f, 0xff, 0xe0, 0x1f,
    0xff, 0xf0, 0xf, 0xff, 0xf8, 0x7, 0xff, 0xfc,
    0x3, 0xff, 0xfe, 0x1, 0xff, 0xff, 0x0, 0xff,
    0xff, 0x80, 0x7f, 0xff, 0xc0, 0x3f, 0xff, 0xe0,
    0x1f, 0xff, 0xf0, 0xf, 0xff, 0xf8, 0x7, 0xff,
    0xfc, 0x3, 0xff, 0xfe, 0x1, 0xff, 0xff, 0x0,
    0xff, 0xff, 0x80, 0x7f, 0xff, 0xc0, 0x3f, 0xff,
    0xe0, 0x1f, 0xff, 0xf0, 0xf, 0xff, 0xf8, 0x7,
    0xff, 0xfc, 0x3, 0xff, 0xfe, 0x1, 0xff, 0xff,
    0x0, 0xff, 0xff, 0x80, 0x7f, 0xff, 0xc0, 0x3f,
    0xff, 0xe0, 0x1f, 0xff, 0xf0, 0xf, 0xff, 0xf8,
    0x7, 0xff, 0xfc, 0x3, 0xff, 0xfe, 0x1, 0xff,
    0xff, 0x0, 0xff, 0xff, 0x80, 0x7f, 0xff, 0xc0,
    0x3f, 0xff, 0xe0, 0x1f, 0xff, 0xf0, 0xf, 0xff,
    0xf8, 0x7, 0xff, 0xfc, 0x3, 0xff, 0xfe, 0x1,
    0xff, 0xff, 0x0, 0xff, 0xff, 0x80, 0x7f, 0xff,
    0xc0, 0x3f, 0xff, 0xe0, 0x1f, 0xff, 0xf0, 0xf,
    0xff, 0xf8, 0x7, 0xff, 0xfc, 0x3, 0xff, 0xfe,
    0x1, 0xff, 0xff, 0x0, 0xff, 0xff, 0x80, 0x7f,
    0xff, 0xc0, 0x3f, 0xff, 0xe0, 0x1f, 0xff, 0xf0,
    0xf, 0xff, 0xf8, 0x7, 0xff, 0xfc, 0x3, 0xff,
    0xfe, 0x1, 0xff, 0xff, 0x0, 0xff, 0xff, 0x80,
    0x7f, 0xff, 0xc0, 0x3f, 0xff, 0xe0, 0x1f, 0xfd,
    0x77, 0x30, 0xf, 0xff, 0xf8, 0x7, 0xff, 0xfc,
    0x3, 0xff, 0xb4, 0x20, 0x1f, 0xfd, 0x91, 0x0,
    0xff, 0xed, 0x8, 0x7, 0xff, 0xfc, 0x40, 0x3f,
    0xff, 0xce, 0x1, 0xff, 0xda, 0x70, 0xf, 0xfe,
    0xcf, 0x80, 0x7f, 0xff, 0x8c, 0x40, 0x3f, 0xff,
    0xc2, 0x1, 0xff, 0xd9, 0x13, 0x0, 0xff, 0xec,
    0x88, 0x7, 0xff, 0x60, 0xc0, 0x3f, 0xff, 0xe0,
    0x60, 0x1f, 0xfd, 0x81, 0x0, 0xff, 0xec, 0x8,
    0x8, 0x7, 0xff, 0x64, 0x40, 0x3f, 0xff, 0xa6,
    0x0, 0x10, 0xf, 0xfe, 0xc3, 0x80, 0x7f, 0xf5,
    0xc4, 0x3, 0xff, 0xb2, 0xc0, 0x3, 0x0, 0xff,
    0xec, 0x8, 0x7, 0xff, 0x5c, 0xc0, 0x3f, 0xfb,
    0x22, 0x0, 0x60, 0xf, 0xfe, 0xc1, 0x80, 0x7f,
    0xf5, 0xd8, 0x3, 0xff, 0xb2, 0x60, 0x1, 0x0,
    0xff, 0xec, 0x8, 0x7, 0xff, 0x5c, 0x80, 0x3f,
    0xfb, 0x22, 0x0, 0x20, 0xf, 0xfe, 0xc9, 0x0,
    0x7f, 0xf5, 0xb8, 0x3, 0xff, 0xb3, 0xc0, 0xe,
    0x0, 0xff, 0xec, 0xb0, 0x7, 0xff, 0x58, 0x80,
    0x3f, 0xfb, 0x2a, 0x0, 0x20, 0xf, 0xfe, 0xc9,
    0x0, 0x7f, 0xf5, 0x98, 0x3, 0xff, 0xb2, 0x40,
    0x6, 0x0, 0xff, 0xec, 0xf0, 0x7, 0xff, 0x58,
    0xc0, 0x3f, 0xfb, 0x22, 0x0, 0x20, 0xf, 0xfe,
    0xc9, 0x80, 0x7f, 0xf5, 0x48, 0x3, 0xff, 0xb2,
    0x40, 0x18, 0x80, 0x3f, 0xfb, 0xa, 0x1, 0xff,
    0xd5, 0x40, 0xf, 0xfe, 0xcb, 0x0, 0x67, 0x0,
    0xff, 0xec, 0x8, 0x80, 0x3f, 0xfa, 0x9e, 0x1,
    0xff, 0xd9, 0x30, 0xd, 0xa0, 0x1f, 0xfd, 0x94,
    0x0, 0xff, 0xea, 0x20, 0x7, 0xff, 0x67, 0x40,
    0x31, 0x80, 0x7f, 0xf6, 0x70, 0x3, 0xff, 0xa6,
    0x44, 0x0, 0xff, 0xec, 0xb8, 0x6, 0x50, 0xf,
    0xfe, 0xcb, 0x80, 0x7f, 0xf4, 0xd4, 0x3, 0xff,
    0xb4, 0x40, 0x18, 0x44, 0x1, 0xff, 0xd8, 0x13,
    0x0, 0xff, 0xe9, 0x58, 0x7, 0xff, 0x64, 0xc0,
    0x3c, 0x80, 0x1f, 0xfd, 0x9a, 0x0, 0xff, 0xe8,
    0x99, 0x80, 0x3f, 0xfb, 0x28, 0x1, 0xed, 0x0,
    0xff, 0xec, 0xb8, 0x7, 0xff, 0x46, 0x80, 0x3f,
    0xfb, 0x5a, 0x1, 0xe4, 0x0, 0xff, 0xec, 0x8b,
    0x80, 0x7f, 0xf3, 0xc9, 0x80, 0x3f, 0xfb, 0x4e,
    0x1, 0xe3, 0x0, 0xff, 0xed, 0x48, 0x7, 0xff,
    0x3e, 0x0, 0x3f, 0xfb, 0x44, 0x40, 0xf, 0x90,
    0x3, 0xff, 0xb2, 0x32, 0x1, 0xff, 0xcd, 0x55,
    0x0, 0x7f, 0xf6, 0x90, 0x3, 0xf6, 0x80, 0x7f,
    0xf6, 0x99, 0x40, 0x3f, 0xf9, 0x65, 0x40, 0x1f,
    0xfd, 0xbd, 0x0, 0xfc, 0x80, 0x1f, 0xfd, 0xba,
    0x40, 0xf, 0xfe, 0x49, 0x60, 0x7, 0xff, 0x71,
    0x0, 0x3f, 0x11, 0x0, 0x3f, 0xfb, 0x76, 0xc0,
    0x1f, 0xfc, 0x74, 0xc1, 0x0, 0xff, 0xed, 0xa0,
    0x7, 0xf9, 0x40, 0x3f, 0xfb, 0x93, 0x66, 0x1,
    0xff, 0xc3, 0x2a, 0xb1, 0x0, 0xff, 0xee, 0x68,
    0x7, 0xfa, 0xc0, 0x3f, 0xfb, 0xa9, 0x9b, 0x8,
    0x20, 0x1f, 0x8d, 0xf3, 0x54, 0x3, 0xff, 0xbc,
    0xe0, 0x1f, 0xe3, 0x20, 0xf, 0xfe, 0xf1, 0x3d,
    0xf7, 0x37, 0x2e, 0xd9, 0xdf, 0x90, 0x60, 0x1f,
    0xfd, 0xf4, 0x10, 0xf, 0xfa, 0x80, 0x3f, 0xfc,
    0x42, 0x46, 0x88, 0x31, 0x0, 0xff, 0xf1, 0xf8,
    0x7, 0xff, 0x1, 0x80, 0x3f, 0xff, 0xe0, 0x1f,
    0xfc, 0xc1, 0x40, 0xf, 0xfe, 0x0, 0xa0, 0x7,
    0xff, 0xfc, 0x3, 0xff, 0x96, 0xc0, 0x1f, 0xfc,
    0x2f, 0x0, 0xff, 0xff, 0x80, 0x7f, 0xf2, 0xe8,
    0x3, 0xff, 0x84, 0x86, 0x1, 0xff, 0xff, 0x0,
    0xff, 0xe4, 0xa9, 0x0, 0x7f, 0xf0, 0xe4, 0x3,
    0xff, 0xfe, 0x1, 0xff, 0xc9, 0x80, 0xf, 0xfe,
    0x22, 0x90, 0x7, 0xff, 0xfc, 0x3, 0xff, 0x8e,
    0xa4, 0x1, 0xff, 0xc5, 0x80, 0xf, 0xff, 0xf8,
    0x7, 0xff, 0x1e, 0x0, 0x3f, 0xf8, 0xca, 0x80,
    0x1f, 0xff, 0xf0, 0xf, 0xfe, 0x2b, 0x10, 0x7,
    0xff, 0x1e, 0x40, 0x3f, 0xff, 0xe0, 0x1f, 0xfc,
    0x41, 0x80, 0xf, 0xfe, 0x41, 0x30, 0x7, 0xff,
    0xfc, 0x3, 0xff, 0x87, 0x62, 0x1, 0xff, 0xc9,
    0x92, 0x0, 0xff, 0xff, 0x80, 0x7f, 0xf0, 0x51,
    0x40, 0x3f, 0xf9, 0x7c, 0x1, 0xff, 0xff, 0x0,
    0xff, 0xe0, 0xd0, 0x7, 0xff, 0x30, 0xdc, 0x3,
    0xff, 0xfe, 0x1, 0xff, 0x48, 0x80, 0x7f, 0xf3,
    0x61, 0x0, 0x3f, 0xff, 0xe0, 0x1f, 0xcc, 0xc0,
    0xf, 0xfe, 0x7d, 0x90, 0x7, 0xff, 0xfc, 0x3,
    0xe3, 0x90, 0xf, 0xfe, 0x8f, 0x88, 0x7, 0xff,
    0xfc, 0x3, 0x8b, 0x40, 0x3f, 0xfa, 0x45, 0x82,
    0x1, 0xff, 0xff, 0x0, 0x87, 0xc4, 0x3, 0xff,
    0xa6, 0x5a, 0x20, 0x1f, 0xff, 0xf0, 0x1c, 0x20,
    0xf, 0xfe, 0xa9, 0xe0, 0x80, 0x7f, 0xff, 0x8b,
    0x8, 0x3, 0xff, 0xae, 0x5e, 0x40, 0x1f, 0xff,
    0xc3, 0xc2, 0x0, 0xff, 0xec, 0x8e, 0xa0, 0x7,
    0xff, 0xe9, 0xb0, 0x40, 0x3f, 0xfb, 0x97, 0x0,
    0x1f, 0xff, 0x8a, 0x90, 0xf, 0xfe, 0xfb, 0xe1,
    0x0, 0x7f, 0xfd, 0x13, 0x54, 0x3, 0xff, 0xc2,
    0x7b, 0x0, 0x1f, 0xff, 0x11, 0x9b, 0x20, 0xf,
    0xff, 0x23, 0xf2, 0x80, 0x7f, 0xfb, 0x9f, 0x98,
    0x3, 0xff, 0xce, 0x35, 0xaa, 0x1, 0xff, 0xea,
    0x7e, 0x80, 0xf, 0xff, 0x59, 0x56, 0xb8, 0x80,
    0x7f, 0xf9, 0xa, 0x3a, 0x4, 0x3, 0xff, 0xdc,
    0x51, 0xd4, 0x80, 0x1f, 0xfd, 0xf1, 0x6b, 0xd7,
    0x10, 0xf, 0xff, 0x9a, 0xdf, 0xd3, 0x8, 0x7,
    0xff, 0x60, 0x9a, 0xfa, 0x50, 0x3, 0xff, 0xf2,
    0xb3, 0xdc, 0xa7, 0x31, 0x0, 0xff, 0xe7, 0xa,
    0x3d, 0x76, 0xca, 0x0, 0x7f, 0xff, 0xc5, 0x63,
    0x3b, 0x99, 0x4e, 0xca, 0x64, 0x22, 0x0, 0xf0,
    0x88, 0x8d, 0x5a, 0x2b, 0x3b, 0x97, 0xa, 0x20,
    0x1f, 0xfd, 0xb0,

    /* U+0031 "1" */
    0x0, 0xff, 0xee, 0x22, 0x7f, 0xf4, 0x48, 0x3,
    0xff, 0xb6, 0xb7, 0x7f, 0xfd, 0x15, 0x0, 0xff,
    0xed, 0xc8, 0x7, 0xff, 0xe1, 0xc, 0x3, 0xff,
    0xf1, 0x0, 0x1f, 0xff, 0x84, 0x30, 0xf, 0xff,
    0xc4, 0x80, 0x7f, 0xfe, 0x1c, 0x80, 0x3f, 0xfe,
    0xe3, 0x0, 0x1f, 0xff, 0x8b, 0x0, 0xff, 0xfc,
    0x2a, 0x80, 0x3f, 0xfe, 0xe5, 0x40, 0x1f, 0xff,
    0x8e, 0x0, 0xff, 0xfc, 0x49, 0x80, 0x7f, 0xfd,
    0xdd, 0x80, 0x3f, 0xfe, 0xeb, 0x0, 0x1f, 0xff,
    0x74, 0xa0, 0xf, 0xff, 0xba, 0x58, 0x7, 0xff,
    0xdd, 0x6c, 0x3, 0xff, 0xee, 0xd4, 0x1, 0xff,
    0xf7, 0x99, 0x0, 0x7f, 0xfd, 0x87, 0x18, 0x3,
    0xff, 0xec, 0x7e, 0x60, 0x1f, 0xff, 0x68, 0xc1,
    0x0, 0xff, 0xfa, 0x9e, 0xb8, 0x7, 0xff, 0xd4,
    0xab, 0x8, 0x3, 0xff, 0xe8, 0x31, 0xaa, 0x1,
    0xff, 0xf4, 0x29, 0xe7, 0x0, 0xff, 0xfa, 0x25,
    0x6b, 0x0, 0x7f, 0xfc, 0xca, 0x3a, 0xd4, 0x3,
    0xff, 0xe4, 0x93, 0xba, 0x71, 0x0, 0xff, 0xf7,
    0x8b, 0x4e, 0x7d, 0xb1, 0x0, 0x7f, 0xfc, 0x92,
    0x58, 0xc0, 0x3f, 0xff, 0xe0, 0x1f, 0xff, 0xf0,
    0xf, 0xff, 0xf8, 0x7, 0xff, 0xfc, 0x3, 0xff,
    0xfe, 0x1, 0xff, 0xff, 0x0, 0xff, 0xff, 0x80,
    0x7f, 0xff, 0xc0, 0x3f, 0xff, 0xe0, 0x1f, 0xff,
    0xf0, 0xf, 0xff, 0xf8, 0x7, 0xff, 0xfc, 0x3,
    0xff, 0xfe, 0x1, 0xff, 0xff, 0x0, 0xff, 0xff,
    0x80, 0x7f, 0xf2, 0x4d, 0xc0, 0x3f, 0xfe, 0xe7,
    0xbe, 0x1, 0xff, 0xf6, 0x4c, 0x10, 0xf, 0xff,
    0xb3, 0xd8, 0x7, 0xff, 0xd8, 0x6e, 0x0, 0x3f,
    0xfe, 0xcf, 0xc8, 0x1, 0xff, 0xf5, 0x5d, 0x80,
    0xf, 0xff, 0xaa, 0xed, 0x10, 0x7, 0xff, 0xcc,
    0xa3, 0xa8, 0x80, 0x3f, 0xfe, 0x44, 0xf9, 0xae,
    0x20, 0x1f, 0xff, 0x2, 0x59, 0xdd, 0x41, 0x80,
    0x7f, 0xfa, 0x44, 0x44, 0x44, 0x57, 0x9c, 0xfd,
    0xa6, 0x20, 0xf, 0xff, 0x62, 0x76, 0xea, 0xea,
    0x18, 0xc0, 0x3f, 0xff, 0xe0, 0x1f, 0xff, 0xf0,
    0xf, 0xff, 0xf8, 0x7, 0xff, 0xfc, 0x3, 0xff,
    0xfe, 0x1, 0xff, 0xff, 0x0, 0xff, 0xff, 0x80,
    0x7f, 0xff, 0xc0, 0x3f, 0xff, 0xe0, 0x1f, 0xff,
    0xf0, 0xf, 0xff, 0xf8, 0x7, 0xff, 0xfc, 0x3,
    0xff, 0xfe, 0x1, 0xff, 0xff, 0x0, 0xff, 0xff,
    0x80, 0x7f, 0xff, 0xc0, 0x3f, 0xff, 0xe0, 0x1f,
    0xff, 0xf0, 0xf, 0xff, 0xf8, 0x7, 0xff, 0xfc,
    0x3, 0xff, 0xfe, 0x1, 0xff, 0xff, 0x0, 0xff,
    0xff, 0x80, 0x7f, 0xff, 0xc0, 0x3f, 0xff, 0xe0,
    0x1f, 0xff, 0xf0, 0xf, 0xff, 0xf8, 0x7, 0xff,
    0xfc, 0x3, 0xff, 0xfe, 0x1, 0xff, 0xff, 0x0,
    0xff, 0xff, 0x80, 0x7f, 0xff, 0xc0, 0x3f, 0xff,
    0xe0, 0x1f, 0xff, 0xf0, 0xf, 0xff, 0xf8, 0x7,
    0xff, 0xfc, 0x3, 0xff, 0xfe, 0x1, 0xff, 0xff,
    0x0, 0xff, 0xff, 0x80, 0x7f, 0xff, 0xc0, 0x3f,
    0xff, 0xe0, 0x1f, 0xff, 0xf0, 0xf, 0xff, 0xf8,
    0x7, 0xff, 0xfc, 0x3, 0xff, 0xfe, 0x1, 0xff,
    0xff, 0x0, 0xff, 0xff, 0x80, 0x7f, 0xff, 0xc0,
    0x3f, 0xff, 0xe0, 0x1f, 0xff, 0xf0, 0xf, 0xff,
    0xf8, 0x7, 0xff, 0xfc, 0x3, 0xff, 0xfe, 0x1,
    0xff, 0xff, 0x0, 0xff, 0xff, 0x80, 0x7f, 0xff,
    0xc0, 0x3f, 0xff, 0xe0, 0x1f, 0xff, 0xf0, 0xf,
    0xff, 0xf8, 0x7, 0xff, 0xfc, 0x3, 0xff, 0xfe,
    0x1, 0xff, 0xff, 0x0, 0xff, 0xff, 0x80, 0x7f,
    0xff, 0xc0, 0x3f, 0xff, 0xe0, 0x1f, 0xff, 0xf0,
    0xf, 0xff, 0xf8, 0x7, 0xff, 0xfc, 0x3, 0xff,
    0xfe, 0x1, 0xff, 0xff, 0x0, 0xff, 0xff, 0x80,
    0x7f, 0xff, 0xc0, 0x3f, 0xff, 0xe0, 0x1f, 0xff,
    0xf0, 0xf, 0xff, 0xf8, 0x7, 0xff, 0xfc, 0x3,
    0xff, 0xfe, 0x1, 0xff, 0xff, 0x0, 0xff, 0xff,
    0x80, 0x7f, 0xff, 0xc0, 0x3f, 0xff, 0xe0, 0x1f,
    0xff, 0xf0, 0xf, 0xff, 0xf8, 0x7, 0xff, 0xfc,
    0x3, 0xff, 0xfe, 0x1, 0xff, 0xff, 0x0, 0xff,
    0xff, 0x80, 0x7f, 0xff, 0xc0, 0x3f, 0xff, 0xe0,
    0x1f, 0xff, 0xf0, 0xf, 0xff, 0xf8, 0x7, 0xff,
    0xfc, 0x3, 0xff, 0xfe, 0x1, 0xff, 0xff, 0x0,
    0xff, 0xff, 0x80, 0x7f, 0xff, 0xc0, 0x3f, 0xff,
    0xe0, 0x1f, 0xff, 0xf0, 0xf, 0xff, 0xf8, 0x7,
    0xff, 0xfc, 0x3, 0xff, 0xfe, 0x1, 0xff, 0xff,
    0x0, 0xff, 0xff, 0x80, 0x7f, 0xff, 0xc0, 0x3f,
    0xff, 0xe0, 0x1f, 0xff, 0xf0, 0xf, 0xff, 0xf8,
    0x7, 0xff, 0xfc, 0x3, 0xff, 0xfe, 0x1, 0xff,
    0xff, 0x0, 0xff, 0xff, 0x80, 0x7f, 0xff, 0xc0,
    0x3f, 0xff, 0xe0, 0x1f, 0xff, 0xf0, 0xf, 0xff,
    0xf8, 0x7, 0xff, 0xfc, 0x3, 0xff, 0xfe, 0x1,
    0xff, 0xff, 0x0, 0xff, 0xff, 0x80, 0x7f, 0xff,
    0xc0, 0x3f, 0xff, 0xe0, 0x1f, 0xff, 0xf0, 0xf,
    0xff, 0xf8, 0x7, 0xff, 0xfc, 0x3, 0xff, 0xfe,
    0x1, 0xff, 0xff, 0x0, 0xff, 0xff, 0x80, 0x7f,
    0xff, 0xc0, 0x3f, 0xff, 0xe0, 0x1f, 0xff, 0xf0,
    0xf, 0xff, 0xf8, 0x7, 0xff, 0xfc, 0x3, 0xff,
    0xfe, 0x1, 0xff, 0xff, 0x0, 0xff, 0xff, 0x80,
    0x7f, 0xff, 0xc0, 0x3f, 0xff, 0xe0, 0x1f, 0xff,
    0xf0, 0xf, 0xff, 0xf8, 0x7, 0xff, 0xfc, 0x3,
    0xff, 0xfe, 0x1, 0xff, 0xff, 0x0, 0xff, 0xff,
    0x80, 0x7f, 0xff, 0xc0, 0x3f, 0xff, 0xe0, 0x1f,
    0xff, 0xf0, 0xf, 0xff, 0xf8, 0x7, 0xff, 0xfc,
    0x3, 0xff, 0xfe, 0x1, 0xff, 0xff, 0x0, 0xff,
    0xff, 0x80, 0x7f, 0xff, 0xc0, 0x3f, 0xff, 0xe0,
    0x1f, 0xff, 0xf0, 0xf, 0xff, 0xf8, 0x7, 0xff,
    0xfc, 0x3, 0xff, 0xfe, 0x1, 0xff, 0xff, 0x0,
    0xff, 0xff, 0x80, 0x7f, 0xff, 0xc0, 0x3f, 0xff,
    0xe0, 0x1f, 0xff, 0xf0, 0xf, 0xff, 0xf8, 0x7,
    0xff, 0xfc, 0x3, 0xff, 0xfe, 0x1, 0xff, 0xff,
    0x0, 0xff, 0xff, 0x80, 0x7f, 0xff, 0xc0, 0x3f,
    0xff, 0xe0, 0x1f, 0xff, 0xf0, 0xf, 0xff, 0xf8,
    0x7, 0xff, 0xfc, 0x3, 0xff, 0xfe, 0x1, 0xff,
    0xff, 0x0, 0xff, 0xff, 0x80, 0x7f, 0xff, 0xc0,
    0x3f, 0xff, 0xe0, 0x1f, 0xfc, 0x40,

    /* U+0032 "2" */
    0x0, 0xff, 0xee, 0x92, 0xb4, 0x4d, 0xe6, 0xf7,
    0x3f, 0xf7, 0x73, 0x72, 0xa1, 0xd0, 0x40, 0x3f,
    0xff, 0xc6, 0xf5, 0xbf, 0xb5, 0x2e, 0xc8, 0x64,
    0x22, 0x0, 0xc2, 0x22, 0x35, 0x78, 0xbe, 0xe5,
    0xb9, 0x0, 0x7f, 0xfd, 0x85, 0xaf, 0xb2, 0x14,
    0x80, 0x3f, 0xf9, 0x82, 0x91, 0xbd, 0x26, 0x1,
    0xff, 0xf1, 0x6b, 0xe9, 0x41, 0x0, 0xff, 0xea,
    0xb, 0x66, 0xb0, 0x7, 0xff, 0xb0, 0x63, 0xe5,
    0x0, 0x3f, 0xfb, 0x65, 0x3c, 0xe0, 0x1f, 0xfe,
    0x82, 0x9e, 0x70, 0xf, 0xff, 0x0, 0xc7, 0x28,
    0x7, 0xff, 0x95, 0xf5, 0x80, 0x3f, 0xfc, 0x83,
    0x56, 0x40, 0x1f, 0xfe, 0x13, 0xd8, 0x0, 0xff,
    0xf4, 0x26, 0xa8, 0x7, 0xff, 0x7d, 0xf0, 0x80,
    0x3f, 0xfd, 0x75, 0x20, 0x1f, 0xfd, 0xda, 0x80,
    0xf, 0xff, 0x73, 0x60, 0x7, 0xff, 0x68, 0x71,
    0x40, 0x3f, 0xfe, 0x7, 0x82, 0x1, 0xff, 0xd8,
    0xd3, 0x0, 0xff, 0xf9, 0x1e, 0x8, 0x7, 0xff,
    0x5b, 0xc, 0x3, 0xff, 0xe8, 0x58, 0x20, 0x1f,
    0xfd, 0x4b, 0x30, 0xf, 0xff, 0xb1, 0x68, 0x7,
    0xff, 0x4e, 0x10, 0x3, 0xff, 0xf0, 0x74, 0x1,
    0xff, 0xd1, 0x57, 0x0, 0xff, 0xfd, 0x2b, 0x80,
    0x7f, 0xf3, 0xca, 0x80, 0x3f, 0xff, 0x90, 0x80,
    0x1f, 0xfc, 0xee, 0x0, 0xff, 0xff, 0x50, 0x80,
    0x7f, 0xf3, 0x1c, 0xc0, 0x3f, 0xff, 0xc3, 0x60,
    0x1f, 0xfc, 0xb2, 0x80, 0xf, 0xff, 0xf8, 0x2a,
    0x80, 0x3f, 0xf9, 0x50, 0x1, 0xff, 0xff, 0x0,
    0xac, 0x3, 0xff, 0x92, 0x6a, 0x1, 0xff, 0xff,
    0x0, 0x86, 0x0, 0x3f, 0xf9, 0x1e, 0x1, 0xff,
    0xff, 0x0, 0xe7, 0x20, 0xf, 0xfe, 0x31, 0x98,
    0x3, 0xff, 0xfe, 0x1, 0xe8, 0x0, 0xff, 0xe3,
    0x40, 0x7, 0xff, 0xfc, 0x3, 0xe5, 0x20, 0xf,
    0xfe, 0x21, 0x20, 0x7, 0xff, 0xfc, 0x3, 0xf4,
    0x0, 0x7f, 0xf1, 0x2c, 0x3, 0xff, 0xfe, 0x1,
    0xfc, 0xa4, 0x1, 0xff, 0xc3, 0x60, 0xf, 0xff,
    0xf8, 0x7, 0xfa, 0xc0, 0x3f, 0xf8, 0x4a, 0x1,
    0xff, 0xff, 0x0, 0xff, 0x98, 0x3, 0xff, 0x85,
    0xc0, 0x1f, 0xff, 0xf0, 0xf, 0xfe, 0x3, 0x0,
    0x7f, 0xf0, 0x5, 0x0, 0x3f, 0xff, 0xe0, 0x1f,
    0xfc, 0xa, 0x0, 0xff, 0xe0, 0x20, 0x7, 0xff,
    0xfc, 0x3, 0xff, 0x82, 0x64, 0x1, 0xff, 0x78,
    0x7, 0xff, 0x7c, 0x8d, 0x8, 0x3, 0xff, 0xbc,
    0xa0, 0x1f, 0xf2, 0x0, 0x7f, 0xf7, 0x12, 0xbb,
    0x72, 0xf7, 0xf1, 0x80, 0x3f, 0xfb, 0x74, 0x1,
    0xfe, 0x31, 0x0, 0xff, 0xed, 0x1e, 0x5a, 0x88,
    0x7, 0x1c, 0xea, 0x0, 0x7f, 0xf6, 0x48, 0x80,
    0x1f, 0xc8, 0x1, 0xff, 0xda, 0x8c, 0x30, 0xf,
    0xf1, 0x5b, 0x0, 0x7f, 0xf6, 0x54, 0x3, 0xfb,
    0x0, 0x3f, 0xfb, 0x30, 0xe0, 0x1f, 0xfc, 0x29,
    0x50, 0xf, 0xfe, 0xc6, 0x0, 0x7f, 0x28, 0x7,
    0xff, 0x61, 0x5c, 0x3, 0xff, 0x89, 0x44, 0x1,
    0xff, 0xd7, 0x40, 0xf, 0xc4, 0x20, 0x1f, 0xfd,
    0x71, 0xb0, 0xf, 0xfe, 0x34, 0x0, 0x7f, 0xf6,
    0x10, 0x3, 0xe7, 0x0, 0xff, 0xec, 0x48, 0x80,
    0x7f, 0xf1, 0x94, 0xc0, 0x3f, 0xfa, 0xf8, 0x1,
    0xf6, 0x80, 0x7f, 0xf5, 0xc5, 0xc0, 0x3f, 0xf9,
    0x12, 0x1, 0xff, 0xd7, 0x40, 0xf, 0x8c, 0x3,
    0xff, 0xae, 0xe0, 0x1f, 0xfc, 0x95, 0x0, 0xff,
    0xeb, 0x98, 0x7, 0xca, 0x1, 0xff, 0xd7, 0xa0,
    0xf, 0xfe, 0x52, 0x80, 0x7f, 0xf5, 0xcc, 0x3,
    0x84, 0x40, 0x1f, 0xfd, 0x62, 0x30, 0xf, 0xfe,
    0x57, 0x80, 0x7f, 0xf5, 0xd0, 0x3, 0x88, 0x3,
    0xff, 0xae, 0x80, 0x1f, 0xfc, 0xb4, 0x0, 0xff,
    0xeb, 0xe8, 0x7, 0x28, 0x7, 0xff, 0x5f, 0x40,
    0x3f, 0xf9, 0x62, 0x40, 0x1f, 0xfd, 0x67, 0x0,
    0xee, 0x0, 0xff, 0xeb, 0xa0, 0x7, 0xff, 0x31,
    0x0, 0x3f, 0xfa, 0xc4, 0x1, 0xc4, 0x1, 0xff,
    0xd6, 0x20, 0xf, 0xfe, 0x6f, 0x80, 0x7f, 0xf5,
    0xcc, 0x3, 0x30, 0x7, 0xff, 0x59, 0xc0, 0x3f,
    0xf9, 0xaa, 0x1, 0xff, 0xd7, 0x60, 0xc, 0x60,
    0x1f, 0xfd, 0x6d, 0x0, 0xff, 0xe6, 0x90, 0x7,
    0xff, 0x5f, 0x40, 0x21, 0x0, 0xff, 0xeb, 0x98,
    0x7, 0xff, 0x34, 0x40, 0x3f, 0xfa, 0xe4, 0x1,
    0x10, 0x7, 0xff, 0x5d, 0x80, 0x3f, 0xf9, 0xc4,
    0x1, 0xff, 0xd6, 0x60, 0x9, 0xc0, 0x3f, 0xfa,
    0xe4, 0x1, 0xff, 0xce, 0x60, 0xf, 0xfe, 0xb1,
    0x0, 0x44, 0x1, 0xff, 0xd6, 0x10, 0xf, 0xfe,
    0x79, 0x0, 0x7f, 0xf5, 0x84, 0x2, 0xe0, 0xf,
    0xfe, 0xb1, 0x80, 0x7f, 0xf3, 0xc4, 0x3, 0xff,
    0xae, 0x40, 0x2, 0x0, 0xff, 0xeb, 0x30, 0x7,
    0xff, 0x3f, 0x80, 0x3f, 0xfa, 0xec, 0x0, 0x10,
    0xf, 0xfe, 0xb0, 0x80, 0x7f, 0xf3, 0xcc, 0x3,
    0xff, 0xae, 0x20, 0x6, 0x0, 0xff, 0xeb, 0x18,
    0x7, 0xff, 0x3c, 0x40, 0x3f, 0xfa, 0xe6, 0x0,
    0x30, 0xf, 0xfe, 0xb0, 0x80, 0x7f, 0xf3, 0xdc,
    0x3, 0xff, 0xaf, 0xc0, 0x1, 0x0, 0xff, 0xeb,
    0x78, 0x7, 0xff, 0xcc, 0x40, 0x40, 0x3f, 0xfa,
    0xe2, 0x1, 0xff, 0xcf, 0x10, 0xf, 0xfe, 0xb9,
    0x81, 0x80, 0x7f, 0xf5, 0xcc, 0x3, 0xff, 0xe6,
    0x20, 0x20, 0x1f, 0xff, 0x33, 0x0, 0xff, 0xeb,
    0xb8, 0x38, 0x7, 0xff, 0x5c, 0x40, 0x3f, 0xfe,
    0xa2, 0x1, 0xff, 0xf3, 0x10, 0xf, 0xfe, 0xb8,
    0x81, 0x0, 0x7f, 0xff, 0xc0, 0x3f, 0xf9, 0xde,
    0x1, 0xff, 0xd7, 0x70, 0xf, 0xff, 0x99, 0x80,
    0x7f, 0xff, 0xc0, 0x3f, 0xfa, 0x2, 0x1, 0xff,
    0xff, 0x0, 0xff, 0xe7, 0x18, 0x7, 0xff, 0xfc,
    0x3, 0xff, 0x9c, 0x20, 0x1f, 0xff, 0x31, 0x0,
    0xff, 0xff, 0x80, 0x7f, 0xfc, 0x8c, 0x1c, 0x3,
    0xff, 0xfe, 0x1, 0xff, 0xce, 0x10, 0xf, 0xff,
    0x99, 0x80, 0x7f, 0xff, 0xc0, 0x3f, 0xfe, 0x42,
    0x6, 0x1, 0xff, 0xf3, 0x10, 0xf, 0xfe, 0xbb,
    0x80, 0x7f, 0xfd, 0x5c, 0x3, 0xff, 0xae, 0x20,
    0x1f, 0xff, 0x51, 0x0, 0xff, 0xeb, 0x98, 0x8,
    0x7, 0xff, 0xcc, 0xc0, 0x3f, 0xfa, 0xe2, 0x1,
    0xff, 0xf5, 0x10, 0xf, 0xfe, 0xbf, 0x80, 0x7f,
    0xfd, 0x7c, 0x3, 0xff, 0xae, 0x40, 0x1f, 0xff,
    0x52, 0x0, 0xff, 0xeb, 0x88, 0x7, 0xff, 0xd4,
    0x40, 0x3f, 0xfa, 0xec, 0x1, 0xff, 0xf5, 0x60,
    0xf, 0xfe, 0xb9, 0x0, 0x7f, 0xfd, 0x48, 0x3,
    0xff, 0xac, 0x20, 0x1f, 0xff, 0x51, 0x0, 0xff,
    0xeb, 0x90, 0x7, 0xff, 0xd4, 0x80, 0x3f, 0xfa,
    0xea, 0x1, 0xff, 0xf5, 0x60, 0xf, 0xfe, 0xbf,
    0x80, 0x7f, 0xfd, 0x74, 0x3, 0xff, 0xae, 0x40,
    0x1f, 0xff, 0x52, 0x0, 0xff, 0xeb, 0xa8, 0x7,
    0xff, 0xd5, 0xc0, 0x3f, 0xfa, 0xc2, 0x20, 0xf,
    0xff, 0xa9, 0x0, 0x7f, 0xf5, 0x94, 0x3, 0xff,
    0xea, 0x60, 0x1f, 0xfd, 0x7c, 0x0, 0xff, 0xfa,
    0xa8, 0x7, 0xff, 0x5c, 0xc0, 0x3f, 0xfe, 0xb8,
    0x1, 0xff, 0xd7, 0x40, 0xf, 0xff, 0xaa, 0x0,
    0x7f, 0xf5, 0x88, 0x3, 0xff, 0xea, 0x42, 0x1,
    0xff, 0xd6, 0x50, 0xf, 0xff, 0xaa, 0x80, 0x7f,
    0xf5, 0xf0, 0x3, 0xff, 0xeb, 0x60, 0x1f, 0xfd,
    0x74, 0x0, 0xff, 0xfa, 0x9, 0x80, 0x7f, 0xf5,
    0x8c, 0x3, 0xff, 0xea, 0x80, 0x1f, 0xfd, 0x7b,
    0x0, 0xec, 0xcf, 0xfe, 0xc1, 0x80, 0x7f, 0xf2,
    0xfc, 0x3, 0xff, 0xae, 0xa0, 0x1c, 0x67, 0xff,
    0xd8, 0x0, 0xff, 0xe5, 0x8a, 0x80, 0x7f, 0xf5,
    0x88, 0x80, 0x1f, 0xff, 0x46, 0x0, 0xff, 0xeb,
    0xa8, 0x7, 0xff, 0xd6, 0x80, 0x3f, 0xfa, 0xf6,
    0x1, 0xff, 0xf4, 0x32, 0x0, 0xff, 0xeb, 0x9,
    0x80, 0x7f, 0xfd, 0x24, 0x3, 0xff, 0xae, 0xc0,
    0x1f, 0xff, 0x42, 0x50, 0xf, 0xfe, 0xbd, 0x0,
    0x7f, 0xfd, 0x20, 0x3, 0xff, 0xae, 0x64, 0x1,
    0xff, 0xf3, 0x25, 0x0, 0xff, 0xeb, 0xd0, 0x7,
    0xff, 0xd2, 0xc0, 0x3f, 0xfb, 0xe, 0x1, 0xff,
    0xf3, 0x26, 0x0, 0xff, 0xeb, 0xa8, 0x80, 0x7f,
    0xfc, 0xe4, 0x3, 0xff, 0xb1, 0x20, 0x1f, 0xff,
    0x34, 0x40, 0x7, 0xff, 0x5c, 0xcc, 0x1, 0xff,
    0xf3, 0x80, 0xf, 0xfe, 0xc4, 0x80, 0x7f, 0xfc,
    0xd8, 0xc0, 0x3f, 0xfa, 0xe2, 0xa0, 0x1f, 0xff,
    0x21, 0x80, 0xf, 0xfe, 0xc4, 0x80, 0x7f, 0xfc,
    0xe0, 0x40, 0x3f, 0xfb, 0xe, 0x1, 0xff, 0xf2,
    0x36, 0x0, 0xff, 0xec, 0x38, 0x7, 0xff, 0xcf,
    0xc0, 0x3f, 0xfb, 0x32, 0x1, 0xff, 0xf2, 0x63,
    0x0, 0xff, 0xec, 0x38, 0x80, 0x7f, 0xfc, 0x46,
    0x0, 0x3f, 0xfb, 0x32, 0x1, 0xff, 0xf2, 0x81,
    0x0, 0xff, 0xec, 0x38, 0x80, 0x7f, 0xfc, 0x4d,
    0x80, 0x3f, 0xfb, 0x32, 0x1, 0xff, 0xf2, 0xf0,
    0xf, 0xfe, 0xcc, 0x8, 0x7, 0xff, 0xc5, 0x8c,
    0x3, 0xff, 0xb0, 0x2e, 0x1, 0xff, 0xf1, 0x18,
    0x0, 0xff, 0xec, 0xc0, 0x7, 0xff, 0xca, 0xc4,
    0x3, 0xff, 0xb0, 0x4c, 0x1, 0xff, 0xf1, 0x35,
    0x0, 0xff, 0xec, 0xc8, 0x7, 0xff, 0xcb, 0x80,
    0x3f, 0xfb, 0x28, 0x80, 0xf, 0xff, 0x8b, 0x10,
    0x7, 0xff, 0x66, 0x40, 0x3f, 0xfe, 0x23, 0x20,
    0x1f, 0xfd, 0x96, 0x20, 0xf, 0xff, 0x8d, 0x80,
    0x7f, 0xf6, 0xa0, 0x3, 0xff, 0xe2, 0x6a, 0x1,
    0xff, 0xd9, 0x81, 0x0, 0xff, 0xf8, 0xf0, 0x7,
    0xff, 0x64, 0x9c, 0x3, 0xff, 0xe2, 0xe4, 0x1,
    0xff, 0xd9, 0x80, 0xf, 0xff, 0x88, 0xc0, 0x7,
    0xff, 0x64, 0xd4, 0x3, 0xff, 0xe3, 0x60, 0x1f,
    0xfd, 0xaf, 0x0, 0xff, 0xf8, 0xa2, 0x80, 0x7f,
    0xf6, 0x54, 0xc0, 0x3f, 0xfe, 0x32, 0x1, 0xff,
    0xda, 0xb0, 0xf, 0xff, 0x8b, 0x90, 0x7, 0xff,
    0x65, 0xc4, 0x3, 0xff, 0xe0, 0x30, 0x1, 0xff,
    0xd9, 0x18, 0x0, 0xff, 0xf8, 0xd8, 0x7, 0xff,
    0x6a, 0x0, 0x3f, 0xfe, 0x28, 0xa0, 0x1f, 0xfd,
    0x92, 0x60, 0xf, 0xff, 0x8c, 0x80, 0x7f, 0xf6,
    0xa4, 0x3, 0xff, 0xe2, 0xe4, 0x1, 0xff, 0xd9,
    0x44, 0x0, 0x7f, 0xfc, 0x6, 0x0, 0x3f, 0xfb,
    0x52, 0x1, 0xff, 0xf1, 0xb0, 0xf, 0xfe, 0xd3,
    0x10, 0x7, 0xff, 0xc1, 0x14, 0x3, 0xff, 0xb5,
    0x0, 0x1f, 0xff, 0x19, 0x0, 0xff, 0xed, 0x40,
    0x80, 0x7f, 0xfc, 0x1c, 0x80, 0x3f, 0xfb, 0x24,
    0xe0, 0x1f, 0xff, 0x1, 0x80, 0xf, 0xfe, 0xd4,
    0x0, 0x7f, 0xfc, 0x68, 0x3, 0xff, 0xb4, 0x6a,
    0x1, 0xff, 0xf0, 0x44, 0x0, 0x7f, 0xf6, 0xbc,
    0x3, 0xff, 0xe3, 0x20, 0x1f, 0xfd, 0xa5, 0x30,
    0xf, 0xff, 0x83, 0x90, 0x7, 0xff, 0x6a, 0xc0,
    0x3f, 0xfe, 0x3, 0x0, 0x1f, 0xfd, 0xa7, 0x10,
    0xf, 0xff, 0x85, 0x80, 0x7f, 0xf6, 0x86, 0x0,
    0x3f, 0xfe, 0x6, 0xa0, 0x1f, 0xfd, 0xa8, 0x0,
    0xff, 0xf8, 0xf0, 0x7, 0xff, 0x68, 0x98, 0x3,
    0xff, 0xe0, 0xc4, 0x1, 0xff, 0xda, 0x90, 0xf,
    0xff, 0x80, 0xc0, 0x7, 0xff, 0x69, 0x10, 0x1,
    0xff, 0xf0, 0x81, 0x0, 0xff, 0xed, 0x48, 0x7,
    0xff, 0xc0, 0x98, 0x3, 0xff, 0xb4, 0xc4, 0x1,
    0xff, 0xf0, 0x90, 0xf, 0xfe, 0xdc, 0x0, 0x7f,
    0xfc, 0xd, 0x0, 0x3f, 0xfb, 0x50, 0x20, 0x1f,
    0xff, 0xf, 0x0, 0xff, 0xed, 0x13, 0x80, 0x7f,
    0xfc, 0x14, 0xc0, 0x3f, 0xfb, 0x50, 0x1, 0xff,
    0xf1, 0x80, 0xf, 0xfe, 0xd1, 0xa8, 0x7, 0xff,
    0xc1, 0x88, 0x3, 0xff, 0xb5, 0xe0, 0x1f, 0xff,
    0x18, 0x0, 0xff, 0xed, 0x21, 0x80, 0x7f, 0xfc,
    0x1c, 0x40, 0x3f, 0xfb, 0x52, 0x1, 0xff, 0xf1,
    0x90, 0xf, 0xfe, 0xd3, 0x10, 0x7, 0xff, 0xc1,
    0xc4, 0x3, 0xff, 0xb5, 0x0, 0x1f, 0xff, 0x19,
    0x0, 0xff, 0xed, 0x38, 0x80, 0x7f, 0xfc, 0x1c,
    0x40, 0x3f, 0xfb, 0x23, 0x0, 0x1f, 0xff, 0x19,
    0x0, 0xff, 0xed, 0x40, 0x7, 0xff, 0xc5, 0xc4,
    0x3, 0xff, 0xb2, 0x4c, 0x1, 0xff, 0xf1, 0x90,
    0xf, 0xfe, 0xd4, 0x0, 0x7f, 0xfc, 0x58, 0x40,
    0x3f, 0xfb, 0x24, 0xa0, 0x1f, 0xff, 0x1b, 0x0,
    0xff, 0xed, 0x48, 0x7, 0xff, 0xc5, 0x48, 0x3,
    0xff, 0xb2, 0x68, 0x1, 0xff, 0xf1, 0x90, 0xf,
    0xfe, 0xd7, 0x80, 0x7f, 0xfc, 0x50, 0xc0, 0x3f,
    0xfb, 0x28, 0x60, 0x1f, 0xff, 0x1f, 0x0, 0xff,
    0xed, 0x48, 0x7, 0xff, 0xc4, 0x90, 0x3, 0xff,
    0xb2, 0xa4, 0x1, 0xff, 0xf1, 0xa0, 0xf, 0xfe,
    0xd4, 0x80, 0x7f, 0xfc, 0x98, 0x3, 0xff, 0xb2,
    0x86, 0x1, 0xff, 0xf1, 0x61, 0x0, 0xff, 0xec,
    0xc0, 0x7, 0xff, 0xca, 0x80, 0x3f, 0xfb, 0x28,
    0x60, 0x1f, 0xff, 0x13, 0x30, 0x7, 0xff, 0x66,
    0x0, 0x3f, 0xfe, 0x54, 0x1, 0xff, 0xd9, 0x43,
    0x0, 0xff, 0xf9, 0x38, 0x7, 0xff, 0x66, 0x0,
    0x3f, 0xfe, 0x4a, 0x20, 0x1f, 0xfd, 0x83, 0x30,
    0x7, 0xff, 0xcb, 0xc0, 0x3f, 0xfb, 0x32, 0x1,
    0xff, 0xf2, 0x15, 0x0, 0xff, 0xec, 0xa, 0x80,
    0x7f, 0xfc, 0x9c, 0x3, 0xff, 0xb3, 0x20, 0x1f,
    0xff, 0x3a, 0x0, 0xff, 0xec, 0xb0, 0x7, 0xff,
    0xc8, 0x4c, 0x3, 0xff, 0xb0, 0xa2, 0x1, 0xff,
    0xf2, 0x70, 0xf, 0xfe, 0xcc, 0x80, 0x7f, 0xfc,
    0xf0, 0x3, 0xff, 0xb0, 0x66, 0x0, 0xff, 0xf9,
    0xa8, 0x7, 0xff, 0x62, 0x40, 0x3f, 0xfe, 0x68,
    0x1, 0xff, 0xd8, 0x15, 0x0, 0xff, 0xf9, 0xe8,
    0x7, 0xff, 0x61, 0x80, 0x3f, 0xfe, 0x8e, 0x1,
    0xff, 0xd8, 0xa0, 0xf, 0xff, 0x99, 0x8, 0x7,
    0xff, 0x5c, 0xc8, 0x3, 0xff, 0xe6, 0x80, 0x1f,
    0xfd, 0x8a, 0x0, 0xff, 0xfa, 0x60, 0x7, 0xff,
    0x61, 0xc0, 0x3f, 0xfe, 0x88, 0x1, 0xff, 0xd7,
    0x41, 0x0, 0xff, 0xf9, 0x90, 0x80, 0x7f, 0xf5,
    0xf4, 0x3, 0xff, 0xe8, 0x80, 0x1f, 0xfd, 0x87,
    0x0, 0xff, 0xfa, 0x78, 0x7, 0xff, 0x5d, 0x4,
    0x3, 0xff, 0xe8, 0xa0, 0x1f, 0xfd, 0x7d, 0x0,
    0xff, 0xfa, 0x98, 0x7, 0xff, 0x5d, 0x0, 0x3f,
    0xfe, 0x84, 0x1, 0xff, 0xd7, 0x22, 0x0, 0x7f,
    0xfd, 0x10, 0x3, 0xff, 0xae, 0xa0, 0x1f, 0xff,
    0x5f, 0x0, 0xff, 0xeb, 0xd8, 0x7, 0xff, 0xd4,
    0x80, 0x3f, 0xfa, 0xe6, 0x1, 0xff, 0xf5, 0x50,
    0xf, 0xfe, 0xb2, 0x0, 0x7f, 0xfd, 0x84, 0x3,
    0xff, 0xad, 0x80, 0x1f, 0xff, 0x52, 0x0, 0xff,
    0xeb, 0xa0, 0x7, 0xff, 0xd5, 0x80, 0x3f, 0xfa,
    0xe6, 0x1, 0xff, 0xf5, 0x20, 0xf, 0xfe, 0xbe,
    0x67, 0xff, 0xb4, 0xc0, 0x3f, 0x78, 0x7, 0xff,
    0x5c, 0xcf, 0xff, 0xda, 0xe0, 0x1f, 0x8c, 0x3,
    0xff, 0xfe, 0x1, 0xff, 0xce, 0x60, 0xf, 0xff,
    0xf8, 0x7, 0xff, 0x38, 0x40, 0x3f, 0xff, 0xe0,
    0x1f, 0xfc, 0xe3, 0x0, 0xff, 0xff, 0x80, 0x7f,
    0xf3, 0x84, 0x3, 0xff, 0xfe, 0x1, 0xff, 0xcd,
    0x10, 0xf, 0xff, 0xf8, 0x7, 0xff, 0x38, 0xc0,
    0x3f, 0xff, 0xe0, 0x1f, 0xfc, 0xe1, 0x0, 0xff,
    0xff, 0x80, 0x7f, 0xff, 0xc0, 0x3f, 0xff, 0xe0,
    0x1f, 0xff, 0xf0, 0xe, 0x70, 0xf, 0xff, 0xf8,
    0x7, 0xff, 0xfc, 0x3, 0xff, 0xd2, 0x20, 0x1f,
    0xff, 0xf0, 0xf, 0xff, 0xf8, 0x7, 0xff, 0xfc,
    0x3, 0xff, 0xfe, 0x1, 0xff, 0xff, 0x0, 0xff,
    0xff, 0x80, 0x7f, 0xff, 0xc0, 0x3f, 0xff, 0xe0,
    0x1f, 0xff, 0xf0, 0xf, 0xff, 0xf8, 0x7, 0xff,
    0xfc, 0x3, 0xff, 0xfe, 0x1, 0xff, 0xff, 0x0,
    0xff, 0xff, 0x80, 0x7f, 0xff, 0xc0, 0x3f, 0xff,
    0xe0, 0x1f, 0xff, 0xf0, 0xf, 0xff, 0xf8, 0x7,
    0xff, 0xfc, 0x3, 0xff, 0xfe, 0x1, 0xff, 0xff,
    0x0, 0xff, 0xf4, 0x80,

    /* U+0033 "3" */
    0x0, 0xff, 0xee, 0x92, 0x34, 0x55, 0xe6, 0xf7,
    0xff, 0xdd, 0xb9, 0x75, 0xe, 0xa4, 0x1, 0xff,
    0xff, 0x0, 0xc6, 0xf5, 0xbf, 0xb7, 0x2e, 0xa8,
    0x64, 0x20, 0x1f, 0x9, 0x1a, 0x2b, 0xc5, 0x6f,
    0xed, 0x39, 0x80, 0x7f, 0xfe, 0x89, 0xf3, 0xf2,
    0x14, 0x80, 0x3f, 0xf9, 0xe4, 0xb1, 0x9f, 0x8e,
    0x40, 0x1f, 0xff, 0x32, 0x8d, 0xd4, 0x18, 0x7,
    0xff, 0x64, 0xe3, 0x75, 0x4, 0x1, 0xff, 0xee,
    0x5c, 0xd7, 0x20, 0xf, 0xfe, 0xf9, 0x3e, 0xe2,
    0x80, 0x7f, 0xfa, 0x9b, 0x68, 0xc0, 0x3f, 0xfc,
    0xa7, 0x5c, 0xc0, 0x1f, 0xfe, 0x64, 0xd9, 0x20,
    0xf, 0xff, 0x48, 0xcf, 0x30, 0x7, 0xff, 0x88,
    0x6e, 0xc4, 0x1, 0xff, 0xed, 0x19, 0xc3, 0x0,
    0xff, 0xef, 0xaf, 0x20, 0x7, 0xff, 0xc4, 0xf2,
    0x0, 0x3f, 0xfb, 0xb3, 0x40, 0x1f, 0xff, 0x57,
    0xd2, 0x0, 0xff, 0xec, 0x8e, 0x30, 0x7, 0xff,
    0xdc, 0xb1, 0x0, 0x3f, 0xfa, 0xe3, 0x86, 0x1,
    0xff, 0xf9, 0x1b, 0x60, 0xf, 0xfe, 0xa8, 0xf9,
    0x0, 0x7f, 0xff, 0x26, 0x0, 0x3f, 0xfa, 0x63,
    0x82, 0x1, 0xff, 0xfe, 0x78, 0x0, 0xff, 0xe9,
    0x69, 0x0, 0x7f, 0xff, 0xc1, 0xdc, 0x1, 0xff,
    0xd0, 0x93, 0x0, 0xff, 0xff, 0x80, 0x50, 0xa0,
    0x1f, 0xfc, 0xe5, 0x60, 0xf, 0xff, 0xf8, 0x7,
    0x51, 0x80, 0x7f, 0xf3, 0x6, 0xc0, 0x3f, 0xff,
    0xe0, 0x1f, 0x68, 0x80, 0x7f, 0xf2, 0xec, 0x40,
    0x3f, 0xff, 0xe0, 0x1f, 0xd, 0x0, 0x7f, 0xf2,
    0x91, 0x40, 0x3f, 0xff, 0xe0, 0x1f, 0xc8, 0xc0,
    0x1f, 0xfc, 0x99, 0x0, 0xff, 0xff, 0x80, 0x7f,
    0xd2, 0x20, 0x1f, 0xfc, 0x76, 0x20, 0xf, 0xff,
    0xf8, 0x7, 0xff, 0x2, 0xc0, 0x3f, 0xf8, 0xf0,
    0x1, 0xff, 0xff, 0x0, 0xff, 0xe0, 0xa9, 0x80,
    0x7f, 0xf1, 0x58, 0x40, 0x3f, 0xff, 0xe0, 0x1f,
    0xfc, 0x2f, 0x0, 0xff, 0xe2, 0xd8, 0x7, 0xff,
    0xfc, 0x3, 0xff, 0x86, 0x6a, 0x1, 0xff, 0xc3,
    0x42, 0x0, 0xff, 0xff, 0x80, 0x7f, 0xf1, 0x20,
    0x3, 0xff, 0x87, 0xe0, 0x1f, 0xff, 0xf0, 0xf,
    0xfe, 0x29, 0x20, 0x7, 0xff, 0x4, 0x50, 0x3,
    0xff, 0xfe, 0x1, 0xff, 0xc6, 0xf0, 0xf, 0xfe,
    0xb, 0x0, 0x7f, 0xff, 0xc0, 0x3f, 0xf8, 0xe8,
    0x40, 0x1f, 0xfc, 0xa, 0x0, 0xff, 0xff, 0x80,
    0x7f, 0xf2, 0x2c, 0x3, 0xfe, 0x22, 0x0, 0x7f,
    0xff, 0xc0, 0x3f, 0xf9, 0xe, 0x1, 0xff, 0x28,
    0x7, 0xff, 0xfc, 0x3, 0xff, 0x92, 0x2a, 0x1,
    0xfe, 0xb0, 0xf, 0xff, 0x11, 0x1a, 0x19, 0x0,
    0x7f, 0xf8, 0xbc, 0x3, 0xf8, 0x4c, 0x3, 0xff,
    0xbc, 0x93, 0xbf, 0xb9, 0x79, 0xbf, 0x92, 0x60,
    0x1f, 0xfd, 0xe5, 0x0, 0xfe, 0x40, 0xf, 0xfe,
    0xeb, 0x6d, 0xb1, 0x0, 0x7c, 0x6d, 0x98, 0x40,
    0xf, 0xfe, 0xea, 0x80, 0x7e, 0xc0, 0xf, 0xfe,
    0xd8, 0xdc, 0x90, 0x7, 0xff, 0x4, 0xee, 0x80,
    0x3f, 0xfb, 0x98, 0x1, 0xf9, 0x0, 0x3f, 0xfb,
    0x43, 0x88, 0x1, 0xff, 0xc5, 0x5d, 0x10, 0xf,
    0xfe, 0xd3, 0x80, 0x7c, 0x24, 0x1, 0xff, 0xda,
    0xd2, 0x0, 0xff, 0xe3, 0x96, 0x80, 0x7f, 0xf6,
    0x84, 0x80, 0x3c, 0x80, 0x1f, 0xfd, 0xa8, 0x30,
    0xf, 0xfe, 0x49, 0xc0, 0x7, 0xff, 0x69, 0x0,
    0x3d, 0xa0, 0x1f, 0xfd, 0x92, 0x70, 0xf, 0xfe,
    0x5b, 0x98, 0x7, 0xff, 0x67, 0x0, 0x3c, 0x60,
    0x1f, 0xfd, 0x99, 0x0, 0xff, 0xe6, 0xc0, 0x7,
    0xff, 0x65, 0x0, 0x3c, 0xa0, 0x1f, 0xfd, 0x81,
    0x40, 0xf, 0xfe, 0x6a, 0x10, 0x7, 0xff, 0x60,
    0x44, 0x1, 0x84, 0x40, 0x1f, 0xfd, 0x89, 0x0,
    0xff, 0xe7, 0xd8, 0x7, 0xff, 0x65, 0x40, 0x31,
    0x0, 0x7f, 0xf6, 0x54, 0x3, 0xff, 0x9e, 0xe0,
    0x1f, 0xfd, 0x93, 0x0, 0xca, 0x1, 0xff, 0xd8,
    0x12, 0x0, 0xff, 0xe7, 0x8a, 0x0, 0x7f, 0xf6,
    0x34, 0x3, 0x70, 0x7, 0xff, 0x61, 0xc0, 0x3f,
    0xfa, 0x3a, 0x1, 0xff, 0xd8, 0x70, 0xc, 0x60,
    0x1f, 0xfd, 0x8c, 0x0, 0xff, 0xe8, 0xa0, 0x7,
    0xff, 0x60, 0x80, 0x33, 0x80, 0x7f, 0xf6, 0x1c,
    0x3, 0xff, 0xa2, 0x42, 0x1, 0xff, 0xd8, 0x20,
    0x8, 0x80, 0x3f, 0xfb, 0x4, 0x1, 0xff, 0xd2,
    0x50, 0xf, 0xfe, 0xc3, 0x0, 0x42, 0x1, 0xff,
    0xd7, 0x20, 0xf, 0xfe, 0x99, 0x80, 0x7f, 0xf6,
    0x8, 0x0, 0x40, 0x1f, 0xfd, 0x87, 0x0, 0xff,
    0xe9, 0xf0, 0x7, 0xff, 0x63, 0x80, 0x2, 0x1,
    0xff, 0xd8, 0x20, 0xf, 0xfe, 0x99, 0x0, 0x7f,
    0xf6, 0x8, 0x0, 0xc0, 0x1f, 0xfd, 0x8f, 0x0,
    0xff, 0xe9, 0xb0, 0x7, 0xff, 0x60, 0x40, 0x6,
    0x1, 0xff, 0xd8, 0x20, 0xf, 0xfe, 0x99, 0x0,
    0x7f, 0xf6, 0x18, 0x0, 0x20, 0x1f, 0xfd, 0x81,
    0x0, 0xff, 0xea, 0x8, 0x7, 0xff, 0x5c, 0xc0,
    0x1e, 0x1, 0xff, 0xd8, 0x60, 0xf, 0xfe, 0xa1,
    0x80, 0x7f, 0xf5, 0xc4, 0x0, 0x20, 0x1f, 0xfd,
    0x83, 0x0, 0xff, 0xea, 0x8, 0x7, 0xff, 0x68,
    0xc0, 0x3f, 0xfb, 0x2, 0x1, 0xff, 0xd4, 0x70,
    0xf, 0xfe, 0xc0, 0x80, 0x80, 0x7f, 0xfe, 0x44,
    0x3, 0xff, 0xb0, 0x60, 0x1f, 0xff, 0xb3, 0x0,
    0xff, 0xec, 0x8, 0x38, 0x7, 0xff, 0x5c, 0x40,
    0x3f, 0xff, 0xe0, 0x1f, 0xff, 0x71, 0x0, 0xff,
    0xec, 0x38, 0x7, 0xff, 0x64, 0xc0, 0x3f, 0xff,
    0x82, 0x1, 0xff, 0xf9, 0xf0, 0xf, 0xff, 0xf8,
    0x7, 0xff, 0xe8, 0x40, 0x3f, 0xff, 0xe0, 0x1f,
    0xff, 0xf0, 0xf, 0xff, 0xf8, 0x7, 0xff, 0xfc,
    0x3, 0xff, 0x9c, 0x20, 0x1f, 0xff, 0xf0, 0xf,
    0xff, 0xf8, 0x7, 0xff, 0x4b, 0xc0, 0x3f, 0xff,
    0xe0, 0x1f, 0xff, 0xa7, 0x0, 0xff, 0xfd, 0x88,
    0x7, 0xff, 0xfc, 0x3, 0xff, 0xf4, 0x21, 0x4e,
    0xff, 0xfd, 0x7a, 0x0, 0xff, 0xea, 0x98, 0x7,
    0xff, 0x60, 0xc1, 0xe2, 0x3f, 0xfa, 0xee, 0x1,
    0xff, 0xd5, 0x10, 0xf, 0xfe, 0xc0, 0x80, 0x7f,
    0xff, 0xc0, 0x3f, 0xfa, 0x82, 0x1, 0xff, 0xfc,
    0x60, 0xf, 0xfe, 0xb9, 0x80, 0x7f, 0xff, 0xc,
    0x3, 0xff, 0xae, 0xc0, 0x1f, 0xff, 0xc1, 0x0,
    0xff, 0xeb, 0x90, 0x7, 0xff, 0xfc, 0x3, 0xff,
    0xaa, 0x20, 0x1f, 0xff, 0xb2, 0x0, 0xff, 0xec,
    0x68, 0x7, 0xff, 0xed, 0x80, 0x3f, 0xfb, 0xc,
    0x1, 0xff, 0xfb, 0x20, 0xf, 0xfe, 0xc1, 0x0,
    0x7f, 0xfe, 0xf8, 0x3, 0xff, 0xae, 0x22, 0x0,
    0xff, 0xfd, 0x90, 0x7, 0xff, 0x5d, 0x40, 0x3f,
    0xff, 0x8e, 0x1, 0xff, 0xd7, 0x30, 0xf, 0xff,
    0xe1, 0x0, 0x7f, 0xf5, 0xf4, 0x3, 0xff, 0xf6,
    0x60, 0x1f, 0xfd, 0x84, 0x0, 0xff, 0xfd, 0xa8,
    0x7, 0xff, 0x5c, 0x44, 0x1, 0xff, 0xfb, 0xc0,
    0xf, 0xfe, 0xba, 0x0, 0x7f, 0xff, 0x10, 0x3,
    0xff, 0xaf, 0xe0, 0x1f, 0xff, 0xb2, 0x10, 0xf,
    0xfe, 0xba, 0x0, 0x7f, 0xfe, 0xe8, 0x3, 0xff,
    0xae, 0x42, 0x1, 0xff, 0xfb, 0x50, 0xf, 0xfe,
    0xba, 0x80, 0x7f, 0xfe, 0xd0, 0x80, 0x3f, 0xfa,
    0xf4, 0x1, 0xff, 0xfb, 0xf0, 0xf, 0xfe, 0xb9,
    0x10, 0x3, 0xff, 0xf4, 0x68, 0x1, 0xff, 0xd7,
    0x50, 0xf, 0xff, 0xdf, 0x80, 0x7f, 0xf6, 0x24,
    0x3, 0xff, 0xf4, 0xc6, 0x1, 0xff, 0xd7, 0x41,
    0x0, 0xff, 0xfc, 0x9c, 0x80, 0x7f, 0xf6, 0x38,
    0x3, 0xff, 0xf2, 0x5a, 0x1, 0xff, 0xd8, 0x25,
    0x0, 0xff, 0xfc, 0x16, 0x8, 0x7, 0xff, 0x62,
    0xc0, 0x3f, 0xff, 0xf, 0xa2, 0x1, 0xff, 0xd8,
    0x16, 0x0, 0xff, 0xfb, 0x1e, 0x40, 0x7, 0xff,
    0x6a, 0x0, 0x3f, 0xfe, 0x82, 0xfb, 0x86, 0x1,
    0xff, 0xda, 0x36, 0x0, 0xff, 0xf6, 0x89, 0x11,
    0x1a, 0xb7, 0xa0, 0x80, 0x3f, 0xfb, 0x9e, 0x1,
    0xff, 0xe2, 0x2f, 0xff, 0xfb, 0xb7, 0x57, 0x2a,
    0x40, 0x1f, 0xfd, 0xe7, 0x30, 0xf, 0xff, 0xf8,
    0x7, 0xff, 0x4c, 0xe0, 0x3, 0xff, 0xfe, 0x1,
    0xff, 0xd4, 0xe0, 0xf, 0xff, 0xf8, 0x7, 0xff,
    0x52, 0xc8, 0x3, 0xff, 0xfe, 0x1, 0xff, 0xd3,
    0xa4, 0x0, 0xff, 0xff, 0x80, 0x7f, 0xf4, 0xe5,
    0x40, 0x3f, 0xff, 0xe0, 0x1f, 0xfd, 0x3a, 0x60,
    0xf, 0xff, 0xf8, 0x7, 0xff, 0x48, 0x6d, 0x40,
    0x3f, 0xff, 0xe0, 0x1f, 0xfd, 0x23, 0xf4, 0x0,
    0xff, 0xff, 0x80, 0x7f, 0xf4, 0xa3, 0x4, 0x3,
    0xff, 0xfe, 0x1, 0xff, 0xd1, 0x5d, 0x70, 0xf,
    0xff, 0xf8, 0x7, 0xff, 0x45, 0x32, 0x88, 0x3,
    0xff, 0xfe, 0x1, 0xff, 0xd0, 0x7d, 0xb3, 0x0,
    0xff, 0xff, 0x80, 0x7f, 0xf4, 0x8c, 0x40, 0x3f,
    0xff, 0xe0, 0x1f, 0xfd, 0x44, 0xcb, 0x20, 0xf,
    0xff, 0xf8, 0x7, 0xff, 0x51, 0x36, 0x0, 0x3f,
    0xff, 0xe0, 0x1f, 0xfd, 0x57, 0xc2, 0x0, 0xff,
    0xff, 0x80, 0x7f, 0xf5, 0xf, 0x54, 0x3, 0xff,
    0xfe, 0x1, 0xff, 0xd5, 0xa8, 0x0, 0xff, 0xff,
    0x80, 0x7f, 0xf5, 0x5e, 0x80, 0x3f, 0xff, 0xe0,
    0x1f, 0xfd, 0x55, 0xb0, 0xf, 0xff, 0xf8, 0x7,
    0xff, 0x55, 0x28, 0x3, 0xff, 0xfe, 0x1, 0xff,
    0xd5, 0x58, 0x0, 0xff, 0xff, 0x80, 0x7f, 0xf5,
    0x5d, 0x40, 0x3f, 0xff, 0xe0, 0x1f, 0xfd, 0x5a,
    0x20, 0xf, 0xff, 0xf8, 0x7, 0xff, 0x57, 0x80,
    0x3f, 0xff, 0xe0, 0x1f, 0xfd, 0x53, 0x70, 0xf,
    0xff, 0xf8, 0x7, 0xff, 0x56, 0x4, 0x3, 0xff,
    0xc6, 0x23, 0xff, 0x0, 0x7f, 0xf9, 0xa0, 0x3,
    0xff, 0xc4, 0x5d, 0xdf, 0xf7, 0xfd, 0xb7, 0x8,
    0x1, 0xff, 0xdf, 0x62, 0x0, 0xff, 0xf8, 0x12,
    0x3d, 0xfd, 0x20, 0x7, 0xff, 0x76, 0x40, 0x3f,
    0xfe, 0xab, 0x78, 0x60, 0x1f, 0xfd, 0xb4, 0x30,
    0xf, 0xff, 0xb1, 0xe4, 0x0, 0x7f, 0xf6, 0xe4,
    0x3, 0xff, 0xf0, 0xf6, 0x1, 0xff, 0xda, 0x51,
    0x0, 0xff, 0xfc, 0x25, 0x80, 0x7f, 0xf6, 0xa4,
    0x3, 0xff, 0xf2, 0x92, 0x1, 0xff, 0xd9, 0x60,
    0xf, 0xff, 0xd3, 0x28, 0x7, 0xff, 0x60, 0x54,
    0x3, 0xff, 0xf5, 0x60, 0x1f, 0xfd, 0x9f, 0x0,
    0xff, 0xfd, 0xb, 0x80, 0x7f, 0xf6, 0x14, 0x3,
    0xff, 0xf7, 0x0, 0x1f, 0xfd, 0x95, 0x0, 0xff,
    0xfd, 0xb0, 0x7, 0xff, 0x63, 0xc0, 0x3f, 0xff,
    0x76, 0x1, 0xff, 0xd8, 0x50, 0xf, 0xff, 0xd9,
    0x10, 0x3, 0xff, 0xb0, 0x60, 0x1f, 0xff, 0xba,
    0x0, 0xff, 0xec, 0x20, 0x7, 0xff, 0xed, 0x0,
    0x3f, 0xfb, 0x18, 0x1, 0xff, 0xfb, 0x31, 0x0,
    0xff, 0xeb, 0xa8, 0x7, 0xff, 0xf1, 0x40, 0x3f,
    0xfa, 0xe2, 0x40, 0x1f, 0xff, 0xbc, 0x0, 0xff,
    0xec, 0x20, 0x7, 0xff, 0xec, 0xc0, 0x3f, 0xfb,
    0x1e, 0x1, 0xff, 0xfb, 0x60, 0xf, 0xfe, 0xc1,
    0x0, 0x7f, 0xfe, 0xc8, 0x3, 0xff, 0xb0, 0xa0,
    0x1f, 0xff, 0xc2, 0x0, 0xff, 0xeb, 0x88, 0x80,
    0x3f, 0xff, 0x6c, 0x1, 0xff, 0xd8, 0x20, 0xf,
    0xff, 0xd9, 0x80, 0x7f, 0xf6, 0x14, 0x3, 0xff,
    0xf7, 0xe0, 0x1f, 0xfd, 0x8e, 0x0, 0xff, 0xfd,
    0x90, 0x7, 0xff, 0x60, 0x40, 0x3f, 0xff, 0x6c,
    0x1, 0xff, 0xd8, 0x20, 0xf, 0xff, 0xd8, 0x80,
    0x7f, 0xf6, 0x18, 0x3, 0xff, 0xf6, 0x40, 0x1f,
    0xfd, 0x82, 0x0, 0xff, 0xff, 0x80, 0x7f, 0xf5,
    0x84, 0x3, 0xff, 0xf6, 0x20, 0x1f, 0xfd, 0x83,
    0x0, 0xff, 0xfd, 0x98, 0x7, 0xff, 0x60, 0x41,
    0x13, 0xff, 0xae, 0x20, 0x1f, 0xfd, 0x61, 0x0,
    0xff, 0xec, 0x39, 0x5d, 0xff, 0xf5, 0xdc, 0x3,
    0xff, 0xac, 0xe0, 0x1f, 0xfd, 0x81, 0x0, 0xff,
    0xff, 0x80, 0x7f, 0xf5, 0x4c, 0x3, 0xff, 0xf6,
    0x20, 0x1f, 0xfd, 0x81, 0x0, 0xff, 0xfd, 0x98,
    0x7, 0xff, 0x63, 0xc0, 0x3f, 0xff, 0xe0, 0x1f,
    0xfd, 0x51, 0x0, 0xff, 0xfd, 0x88, 0x7, 0xff,
    0x60, 0xc0, 0x3f, 0xff, 0xe0, 0x1f, 0xff, 0xf0,
    0xf, 0xff, 0xf8, 0x7, 0xff, 0xd3, 0xc0, 0x3f,
    0xfb, 0x2, 0x1, 0xff, 0xff, 0x0, 0xff, 0xff,
    0x80, 0x7f, 0xff, 0xc0, 0x3f, 0xff, 0xe0, 0x1f,
    0xfc, 0xe7, 0x0, 0xff, 0xff, 0x80, 0x7f, 0xff,
    0xc0, 0x3f, 0xfe, 0xee, 0x1, 0xff, 0xff, 0x0,
    0xff, 0xff, 0x80, 0x7f, 0xfe, 0xc, 0x3, 0xff,
    0xf5, 0xe0, 0x1f, 0xff, 0xf0, 0xf, 0xff, 0xd0,
    0x80, 0x7f, 0xff, 0xc0, 0x3f, 0xff, 0xe0, 0x1f,
    0xfd, 0x21, 0x0, 0xff, 0xec, 0x18, 0x7, 0xff,
    0xec, 0xc0, 0x3f, 0xfb, 0x22, 0x1, 0xff, 0xd7,
    0x10, 0xf, 0xff, 0xd8, 0x80, 0x7f, 0xfe, 0xc4,
    0x3, 0xff, 0xb1, 0xe0, 0x1f, 0xff, 0xb7, 0x0,
    0xff, 0xec, 0x8, 0x7, 0xff, 0x63, 0xc0, 0x3f,
    0xff, 0x66, 0x2, 0x1, 0xff, 0xf9, 0x10, 0xf,
    0xfe, 0xc0, 0x81, 0x80, 0x7f, 0xf5, 0x84, 0x3,
    0xff, 0xac, 0x40, 0x1f, 0xfd, 0x86, 0x1, 0x0,
    0xff, 0xeb, 0x18, 0x7, 0xff, 0xec, 0xc1, 0xc0,
    0x3f, 0xff, 0x2, 0x1, 0xff, 0xd9, 0x10, 0x10,
    0xf, 0xfe, 0xb0, 0x80, 0x7f, 0xf5, 0x4c, 0x3,
    0xff, 0xb0, 0x20, 0x3, 0x0, 0xff, 0xeb, 0x38,
    0x7, 0xff, 0x55, 0x80, 0x3f, 0xfb, 0x4, 0x0,
    0x10, 0xf, 0xfe, 0xb1, 0x0, 0x7f, 0xf5, 0x48,
    0x3, 0xff, 0xb0, 0xc0, 0xe, 0x0, 0xff, 0xeb,
    0x8, 0x7, 0xff, 0x54, 0x40, 0x3f, 0xfb, 0x6,
    0x0, 0x30, 0xf, 0xff, 0xc6, 0x80, 0x7f, 0xf6,
    0x3c, 0x0, 0xc0, 0x1f, 0xfd, 0x72, 0x0, 0xff,
    0xea, 0x30, 0x7, 0xff, 0x60, 0x80, 0x4, 0x1,
    0xff, 0xd7, 0x60, 0xf, 0xfe, 0xa1, 0x0, 0x7f,
    0xf6, 0x18, 0x0, 0x20, 0x1f, 0xfd, 0x72, 0x0,
    0xff, 0xe9, 0x88, 0x80, 0x3f, 0xfb, 0x4, 0x1,
    0x10, 0x7, 0xff, 0x5b, 0x80, 0x3f, 0xfa, 0x6a,
    0x1, 0xff, 0xd8, 0x20, 0xc, 0xc0, 0x1f, 0xfd,
    0x62, 0x0, 0xff, 0xe9, 0x98, 0x7, 0xff, 0x61,
    0xc0, 0x31, 0x0, 0x7f, 0xf5, 0x9c, 0x3, 0xff,
    0xa7, 0x80, 0x1f, 0xfd, 0x8d, 0x0, 0xdc, 0x1,
    0xff, 0xd6, 0x20, 0xf, 0xfe, 0x9a, 0x0, 0x7f,
    0xf6, 0xc, 0x3, 0x18, 0x7, 0xff, 0x5d, 0x0,
    0x3f, 0xfa, 0x28, 0x1, 0xff, 0xd9, 0x50, 0xc,
    0xc0, 0x1f, 0xfd, 0x7c, 0x0, 0xff, 0xe8, 0xe8,
    0x7, 0xff, 0x60, 0x84, 0x3, 0x10, 0x7, 0xff,
    0x5d, 0x40, 0x3f, 0xfa, 0x2e, 0x1, 0xff, 0xd8,
    0x70, 0xf, 0x18, 0x7, 0xff, 0x58, 0x8c, 0x3,
    0xff, 0x9e, 0xc2, 0x1, 0xff, 0xd8, 0xc0, 0xf,
    0x28, 0x7, 0xff, 0x5e, 0x40, 0x3f, 0xf9, 0xf6,
    0x1, 0xff, 0xd9, 0x40, 0xf, 0x78, 0x7, 0xff,
    0x5d, 0x48, 0x3, 0xff, 0x9a, 0xc4, 0x1, 0xff,
    0xd8, 0x12, 0x0, 0xf2, 0x0, 0x7f, 0xf6, 0x24,
    0x3, 0xff, 0x98, 0x30, 0x1, 0xff, 0xd9, 0x40,
    0xf, 0x88, 0x40, 0x3f, 0xfa, 0xe8, 0xc0, 0x1f,
    0xfc, 0xba, 0x10, 0xf, 0xfe, 0xcf, 0x80, 0x7e,
    0x50, 0xf, 0xfe, 0xc4, 0xa0, 0x7, 0xff, 0x26,
    0x50, 0x3, 0xff, 0xb4, 0x80, 0x1f, 0xb0, 0x3,
    0xff, 0xb3, 0x6e, 0x1, 0xff, 0xc7, 0xa6, 0x0,
    0xff, 0xed, 0x18, 0x80, 0x7e, 0x50, 0xf, 0xfe,
    0xd4, 0x59, 0x80, 0x7f, 0xf0, 0xd7, 0x94, 0x3,
    0xff, 0xb7, 0x60, 0x1f, 0xc4, 0x20, 0x1f, 0xfd,
    0xa4, 0xcc, 0x31, 0x80, 0x7f, 0x13, 0xed, 0x8,
    0x7, 0xff, 0x71, 0x80, 0x3f, 0xce, 0x1, 0xff,
    0xdc, 0x39, 0xcf, 0xcb, 0xa9, 0x95, 0x67, 0x6c,
    0x10, 0x7, 0xff, 0x74, 0xc4, 0x3, 0xfd, 0xa0,
    0x1f, 0xfe, 0x3, 0x45, 0x66, 0x29, 0x88, 0x7,
    0xff, 0x82, 0x80, 0x3f, 0xe4, 0x0, 0xff, 0xff,
    0x80, 0x7f, 0xf2, 0x58, 0x3, 0xff, 0x80, 0xa0,
    0x1f, 0xff, 0xf0, 0xf, 0xfe, 0x3b, 0x0, 0x7f,
    0xf0, 0x78, 0x3, 0xff, 0xfe, 0x1, 0xff, 0xc7,
    0xb0, 0xf, 0xfe, 0xa, 0x8, 0x7, 0xff, 0xfc,
    0x3, 0xff, 0x8a, 0x84, 0x1, 0xff, 0xc2, 0x60,
    0xf, 0xff, 0xf8, 0x7, 0xff, 0x17, 0xc0, 0x3f,
    0xf8, 0x74, 0x1, 0xff, 0xff, 0x0, 0xff, 0xe2,
    0x1a, 0x0, 0x7f, 0xf0, 0xc9, 0x0, 0x3f, 0xff,
    0xe0, 0x1f, 0xfc, 0x38, 0x0, 0xff, 0xe2, 0xc0,
    0x7, 0xff, 0xfc, 0x3, 0xff, 0x84, 0x68, 0x1,
    0xff, 0xc5, 0x33, 0x0, 0x7f, 0xff, 0xc0, 0x3f,
    0xf8, 0x3e, 0x1, 0xff, 0xc7, 0x80, 0xf, 0xff,
    0xf8, 0x7, 0xff, 0x1, 0x4c, 0x3, 0xff, 0x8e,
    0x88, 0x0, 0xff, 0xff, 0x80, 0x7f, 0x86, 0xc0,
    0x3f, 0xf9, 0x30, 0x1, 0xff, 0xff, 0x0, 0xff,
    0x40, 0x80, 0x7f, 0xf2, 0x4d, 0x80, 0x3f, 0xff,
    0xe0, 0x1f, 0x91, 0x80, 0x3f, 0xf9, 0x70, 0x20,
    0x1f, 0xff, 0xf0, 0xf, 0xd, 0x0, 0x7f, 0xf3,
    0x6, 0x80, 0x3f, 0xff, 0xe0, 0x1e, 0xd1, 0x0,
    0xff, 0xe6, 0xa3, 0x0, 0x7f, 0xff, 0xc0, 0x34,
    0x98, 0x7, 0xff, 0x3e, 0x4c, 0x3, 0xff, 0xfe,
    0x0, 0x76, 0x0, 0xff, 0xe8, 0xe9, 0x0, 0x7f,
    0xff, 0xda, 0x0, 0x3f, 0xfa, 0x43, 0xe2, 0x1,
    0xff, 0xfd, 0x69, 0x0, 0xff, 0xea, 0x16, 0x8,
    0x7, 0xff, 0xee, 0x24, 0x3, 0xff, 0xac, 0x58,
    0x40, 0x1f, 0xff, 0x9a, 0x70, 0xf, 0xfe, 0xc1,
    0x62, 0x0, 0x7f, 0xfd, 0x8b, 0x54, 0x3, 0xff,
    0xb4, 0x37, 0x0, 0x1f, 0xff, 0x47, 0xd2, 0x0,
    0xff, 0xee, 0xbe, 0x10, 0x7, 0xff, 0xc0, 0xb2,
    0x0, 0x3f, 0xfc, 0x7, 0xb0, 0x1, 0xff, 0xed,
    0x19, 0xd3, 0x0, 0xff, 0xf1, 0xbf, 0x30, 0x7,
    0xff, 0xa4, 0x67, 0x98, 0x3, 0xff, 0xcc, 0x33,
    0xce, 0x20, 0x1f, 0xfe, 0x43, 0xae, 0x60, 0xf,
    0xff, 0x50, 0xc7, 0x52, 0x0, 0x7f, 0xf7, 0xc9,
    0xf7, 0x14, 0x3, 0xff, 0xde, 0xb7, 0xf4, 0xa2,
    0x1, 0xff, 0xd8, 0x48, 0xdd, 0x41, 0x0, 0x7f,
    0xfd, 0x16, 0xbb, 0x65, 0x88, 0x3, 0xff, 0x9e,
    0x4b, 0x19, 0xf6, 0xe4, 0x1, 0xff, 0xfa, 0x26,
    0x9d, 0xfd, 0xb9, 0x75, 0x43, 0x21, 0x0, 0xf8,
    0x48, 0xd1, 0x5e, 0x6f, 0x7f, 0x69, 0xcc, 0x3,
    0xff, 0xb6,

    /* U+0034 "4" */
    0x0, 0xff, 0xf5, 0xa4, 0x47, 0xff, 0x70, 0x3,
    0xff, 0xff, 0xe, 0xff, 0xfd, 0xc0, 0xf, 0xff,
    0xf0, 0x98, 0x7, 0xff, 0xfc, 0x3, 0xff, 0xb6,
    0xe0, 0x1f, 0xff, 0xf0, 0xf, 0xfe, 0xe6, 0x80,
    0x7f, 0xff, 0xc0, 0x3f, 0xfb, 0x88, 0x1, 0xff,
    0xff, 0x0, 0xff, 0xed, 0xa0, 0x7, 0xff, 0xfc,
    0x3, 0xff, 0xb9, 0xa0, 0x1f, 0xff, 0xf0, 0xf,
    0xfe, 0xe3, 0x80, 0x7f, 0xff, 0xc0, 0x3f, 0xfb,
    0x66, 0x20, 0x1f, 0xff, 0xf0, 0xf, 0xfe, 0xdd,
    0x80, 0x7f, 0xff, 0xc0, 0x3f, 0xfb, 0x8a, 0x1,
    0xff, 0xff, 0x0, 0xff, 0xed, 0x91, 0x0, 0x3f,
    0xff, 0xe0, 0x1f, 0xfd, 0xb5, 0x0, 0xff, 0xff,
    0x80, 0x7f, 0xf7, 0x2c, 0x3, 0xff, 0xfe, 0x1,
    0xff, 0xdb, 0x13, 0x0, 0xff, 0xff, 0x80, 0x7f,
    0xf6, 0xdc, 0x3, 0xff, 0xfe, 0x1, 0xff, 0xdc,
    0xd0, 0xf, 0xff, 0xf8, 0x7, 0xff, 0x71, 0x0,
    0x3f, 0xff, 0xe0, 0x1f, 0xfd, 0xb5, 0x0, 0xff,
    0xff, 0x80, 0x7f, 0xf7, 0x3c, 0x3, 0xff, 0xfe,
    0x1, 0xff, 0xdc, 0x40, 0xf, 0xff, 0xf8, 0x7,
    0xff, 0x6c, 0xc4, 0x3, 0xff, 0xfe, 0x1, 0xff,
    0xdb, 0xb0, 0xf, 0xff, 0xf8, 0x7, 0xff, 0x71,
    0x40, 0x3f, 0xff, 0xe0, 0x1f, 0xfd, 0xb2, 0x20,
    0x7, 0xff, 0xfc, 0x3, 0xff, 0xb6, 0xa0, 0x1f,
    0xff, 0xf0, 0xf, 0xfe, 0xe5, 0x80, 0x7f, 0xff,
    0xc0, 0x3f, 0xfb, 0x62, 0x60, 0x1f, 0xff, 0xf0,
    0xf, 0xfe, 0xdb, 0x80, 0x7f, 0xff, 0xc0, 0x3f,
    0xfb, 0x9a, 0x1, 0xff, 0xff, 0x0, 0xff, 0xee,
    0x20, 0x7, 0xff, 0xfc, 0x3, 0xff, 0xb6, 0xa0,
    0x1f, 0xff, 0xf0, 0xf, 0xfe, 0xe7, 0x80, 0x7f,
    0xff, 0xc0, 0x3f, 0xfb, 0x88, 0x1, 0xff, 0xff,
    0x0, 0xff, 0xed, 0xa0, 0x80, 0x7f, 0xff, 0xc0,
    0x3f, 0xfb, 0x7a, 0x1, 0xff, 0xff, 0x0, 0xff,
    0xee, 0x20, 0x7, 0xff, 0xfc, 0x3, 0xff, 0xb6,
    0x44, 0x0, 0xff, 0xff, 0x80, 0x7f, 0xf6, 0xd4,
    0x3, 0xff, 0xfe, 0x1, 0xff, 0xdc, 0xb0, 0xf,
    0xff, 0xf8, 0x7, 0xff, 0x6c, 0x4c, 0x3, 0xff,
    0xfe, 0x1, 0xff, 0xdb, 0x70, 0xf, 0xff, 0xf8,
    0x7, 0xff, 0x73, 0x40, 0x3f, 0xff, 0xe0, 0x1f,
    0xfd, 0xc4, 0x0, 0xff, 0xff, 0x80, 0x7f, 0xf6,
    0xd4, 0x3, 0xff, 0xfe, 0x1, 0xff, 0xdc, 0xf0,
    0xf, 0xff, 0xf8, 0x7, 0xff, 0x71, 0x0, 0x3f,
    0xff, 0xe0, 0x1f, 0xfd, 0xb4, 0x10, 0xf, 0xff,
    0xf8, 0x7, 0xff, 0x6f, 0x40, 0x3f, 0xff, 0xe0,
    0x1f, 0xfd, 0xc7, 0x0, 0xff, 0xff, 0x80, 0x7f,
    0xf6, 0xcc, 0x40, 0x3f, 0xff, 0xe0, 0x1f, 0xfd,
    0xb4, 0x0, 0xff, 0xe5, 0x8, 0x7, 0xff, 0xfc,
    0x3, 0xff, 0x8b, 0x60, 0x1f, 0xfc, 0x92, 0x20,
    0x7, 0xff, 0xfc, 0x3, 0xff, 0x88, 0x26, 0x1,
    0xff, 0xc9, 0x40, 0xf, 0xff, 0xf8, 0x7, 0xff,
    0x15, 0xc0, 0x3f, 0xf9, 0x58, 0x1, 0xff, 0xff,
    0x0, 0xff, 0xe2, 0xe8, 0x7, 0xff, 0x29, 0x0,
    0x3f, 0xff, 0xe0, 0x1f, 0xfc, 0x54, 0x0, 0xff,
    0xe4, 0x90, 0x80, 0x7f, 0xff, 0xc0, 0x3f, 0xf8,
    0x8a, 0x1, 0xff, 0xca, 0x40, 0xf, 0xff, 0xf8,
    0x7, 0xff, 0x17, 0xc0, 0x3f, 0xf9, 0x5a, 0x1,
    0xff, 0xff, 0x0, 0xff, 0xe2, 0xa8, 0x7, 0xff,
    0x29, 0x0, 0x3f, 0xff, 0xe0, 0x1f, 0xfc, 0x44,
    0x0, 0xff, 0xe5, 0x18, 0x7, 0xff, 0xfc, 0x3,
    0xff, 0x8b, 0xa0, 0x1f, 0xfc, 0xa4, 0x0, 0xff,
    0xff, 0x80, 0x7f, 0xf1, 0x5c, 0x3, 0xff, 0x95,
    0x80, 0x1f, 0xff, 0xf0, 0xf, 0xfe, 0x21, 0x88,
    0x7, 0xff, 0x29, 0x0, 0x3f, 0xff, 0xe0, 0x1f,
    0xfc, 0x4b, 0x0, 0xff, 0xe5, 0x20, 0x7, 0xff,
    0xfc, 0x3, 0xff, 0x8a, 0xa0, 0x1f, 0xfc, 0xac,
    0x0, 0xff, 0xff, 0x80, 0x7f, 0xf1, 0x8, 0x80,
    0x1f, 0xfc, 0xa4, 0x0, 0xff, 0xff, 0x80, 0x7f,
    0xf1, 0x10, 0x3, 0xff, 0x96, 0x60, 0x1f, 0xff,
    0xf0, 0xf, 0xfe, 0x26, 0x80, 0x7f, 0xf2, 0x90,
    0x3, 0xff, 0xfe, 0x1, 0xff, 0xc4, 0x14, 0x0,
    0xff, 0xe5, 0x68, 0x7, 0xff, 0xfc, 0x3, 0xff,
    0x88, 0x80, 0x1f, 0xfc, 0xb4, 0x0, 0xff, 0xff,
    0x80, 0x7f, 0xf1, 0x3c, 0x3, 0xff, 0x94, 0x24,
    0x1, 0xff, 0xff, 0x0, 0xff, 0xe2, 0x28, 0x7,
    0xff, 0x29, 0x0, 0x3f, 0xff, 0xe0, 0x1f, 0xfc,
    0x44, 0x0, 0xff, 0xe5, 0xe0, 0x7, 0xff, 0xfc,
    0x3, 0xff, 0x89, 0xa0, 0x1f, 0xfc, 0xb4, 0x0,
    0xff, 0xff, 0x80, 0x7f, 0xf1, 0x1c, 0x3, 0xff,
    0x94, 0x44, 0x0, 0xff, 0xff, 0x80, 0x7f, 0xf0,
    0xcc, 0x40, 0x3f, 0xf9, 0x48, 0x1, 0xff, 0xff,
    0x0, 0xff, 0xe2, 0x58, 0x7, 0xff, 0x2f, 0x0,
    0x3f, 0xff, 0xe0, 0x1f, 0xfc, 0x45, 0x0, 0xff,
    0xe5, 0xa0, 0x7, 0xff, 0xfc, 0x3, 0xff, 0x86,
    0x44, 0x0, 0xff, 0xe5, 0x10, 0x80, 0x7f, 0xff,
    0xc0, 0x3f, 0xf8, 0x6a, 0x1, 0xff, 0xcb, 0x40,
    0xf, 0xff, 0xf8, 0x7, 0xff, 0x12, 0xc0, 0x3f,
    0xf9, 0x7a, 0x1, 0xff, 0xff, 0x0, 0xff, 0xe1,
    0x89, 0x80, 0x7f, 0xf2, 0xd0, 0x3, 0xff, 0xfe,
    0x1, 0xff, 0xc3, 0x40, 0xf, 0xfe, 0x59, 0x80,
    0x7f, 0xff, 0xc0, 0x3f, 0xf8, 0x9e, 0x1, 0xff,
    0xcb, 0x40, 0xf, 0xff, 0xf8, 0x7, 0xff, 0x11,
    0x40, 0x3f, 0xf9, 0x78, 0x1, 0xff, 0xff, 0x0,
    0xff, 0xe1, 0xa0, 0x7, 0xff, 0x31, 0x0, 0x3f,
    0xff, 0xe0, 0x1f, 0xfc, 0x3d, 0x0, 0xff, 0xe5,
    0xa0, 0x7, 0xff, 0xfc, 0x3, 0xff, 0x88, 0xe0,
    0x1f, 0xfc, 0xbc, 0x0, 0xff, 0xff, 0x80, 0x7f,
    0xf0, 0xcc, 0x40, 0x3f, 0xf9, 0x68, 0x1, 0xff,
    0xff, 0x0, 0xff, 0xe1, 0xd8, 0x7, 0xff, 0x30,
    0xc0, 0x3f, 0xff, 0xe0, 0x1f, 0xfc, 0x35, 0x0,
    0xff, 0xe5, 0xa0, 0x7, 0xff, 0xfc, 0x3, 0xff,
    0x86, 0x44, 0x0, 0xff, 0xe5, 0xe8, 0x7, 0xff,
    0xfc, 0x3, 0xff, 0x86, 0xa0, 0x1f, 0xfc, 0xc4,
    0x0, 0xff, 0xff, 0x80, 0x7f, 0xf0, 0xec, 0x3,
    0xff, 0x96, 0x24, 0x1, 0xff, 0xff, 0x0, 0xff,
    0xe1, 0x9, 0x80, 0x7f, 0xf2, 0xd0, 0x3, 0xff,
    0xfe, 0x1, 0xff, 0xc3, 0x70, 0xf, 0xfe, 0x66,
    0x0, 0x7f, 0xff, 0xc0, 0x3f, 0xf8, 0x7a, 0x1,
    0xff, 0xcc, 0x40, 0xf, 0xff, 0xf8, 0x7, 0xff,
    0xd, 0x0, 0x3f, 0xf9, 0x64, 0x40, 0xf, 0xff,
    0xf8, 0x7, 0xff, 0x9, 0x0, 0x3f, 0xf9, 0x88,
    0x1, 0xff, 0xff, 0x0, 0xff, 0xe1, 0xe8, 0x7,
    0xff, 0x33, 0x0, 0x3f, 0xff, 0xe0, 0x1f, 0xfc,
    0x37, 0x0, 0xff, 0xe6, 0x20, 0x7, 0xff, 0xfc,
    0x3, 0xff, 0x84, 0x62, 0x1, 0xff, 0xcb, 0x21,
    0x0, 0xff, 0xff, 0x80, 0x7f, 0xf0, 0xac, 0x3,
    0xff, 0x98, 0x80, 0x1f, 0xff, 0xf0, 0xf, 0xfe,
    0x1a, 0x80, 0x7f, 0xf3, 0x34, 0x3, 0xff, 0xfe,
    0x1, 0xff, 0xc2, 0x22, 0x0, 0x7f, 0xf3, 0x10,
    0x3, 0xff, 0xfe, 0x1, 0xff, 0xc2, 0x50, 0xf,
    0xfe, 0x61, 0x80, 0x7f, 0xff, 0xc0, 0x3f, 0xf8,
    0x76, 0x1, 0xff, 0xcc, 0x40, 0xf, 0xff, 0xf8,
    0x7, 0xff, 0x8, 0x4c, 0x3, 0xff, 0x99, 0x80,
    0x1f, 0xff, 0xf0, 0xf, 0xfe, 0x13, 0x80, 0x7f,
    0xf3, 0x50, 0x3, 0xff, 0xfe, 0x1, 0xff, 0xc2,
    0xd0, 0xf, 0xfe, 0x62, 0x0, 0x7f, 0xff, 0xc0,
    0x3f, 0xf8, 0x68, 0x1, 0xff, 0xcc, 0xc0, 0xf,
    0xff, 0xf8, 0x7, 0xff, 0x9, 0x40, 0x3f, 0xf9,
    0xa8, 0x1, 0xff, 0xff, 0x0, 0xff, 0xe1, 0x78,
    0x7, 0xff, 0x34, 0xc0, 0x3f, 0xff, 0xe0, 0x1f,
    0xfc, 0x24, 0x0, 0xff, 0xe6, 0x20, 0x7, 0xff,
    0xfc, 0x3, 0xff, 0x84, 0x62, 0x1, 0xff, 0xcc,
    0xd0, 0xf, 0xff, 0xf8, 0x7, 0xff, 0xa, 0xc0,
    0x3f, 0xf9, 0xa8, 0x1, 0xff, 0xff, 0x0, 0xff,
    0xe1, 0x28, 0x7, 0xff, 0x30, 0x48, 0x3, 0xff,
    0xfe, 0x1, 0xff, 0xc1, 0x22, 0x0, 0x7f, 0xf3,
    0x10, 0x3, 0xff, 0xfe, 0x1, 0xff, 0xc2, 0x50,
    0xf, 0xfe, 0x6e, 0x0, 0x7f, 0xff, 0xc0, 0x3f,
    0xf8, 0x56, 0x1, 0xff, 0xcd, 0x40, 0xf, 0xff,
    0xf8, 0x7, 0xff, 0x4, 0x4c, 0x3, 0xff, 0x98,
    0x44, 0x0, 0xff, 0xff, 0x80, 0x7f, 0xf0, 0x5c,
    0x3, 0xff, 0x9a, 0x80, 0x1f, 0xff, 0xf0, 0xf,
    0xfe, 0x16, 0x80, 0x7f, 0xf3, 0x70, 0x3, 0xff,
    0xfe, 0x1, 0xff, 0xc2, 0x40, 0xf, 0xfe, 0x6a,
    0x0, 0x7f, 0xff, 0xc0, 0x3f, 0xf8, 0x2a, 0x1,
    0xff, 0xcd, 0x21, 0x0, 0xff, 0xff, 0x80, 0x7f,
    0xf0, 0x7c, 0x3, 0xff, 0x9a, 0xa0, 0x1f, 0xff,
    0xf0, 0xf, 0xfe, 0x12, 0x0, 0x7f, 0xf3, 0x70,
    0x3, 0xff, 0xfe, 0x1, 0xff, 0xc1, 0x41, 0x0,
    0xff, 0xe6, 0xa0, 0x7, 0xff, 0xfc, 0x3, 0xff,
    0x83, 0xa0, 0x1f, 0xfc, 0xd3, 0x0, 0xff, 0xff,
    0x80, 0x7f, 0xf0, 0x90, 0x3, 0xff, 0x9a, 0x80,
    0x1f, 0xff, 0xf0, 0xf, 0xfe, 0x9, 0x10, 0x3,
    0xff, 0x9b, 0x80, 0x1f, 0xff, 0xf0, 0xf, 0xfe,
    0xa, 0x80, 0x7f, 0xf3, 0x90, 0x3, 0xff, 0xfe,
    0x1, 0xff, 0xc1, 0xb0, 0xf, 0xfe, 0x6a, 0x0,
    0x7f, 0xff, 0xc0, 0x3f, 0xf8, 0x22, 0x60, 0x1f,
    0xfc, 0xdc, 0x0, 0xff, 0xff, 0x80, 0x7f, 0xf0,
    0x5c, 0x3, 0xff, 0x9c, 0x80, 0x1f, 0xff, 0xf0,
    0xf, 0xfe, 0xe, 0x80, 0x7f, 0xf3, 0x8c, 0x3,
    0xff, 0xfe, 0x1, 0xff, 0xc1, 0x40, 0xf, 0xfe,
    0x6a, 0x0, 0x7f, 0xff, 0xc0, 0x3f, 0xf8, 0x2a,
    0x1, 0xff, 0xce, 0xd0, 0xf, 0xff, 0xf8, 0x7,
    0xff, 0x7, 0xc0, 0x3f, 0xf9, 0xc8, 0x1, 0xff,
    0xff, 0x0, 0xff, 0xe0, 0xa8, 0x7, 0xff, 0x34,
    0x48, 0x3, 0xff, 0xfe, 0x1, 0xff, 0xc0, 0x40,
    0xf, 0xfe, 0x72, 0x0, 0x7f, 0xff, 0xc0, 0x3f,
    0xf8, 0x3a, 0x1, 0xff, 0xce, 0xc0, 0xf, 0xff,
    0xf8, 0x7, 0xff, 0x5, 0xc0, 0x3f, 0xf9, 0xc8,
    0x1, 0xff, 0xff, 0x0, 0xff, 0xe0, 0x18, 0x80,
    0x7f, 0xf3, 0x48, 0x80, 0x1f, 0xff, 0xf0, 0xf,
    0xfe, 0x5, 0x80, 0x7f, 0xf3, 0x90, 0x3, 0xff,
    0xfe, 0x1, 0xff, 0xc1, 0x40, 0xf, 0xfe, 0x76,
    0x0, 0x7f, 0xff, 0xc0, 0x3f, 0xf8, 0x2, 0x60,
    0x1f, 0xfc, 0xe4, 0x0, 0xff, 0xff, 0x80, 0x7f,
    0xf0, 0x1c, 0x3, 0xff, 0x9c, 0x42, 0x1, 0xff,
    0xff, 0x0, 0xff, 0xe0, 0x68, 0x7, 0xff, 0x39,
    0x40, 0x3f, 0xff, 0xe0, 0x1f, 0xfc, 0x1, 0x40,
    0xf, 0xfe, 0x76, 0x0, 0x7f, 0xff, 0xc0, 0x3f,
    0xf8, 0x8, 0x1, 0xff, 0xcf, 0x40, 0xf, 0xff,
    0xf8, 0x7, 0xff, 0x3, 0xc0, 0x3f, 0xf9, 0xc6,
    0x1, 0xff, 0xff, 0x0, 0xff, 0xe0, 0xa8, 0x7,
    0xff, 0x39, 0x0, 0x3f, 0xff, 0xe0, 0x1f, 0xfc,
    0x4, 0x0, 0xff, 0xe7, 0xe0, 0x7, 0xff, 0xfc,
    0x3, 0xff, 0x81, 0xa0, 0x1f, 0xfc, 0xf4, 0x0,
    0xff, 0xff, 0x80, 0x7f, 0xf0, 0x1c, 0x3, 0xff,
    0x9c, 0x80, 0x1f, 0xff, 0xf0, 0xf, 0xfe, 0x1,
    0x88, 0x7, 0xff, 0x3b, 0x0, 0x3f, 0xff, 0xe0,
    0x1f, 0xfc, 0xb, 0x0, 0xff, 0xe7, 0xa0, 0x7,
    0xff, 0xfc, 0x3, 0xff, 0x80, 0xa0, 0x1f, 0xfc,
    0xf3, 0x0, 0xff, 0xff, 0x80, 0x7f, 0xc4, 0x40,
    0xf, 0xfe, 0x72, 0x0, 0x7f, 0xff, 0xc0, 0x3f,
    0xf8, 0xa, 0x1, 0xff, 0xcf, 0xd0, 0xf, 0xff,
    0xf8, 0x7, 0xff, 0x3, 0x0, 0x3f, 0xf9, 0xe8,
    0x1, 0xff, 0xff, 0x0, 0xff, 0x85, 0x0, 0x3f,
    0xf9, 0xc2, 0x40, 0x1f, 0xff, 0xf0, 0xf, 0xf9,
    0x0, 0x3f, 0xf9, 0xe8, 0x1, 0xff, 0xff, 0x0,
    0xff, 0xe0, 0x78, 0x7, 0xff, 0x3f, 0x0, 0x3f,
    0xff, 0xe0, 0x1f, 0xfc, 0x5, 0x0, 0xff, 0xe7,
    0xb8, 0x7, 0xff, 0xfc, 0x3, 0xfe, 0x40, 0xf,
    0xfe, 0x79, 0x8, 0x7, 0xff, 0xfc, 0x3, 0xfe,
    0xd0, 0xf, 0xfe, 0x7a, 0x0, 0x7f, 0xff, 0xc0,
    0x3f, 0xf8, 0xe, 0x1, 0xff, 0xcf, 0xc0, 0xf,
    0xff, 0xf8, 0x7, 0xfc, 0x62, 0x1, 0xff, 0xcf,
    0x40, 0xf, 0xff, 0xf8, 0x7, 0xfd, 0x60, 0x1f,
    0xfc, 0xf2, 0x10, 0xf, 0xff, 0xf8, 0x7, 0xfc,
    0xa0, 0x1f, 0xfc, 0xf5, 0x0, 0xff, 0xff, 0x80,
    0x7f, 0xc4, 0x40, 0xf, 0xfe, 0x7e, 0x0, 0x7f,
    0xff, 0xc0, 0x3f, 0xe5, 0x0, 0xff, 0xe8, 0x74,
    0xcf, 0xff, 0x4c, 0x80, 0x3f, 0xfa, 0xb3, 0x3f,
    0xfc, 0x72, 0xb, 0x0, 0xff, 0xe8, 0x2b, 0x37,
    0xff, 0x4c, 0x40, 0x3f, 0xfa, 0xac, 0xdf, 0xfc,
    0x81, 0x30, 0xf, 0xff, 0xf8, 0x7, 0xff, 0x6c,
    0x80, 0x3f, 0xff, 0xe0, 0x1f, 0xfd, 0xc7, 0x0,
    0xff, 0xff, 0x80, 0x7f, 0xff, 0xc0, 0x3f, 0xff,
    0xe0, 0x1f, 0xff, 0xf0, 0xf, 0xff, 0xf8, 0x7,
    0xff, 0xfc, 0x3, 0xff, 0xfe, 0x1, 0xff, 0xff,
    0x0, 0xff, 0xff, 0x80, 0x7f, 0xff, 0xc0, 0x3f,
    0xff, 0xe0, 0x1f, 0xff, 0xf0, 0xf, 0xff, 0xf8,
    0x7, 0xff, 0xfc, 0x3, 0xff, 0xfe, 0x1, 0xff,
    0xff, 0x0, 0xff, 0xff, 0x80, 0x7f, 0xff, 0xc0,
    0x3f, 0xff, 0xe0, 0x1f, 0xff, 0xf0, 0xf, 0xff,
    0xf8, 0x7, 0xff, 0xfc, 0x3, 0xff, 0xfe, 0x1,
    0xff, 0xff, 0x0, 0xff, 0xff, 0x80, 0x7f, 0xff,
    0xc0, 0x3f, 0xff, 0xe0, 0x1f, 0xff, 0xf0, 0xf,
    0xff, 0xf8, 0x7, 0xff, 0xfc, 0x3, 0xff, 0xfe,
    0x1, 0xff, 0xff, 0x0, 0xff, 0xff, 0x80, 0x7f,
    0xff, 0xc0, 0x3f, 0xff, 0xe0, 0x1f, 0xff, 0xf0,
    0xf, 0xff, 0xf8, 0x7, 0xff, 0xfc, 0x3, 0xff,
    0xfe, 0x1, 0xff, 0xff, 0x0, 0xff, 0xff, 0x80,
    0x7f, 0xfb, 0x13, 0xff, 0xff, 0xe2, 0x60, 0x1f,
    0xfd, 0x5f, 0xff, 0xfe, 0x3a, 0x0, 0x7f, 0xff,
    0xc0, 0x3f, 0xff, 0xe0, 0x1f, 0xff, 0xf0, 0xf,
    0xff, 0xf8, 0x7, 0xff, 0xfc, 0x3, 0xff, 0xfe,
    0x1, 0xff, 0xff, 0x0, 0xff, 0xff, 0x80, 0x7f,
    0xff, 0xc0, 0x3f, 0xff, 0xe0, 0x1f, 0xff, 0xf0,
    0xf, 0xff, 0xf8, 0x7, 0xff, 0xfc, 0x3, 0xff,
    0xfe, 0x1, 0xff, 0xff, 0x0, 0xff, 0xff, 0x80,
    0x7f, 0xff, 0xc0, 0x3f, 0xff, 0xe0, 0x1f, 0xff,
    0xf0, 0xf, 0xff, 0xf8, 0x7, 0xff, 0xfc, 0x3,
    0xff, 0xfe, 0x1, 0xff, 0xff, 0x0, 0xff, 0xff,
    0x80, 0x7f, 0xff, 0xc0, 0x3f, 0xff, 0xe0, 0x1f,
    0xff, 0xf0, 0xf, 0xff, 0xf8, 0x7, 0xff, 0xfc,
    0x3, 0xff, 0xfe, 0x1, 0xff, 0xff, 0x0, 0xff,
    0xff, 0x80, 0x7f, 0xff, 0xc0, 0x3f, 0xff, 0xe0,
    0x1f, 0xff, 0xf0, 0xf, 0xff, 0xf8, 0x7, 0xff,
    0xfc, 0x3, 0xff, 0xfe, 0x1, 0xff, 0xff, 0x0,
    0xff, 0xff, 0x80, 0x7f, 0xff, 0xc0, 0x3f, 0xff,
    0xe0, 0x1f, 0xff, 0xf0, 0xf, 0xff, 0xf8, 0x7,
    0xff, 0xfc, 0x3, 0xff, 0xfe, 0x1, 0xff, 0xff,
    0x0, 0xff, 0xff, 0x80, 0x7f, 0xff, 0xc0, 0x3f,
    0xff, 0xe0, 0x1f, 0xff, 0xf0, 0xf, 0xff, 0xf8,
    0x7, 0xff, 0xfc, 0x3, 0xff, 0xfe, 0x1, 0xff,
    0xff, 0x0, 0xff, 0xff, 0x80, 0x7f, 0xff, 0xc0,
    0x3f, 0xff, 0xe0, 0x1f, 0xff, 0xf0, 0xf, 0xff,
    0xf8, 0x7, 0xff, 0xfc, 0x3, 0xff, 0xfe, 0x1,
    0xff, 0xff, 0x0, 0xff, 0xff, 0x80, 0x7f, 0xff,
    0xc0, 0x3f, 0xff, 0xe0, 0x1f, 0xfd, 0xa0,

    /* U+0035 "5" */
    0x2, 0xff, 0xff, 0xff, 0xff, 0xff, 0xf1, 0x40,
    0x3f, 0xff, 0xe0, 0x1f, 0xff, 0xf0, 0xf, 0xff,
    0xf8, 0x7, 0xff, 0xfc, 0x3, 0xff, 0xfe, 0x1,
    0xff, 0xff, 0x0, 0xff, 0xff, 0x80, 0x7f, 0xff,
    0xc0, 0x3f, 0xff, 0xe0, 0x1f, 0xff, 0xf0, 0xf,
    0xff, 0xf8, 0x7, 0xff, 0xfc, 0x3, 0xff, 0xfe,
    0x1, 0xff, 0xff, 0x0, 0xff, 0xff, 0x80, 0x7f,
    0xff, 0xc0, 0x3f, 0xff, 0xe0, 0x1f, 0xff, 0xf0,
    0xf, 0xff, 0xf8, 0x7, 0xff, 0xfc, 0x3, 0xff,
    0xfe, 0x1, 0xff, 0xff, 0x0, 0xff, 0xff, 0x80,
    0x7f, 0xff, 0xc0, 0x3f, 0xff, 0xe0, 0x1f, 0xff,
    0xf0, 0xf, 0xff, 0xf8, 0x7, 0xff, 0xfc, 0x3,
    0xff, 0xfe, 0x1, 0xff, 0xff, 0x0, 0xff, 0xff,
    0x80, 0x7f, 0xff, 0xc0, 0x3f, 0xff, 0xe0, 0x1f,
    0xff, 0xf0, 0xf, 0xff, 0xf8, 0x7, 0xff, 0xfc,
    0x3, 0xff, 0xfe, 0x1, 0xff, 0xff, 0x0, 0xff,
    0xff, 0x80, 0x7f, 0xff, 0xc0, 0x3f, 0xff, 0xe0,
    0x1f, 0xff, 0xf0, 0xf, 0xff, 0xf8, 0x7, 0xff,
    0xfc, 0x3, 0xff, 0xfe, 0x5, 0xff, 0xff, 0xed,
    0x0, 0xff, 0xff, 0x80, 0x7f, 0xff, 0xc0, 0x3f,
    0xff, 0xe0, 0x1f, 0xff, 0xf0, 0xf, 0xff, 0xf8,
    0x7, 0xff, 0xfc, 0x3, 0xff, 0xfe, 0x1, 0xff,
    0xff, 0x0, 0xff, 0xff, 0x80, 0x7f, 0xff, 0xc0,
    0x3f, 0xff, 0xe0, 0x1f, 0xff, 0xf0, 0xf, 0xff,
    0xf8, 0x7, 0xff, 0xfc, 0x3, 0xff, 0xfe, 0x1,
    0xff, 0xff, 0x0, 0xff, 0xff, 0x80, 0x7f, 0xff,
    0xc0, 0x3f, 0xff, 0xe0, 0x1f, 0xff, 0xf0, 0xf,
    0xff, 0xf8, 0x7, 0xff, 0xfc, 0x3, 0xff, 0xfe,
    0x1, 0xff, 0xff, 0x0, 0xff, 0xff, 0x80, 0x7f,
    0xff, 0xc0, 0x3f, 0xff, 0xe0, 0x1f, 0xff, 0xf0,
    0xf, 0xff, 0xf8, 0x7, 0xff, 0xfc, 0x3, 0xff,
    0xfe, 0x1, 0xff, 0xff, 0x0, 0xff, 0xff, 0x80,
    0x7f, 0xff, 0xc0, 0x3f, 0xff, 0xe0, 0x1f, 0xff,
    0xf0, 0xf, 0xff, 0xf8, 0x7, 0xff, 0xfc, 0x3,
    0xff, 0xfe, 0x1, 0xff, 0xff, 0x0, 0xff, 0xff,
    0x80, 0x7f, 0xff, 0xc0, 0x3f, 0xff, 0xe0, 0x1f,
    0xff, 0xf0, 0xf, 0xff, 0xf8, 0x7, 0xff, 0xfc,
    0x3, 0xff, 0xfe, 0x1, 0xff, 0xff, 0x0, 0xff,
    0xff, 0x80, 0x7f, 0xff, 0xc0, 0x3f, 0xfc, 0xc4,
    0xac, 0xf1, 0x19, 0xd9, 0x4c, 0x40, 0x3f, 0xff,
    0xe0, 0x1f, 0x89, 0xab, 0x7f, 0x6a, 0x61, 0xdf,
    0x44, 0xd6, 0x77, 0x2d, 0xcc, 0x3, 0xff, 0xfe,
    0x5, 0x1b, 0xa9, 0x52, 0x0, 0xff, 0xe1, 0xa,
    0x46, 0x74, 0xa0, 0x7, 0xff, 0xed, 0x6f, 0x5c,
    0x80, 0x3f, 0xf9, 0x42, 0xd7, 0xac, 0x1, 0xff,
    0xf7, 0x5d, 0xa4, 0x0, 0xff, 0xe8, 0x14, 0xea,
    0x0, 0x7f, 0xfc, 0xcb, 0x28, 0x80, 0x3f, 0xfa,
    0x85, 0x76, 0x10, 0xf, 0xff, 0x83, 0x69, 0x80,
    0x7f, 0xf6, 0x13, 0xd0, 0x3, 0xff, 0xdd, 0x12,
    0x1, 0xff, 0xdb, 0x1b, 0x70, 0xf, 0xff, 0x64,
    0xb8, 0x7, 0xff, 0x7a, 0x20, 0x1, 0xff, 0xea,
    0x76, 0x0, 0xff, 0xf0, 0x3c, 0x0, 0x7f, 0xfa,
    0xe, 0x0, 0x3f, 0xfc, 0x4e, 0xc0, 0x1f, 0xfe,
    0x7f, 0x0, 0xff, 0xf2, 0x4a, 0x0, 0x7f, 0xf9,
    0x48, 0xc0, 0x3f, 0xfc, 0xb4, 0x20, 0x1f, 0xff,
    0xf0, 0xf, 0xfe, 0x60, 0xd0, 0x7, 0xff, 0xfc,
    0x3, 0xff, 0x9a, 0x8a, 0x1, 0xff, 0xff, 0x0,
    0xff, 0xe6, 0xd8, 0x7, 0xff, 0xfc, 0x3, 0xff,
    0x9a, 0x30, 0x1, 0xff, 0xff, 0x0, 0xff, 0xe6,
    0xb8, 0x80, 0x7f, 0xff, 0xc0, 0x3f, 0xf9, 0xb0,
    0x1, 0xff, 0xff, 0x0, 0xff, 0xe6, 0xb0, 0x80,
    0x7f, 0xff, 0xc0, 0x3f, 0xf9, 0xb2, 0x1, 0xff,
    0xff, 0x0, 0xff, 0xe6, 0xb0, 0x7, 0xff, 0xfc,
    0x3, 0xff, 0x9a, 0x2a, 0x1, 0xff, 0xff, 0x0,
    0xff, 0xe6, 0xc8, 0x7, 0xff, 0xfc, 0x3, 0xff,
    0x9a, 0x62, 0x1, 0xff, 0xff, 0x0, 0xff, 0xe6,
    0xb8, 0x7, 0xff, 0xfc, 0x3, 0xff, 0x9b, 0x40,
    0x1f, 0xff, 0xf0, 0xf, 0xfe, 0x69, 0x88, 0x7,
    0xff, 0xfc, 0x3, 0xff, 0x9a, 0xe0, 0x1f, 0xff,
    0xf0, 0xf, 0xfe, 0x6e, 0x0, 0x7f, 0xff, 0xc0,
    0x3f, 0xf9, 0xa8, 0x1, 0xff, 0xff, 0x0, 0xff,
    0xe6, 0x89, 0x0, 0x7f, 0xf9, 0x52, 0x73, 0xbf,
    0xdd, 0x92, 0xa0, 0x1f, 0xfd, 0xd4, 0x0, 0xff,
    0xf1, 0xae, 0xdb, 0x18, 0x80, 0x4, 0xda, 0xbe,
    0x0, 0x3f, 0xfb, 0x78, 0x1, 0xff, 0xe1, 0x1b,
    0xa2, 0x0, 0xff, 0x9f, 0x48, 0x3, 0xff, 0xb2,
    0xe0, 0x1f, 0xfe, 0x1, 0xc4, 0x0, 0xff, 0xe1,
    0x16, 0x8, 0x7, 0xff, 0x60, 0x84, 0x3, 0xff,
    0xbf, 0xa4, 0x1, 0xff, 0xc4, 0x1d, 0x0, 0xff,
    0xec, 0xa8, 0x7, 0xff, 0x7a, 0x4c, 0x3, 0xff,
    0x8c, 0x6c, 0x1, 0xff, 0xd8, 0x20, 0xf, 0xfe,
    0xe9, 0xb0, 0x7, 0xff, 0x22, 0x0, 0x3f, 0xfb,
    0x1e, 0x1, 0xff, 0xdd, 0xf0, 0xf, 0xfe, 0x48,
    0xa0, 0x7, 0xff, 0x5d, 0x40, 0x3f, 0xfb, 0x86,
    0x60, 0xf, 0xfe, 0x56, 0x80, 0x7f, 0xf5, 0xcc,
    0x3, 0xff, 0xb9, 0x20, 0x1f, 0xfc, 0xb7, 0x0,
    0xff, 0xec, 0x8, 0x7, 0xff, 0x6d, 0x40, 0x3f,
    0xf9, 0x62, 0x40, 0x1f, 0xfd, 0x72, 0x0, 0xff,
    0xed, 0x20, 0x7, 0xff, 0x35, 0x0, 0x3f, 0xfa,
    0xea, 0x1, 0xff, 0xda, 0xc0, 0xf, 0xfe, 0x6f,
    0x80, 0x7f, 0xf5, 0xf8, 0x3, 0xff, 0xb4, 0x80,
    0x1f, 0xfc, 0xd5, 0x0, 0xff, 0xeb, 0x90, 0x7,
    0xff, 0x68, 0xc0, 0x3f, 0xf9, 0xa6, 0x1, 0xff,
    0xd7, 0x60, 0xf, 0xfe, 0xc9, 0x0, 0x7f, 0xf3,
    0xc8, 0x3, 0xff, 0xac, 0x40, 0x1f, 0xfd, 0x96,
    0x0, 0xff, 0xe7, 0xb0, 0x7, 0xff, 0x58, 0x40,
    0x3f, 0xfb, 0x24, 0x1, 0xff, 0xcf, 0x10, 0xf,
    0xfe, 0xb9, 0x0, 0x7f, 0xf6, 0x38, 0x3, 0xff,
    0x9e, 0x40, 0x1f, 0xfd, 0x71, 0x0, 0xff, 0xec,
    0x8, 0x7, 0xff, 0x3f, 0xc0, 0x3f, 0xfa, 0xec,
    0x1, 0xff, 0xd8, 0x30, 0xf, 0xfe, 0x79, 0x0,
    0x7f, 0xf5, 0xcc, 0x0, 0x70, 0xca, 0x64, 0x20,
    0x1f, 0xfc, 0xf1, 0x0, 0xff, 0xe7, 0x88, 0x7,
    0xff, 0x5f, 0x80, 0x2, 0xf3, 0x59, 0xbd, 0xfd,
    0xb7, 0x52, 0xec, 0x86, 0x40, 0x1f, 0xff, 0xf0,
    0xe, 0x10, 0xf, 0xf0, 0x92, 0x2b, 0x44, 0xde,
    0x6f, 0xfb, 0xb2, 0xea, 0x1d, 0x50, 0xc4, 0x3,
    0xff, 0xa8, 0xe0, 0x1f, 0xfd, 0x72, 0x0, 0xff,
    0xe5, 0x9, 0xa2, 0xbc, 0x55, 0xe7, 0x7f, 0xb7,
    0x14, 0x3, 0xff, 0x9e, 0x20, 0x1f, 0xfd, 0x77,
    0x0, 0xff, 0xeb, 0x11, 0x88, 0x7, 0xff, 0xcc,
    0x40, 0x3f, 0xff, 0xe0, 0x1f, 0xfc, 0xd3, 0x0,
    0xff, 0xff, 0x80, 0x7f, 0xf3, 0x44, 0x3, 0xff,
    0xfe, 0x1, 0xff, 0xff, 0x0, 0xff, 0xf4, 0x8,
    0x7, 0xff, 0xfc, 0x3, 0xff, 0x9a, 0x60, 0x1f,
    0xff, 0xf0, 0xf, 0xfe, 0x68, 0x80, 0x7f, 0xff,
    0xc0, 0x3f, 0xf9, 0xae, 0x1, 0xff, 0xff, 0x0,
    0xff, 0xff, 0x80, 0x7f, 0xf9, 0xc4, 0x3, 0xff,
    0xfe, 0x1, 0xff, 0xcd, 0x30, 0xf, 0xff, 0xf8,
    0x7, 0xff, 0xfc, 0x3, 0xff, 0xce, 0x20, 0x1f,
    0xff, 0xf0, 0xf, 0xff, 0xf8, 0x7, 0xff, 0x9f,
    0xc0, 0x3f, 0xff, 0xe0, 0x1f, 0xff, 0xf0, 0xf,
    0xff, 0x38, 0x80, 0x7f, 0xff, 0xc0, 0x3f, 0xff,
    0xe0, 0x1f, 0xff, 0xf0, 0xf, 0xff, 0xf8, 0x7,
    0xff, 0xfc, 0x3, 0xff, 0xa0, 0x60, 0x1f, 0xff,
    0xf0, 0xf, 0xff, 0xf8, 0x7, 0xff, 0xfc, 0x3,
    0xff, 0xfe, 0x1, 0xff, 0xff, 0x0, 0xff, 0xff,
    0x80, 0x7f, 0xff, 0xc0, 0x3f, 0xff, 0xe0, 0x1f,
    0xff, 0xf0, 0xf, 0xff, 0xf8, 0x7, 0xff, 0xfc,
    0x3, 0xff, 0xfe, 0x1, 0xff, 0xff, 0x0, 0xff,
    0xff, 0x80, 0x7f, 0xff, 0xc0, 0x3f, 0xff, 0xe0,
    0x1f, 0xff, 0xf0, 0xf, 0xff, 0xf8, 0x7, 0xff,
    0xfc, 0x3, 0xff, 0xfe, 0x1, 0xff, 0xff, 0x0,
    0xff, 0xff, 0x80, 0x7f, 0xff, 0xc0, 0x3f, 0xff,
    0xe0, 0x1f, 0xfc, 0x53, 0x0, 0xff, 0xff, 0x80,
    0x7f, 0xf3, 0xa7, 0x77, 0xff, 0xad, 0x40, 0x1f,
    0xff, 0x52, 0x2f, 0xfe, 0xbb, 0x80, 0x7f, 0xff,
    0xc0, 0x3f, 0xff, 0xe0, 0x1f, 0xfc, 0x31, 0x0,
    0xff, 0xff, 0x80, 0x7f, 0xff, 0xc0, 0x3f, 0xff,
    0xe0, 0x1f, 0xff, 0xf0, 0x7, 0x80, 0x7f, 0xff,
    0xc0, 0x3f, 0xff, 0xe0, 0x1f, 0xff, 0xf0, 0xf,
    0xff, 0xf8, 0x0, 0x40, 0x3f, 0xff, 0xe0, 0x1f,
    0xff, 0xf0, 0xf, 0xff, 0x39, 0x80, 0x7f, 0xff,
    0xc0, 0x3f, 0xff, 0xe0, 0x1f, 0xfe, 0x71, 0x0,
    0xff, 0xff, 0x80, 0x7f, 0xf3, 0x5c, 0x3, 0xff,
    0xfe, 0x1, 0xff, 0xff, 0x0, 0xff, 0xf3, 0x88,
    0x7, 0xff, 0xfc, 0x3, 0xff, 0x9a, 0x60, 0x1f,
    0xff, 0xf0, 0xf, 0xfe, 0x68, 0x80, 0x7f, 0xff,
    0xc0, 0x3f, 0xff, 0xe0, 0x1f, 0xff, 0xf0, 0xf,
    0xff, 0xf8, 0x8, 0x7, 0xff, 0xfc, 0x3, 0xff,
    0x9a, 0x60, 0x1f, 0xff, 0xf0, 0xf, 0xfe, 0x68,
    0x80, 0x7f, 0xff, 0xc0, 0x3f, 0xf9, 0xae, 0x1,
    0xff, 0xff, 0x0, 0xff, 0xe6, 0x88, 0x7, 0xff,
    0xfc, 0x3, 0xff, 0x9a, 0x60, 0x1f, 0xff, 0xf0,
    0xf, 0xfe, 0x68, 0x80, 0x7f, 0xff, 0xc0, 0x3f,
    0xf9, 0xbc, 0x1, 0xff, 0xff, 0x0, 0xff, 0xe6,
    0x98, 0x7, 0xff, 0xd0, 0x40, 0x3f, 0xfa, 0xe2,
    0x1, 0xff, 0xd8, 0x30, 0xf, 0xfe, 0x7b, 0x80,
    0x7f, 0xf5, 0xdc, 0x3, 0xff, 0xe8, 0x20, 0x1f,
    0xfd, 0x72, 0x0, 0xff, 0xec, 0x8, 0x7, 0xff,
    0x3c, 0xc0, 0x3f, 0xfa, 0xe2, 0x2, 0x1, 0xff,
    0xd7, 0x10, 0xf, 0xfe, 0x70, 0x80, 0x7f, 0xf5,
    0x84, 0x3, 0xff, 0xb4, 0x40, 0x1f, 0xfc, 0xee,
    0x0, 0xff, 0xeb, 0x10, 0x7, 0xff, 0x69, 0xc0,
    0x3f, 0xf9, 0xc4, 0x1, 0xff, 0xd6, 0x70, 0x1,
    0x80, 0x7f, 0xf5, 0xc8, 0x3, 0xff, 0x9c, 0xc0,
    0x1f, 0xfd, 0x62, 0x0, 0x8, 0x7, 0xff, 0x5f,
    0xc0, 0x3f, 0xf9, 0xc4, 0x1, 0xff, 0xd6, 0xf0,
    0x7, 0x80, 0x7f, 0xf5, 0xd4, 0x3, 0xff, 0x9a,
    0x60, 0x1f, 0xfd, 0x72, 0x0, 0x10, 0x7, 0xff,
    0x5c, 0xc0, 0x3f, 0xf9, 0xa8, 0x1, 0xff, 0xd7,
    0x60, 0x0, 0x80, 0x7f, 0xf6, 0x8, 0x3, 0xff,
    0x99, 0x80, 0x1f, 0xfd, 0x72, 0x0, 0x30, 0x7,
    0xff, 0x61, 0x40, 0x3f, 0xf9, 0x88, 0x1, 0xff,
    0xd6, 0x20, 0x8, 0x80, 0x3f, 0xfb, 0x16, 0x1,
    0xff, 0xcb, 0x50, 0xf, 0xfe, 0xbb, 0x80, 0x61,
    0x0, 0xff, 0xeb, 0x98, 0x80, 0x7f, 0xf2, 0xa4,
    0x3, 0xff, 0xaf, 0xa0, 0x19, 0x40, 0x3f, 0xfb,
    0xc, 0x1, 0xff, 0xc9, 0x33, 0x0, 0x7f, 0xf5,
    0xcc, 0x3, 0x10, 0x7, 0xff, 0x62, 0x40, 0x3f,
    0xf9, 0x3e, 0x1, 0xff, 0xd8, 0x50, 0xd, 0xe0,
    0x1f, 0xfd, 0x81, 0x90, 0xf, 0xfe, 0x3c, 0x18,
    0x7, 0xff, 0x5c, 0x44, 0x1, 0x94, 0x3, 0xff,
    0xb2, 0xce, 0x1, 0xff, 0xc5, 0x67, 0x0, 0xff,
    0xec, 0x20, 0x7, 0x18, 0x7, 0xff, 0x6a, 0x24,
    0x3, 0xff, 0x87, 0x32, 0x0, 0xff, 0xec, 0xe0,
    0x7, 0x8c, 0x3, 0xff, 0xb4, 0xdd, 0x4, 0x1,
    0xfc, 0x2f, 0xcc, 0x1, 0xff, 0xda, 0x40, 0xf,
    0x20, 0x7, 0xff, 0x6c, 0x5f, 0x75, 0x50, 0xec,
    0xf1, 0x5b, 0xd0, 0x20, 0x1f, 0xfd, 0xa1, 0x20,
    0xf, 0x58, 0x7, 0xff, 0x78, 0x95, 0xe2, 0x61,
    0xd4, 0x80, 0x3f, 0xfb, 0xa8, 0x1, 0xf1, 0x80,
    0x7f, 0xff, 0xc0, 0x3f, 0xf8, 0xbe, 0x1, 0xf9,
    0x40, 0x3f, 0xff, 0xe0, 0x1f, 0xfc, 0x44, 0x0,
    0xfd, 0xe0, 0x1f, 0xff, 0xf0, 0xf, 0xfe, 0x19,
    0x88, 0x7, 0xe5, 0x0, 0xff, 0xff, 0x80, 0x7f,
    0xf0, 0xe8, 0x3, 0xfc, 0xa0, 0x1f, 0xff, 0xf0,
    0xf, 0xfe, 0x13, 0x80, 0x7f, 0xa4, 0x3, 0xff,
    0xfe, 0x1, 0xff, 0xc1, 0x41, 0x0, 0xff, 0x19,
    0x0, 0x7f, 0xff, 0xc0, 0x3f, 0xf8, 0x1e, 0x1,
    0xff, 0xc0, 0xb0, 0xf, 0xff, 0xf8, 0x7, 0xfc,
    0x28, 0x1, 0xff, 0xc0, 0x61, 0x0, 0xff, 0xff,
    0x80, 0x7f, 0xa4, 0x3, 0xff, 0x85, 0x0, 0x1f,
    0xff, 0xf0, 0xf, 0xe1, 0x70, 0xf, 0xfe, 0x13,
    0x10, 0x7, 0xff, 0xfc, 0x3, 0xf3, 0x0, 0x7f,
    0xf1, 0x24, 0x3, 0xff, 0xfe, 0x1, 0xf0, 0xc8,
    0x7, 0xff, 0x11, 0x14, 0x3, 0xff, 0xfe, 0x1,
    0xe8, 0x10, 0xf, 0xfe, 0x2d, 0x88, 0x7, 0xff,
    0xfc, 0x3, 0x1b, 0x0, 0x7f, 0xf1, 0x86, 0x80,
    0x3f, 0xff, 0xe0, 0x1b, 0x80, 0x3f, 0xf9, 0x8,
    0xe0, 0x1f, 0xff, 0xf0, 0x4, 0x10, 0x7, 0xff,
    0x26, 0x14, 0x3, 0xff, 0xfe, 0x8e, 0x1, 0xff,
    0xcb, 0xa3, 0x0, 0xff, 0xfe, 0x95, 0x80, 0x7f,
    0xf3, 0x70, 0xc0, 0x3f, 0xff, 0x63, 0xe0, 0x1f,
    0xfc, 0xfc, 0x30, 0xf, 0xff, 0xc8, 0xe1, 0x0,
    0x7f, 0xf4, 0x31, 0x40, 0x3f, 0xfe, 0xe3, 0x84,
    0x1, 0xff, 0xd2, 0xa8, 0x0, 0xff, 0xfa, 0x97,
    0x90, 0x7, 0xff, 0x51, 0xf0, 0x40, 0x3f, 0xfe,
    0x4b, 0xa2, 0x1, 0xff, 0xd6, 0x3f, 0x60, 0xf,
    0xff, 0x84, 0xd0, 0x7, 0xff, 0x64, 0x67, 0x8,
    0x3, 0xff, 0xd8, 0xbc, 0xc0, 0x1f, 0xfd, 0xc3,
    0xda, 0x20, 0xf, 0xff, 0x41, 0xdd, 0x8, 0x7,
    0xff, 0x7d, 0x76, 0x8c, 0x3, 0xff, 0xc8, 0x77,
    0x88, 0x1, 0xff, 0xe3, 0x5c, 0xc3, 0x8, 0x7,
    0xff, 0x78, 0x5f, 0x71, 0x0, 0x3f, 0xfc, 0xe7,
    0x3d, 0x6c, 0x40, 0x1f, 0xfd, 0x82, 0x7c, 0xe8,
    0x20, 0xf, 0xff, 0x62, 0x4e, 0xf5, 0x39, 0x88,
    0x7, 0xff, 0x38, 0x51, 0xeb, 0xb6, 0xc, 0x3,
    0xff, 0xe4, 0x2b, 0x19, 0xdc, 0xb9, 0x76, 0x43,
    0x21, 0x10, 0x7, 0x84, 0x44, 0x8a, 0xd1, 0x59,
    0xdc, 0xb8, 0x51, 0x0, 0xff, 0xea, 0x80,

    /* U+0036 "6" */
    0x0, 0xff, 0xf0, 0x12, 0x34, 0x4d, 0x66, 0xf7,
    0x3f, 0xfd, 0xdb, 0x97, 0x50, 0xc8, 0x40, 0x1f,
    0xff, 0xf0, 0xf, 0x1b, 0x4e, 0x7e, 0xdc, 0xbb,
    0x29, 0x90, 0x88, 0x3, 0xc2, 0x46, 0x8a, 0xf3,
    0x7b, 0xf9, 0x2c, 0x40, 0x1f, 0xff, 0xc3, 0x7b,
    0xfc, 0x96, 0x30, 0xf, 0xfe, 0x79, 0xb4, 0xee,
    0xa5, 0x0, 0x3f, 0xfe, 0xc7, 0x1b, 0x90, 0x80,
    0x1f, 0xfd, 0x82, 0x6b, 0xe9, 0x30, 0xf, 0xff,
    0x80, 0xb6, 0xe3, 0x90, 0x7, 0xff, 0x78, 0x5b,
    0x30, 0xa0, 0x1f, 0xfe, 0xc1, 0x9e, 0x92, 0x0,
    0xff, 0xf2, 0x1d, 0x6a, 0x80, 0x7f, 0xfa, 0x6,
    0x79, 0x80, 0x3f, 0xfd, 0x25, 0x58, 0x40, 0x1f,
    0xfe, 0x57, 0xe6, 0x0, 0xff, 0xf6, 0x9e, 0xc0,
    0x7, 0xff, 0x88, 0xf6, 0x0, 0x3f, 0xfe, 0x2f,
    0x82, 0x1, 0xff, 0xdf, 0x7c, 0x20, 0xf, 0xff,
    0x99, 0xf9, 0x80, 0x7f, 0xf7, 0x6, 0xe0, 0x3,
    0xff, 0xec, 0x38, 0x80, 0x1f, 0xfd, 0xa1, 0xc4,
    0x0, 0xff, 0xfc, 0xda, 0x80, 0x7f, 0xf6, 0xb,
    0xc8, 0x3, 0xff, 0xf7, 0x48, 0x1, 0xff, 0xd6,
    0x2c, 0x10, 0xf, 0xff, 0xed, 0x90, 0x7, 0xff,
    0x50, 0x70, 0x40, 0x3f, 0xff, 0xf8, 0x20, 0x1f,
    0xfd, 0x3c, 0x10, 0xf, 0xff, 0xf8, 0xd, 0x80,
    0x7f, 0xf4, 0xac, 0x80, 0x3f, 0xff, 0xe0, 0x12,
    0xb0, 0x7, 0xff, 0x41, 0xd0, 0x3, 0xff, 0xfe,
    0x1, 0xd2, 0x20, 0x1f, 0xfc, 0xe3, 0x80, 0xf,
    0xff, 0xf8, 0x7, 0xd6, 0x1, 0xff, 0xce, 0xe0,
    0xf, 0xff, 0xf8, 0x7, 0xe5, 0x40, 0xf, 0xfe,
    0x64, 0x10, 0x7, 0xff, 0xfc, 0x3, 0xfa, 0x0,
    0x3f, 0xf9, 0x64, 0xe0, 0x1f, 0xff, 0xf0, 0xf,
    0xf1, 0xa0, 0x7, 0xff, 0x2a, 0x40, 0x3f, 0xff,
    0xe0, 0x1f, 0xfc, 0x8, 0x0, 0xff, 0xe4, 0x9a,
    0x0, 0x7f, 0xff, 0xc0, 0x3f, 0xf8, 0x6, 0x60,
    0xf, 0xfe, 0x47, 0x80, 0x7f, 0xff, 0xc0, 0x3f,
    0xf8, 0x52, 0x1, 0xff, 0xc7, 0x43, 0x0, 0xff,
    0xff, 0x80, 0x7f, 0xf0, 0x94, 0x40, 0x3f, 0xf8,
    0xde, 0x1, 0xff, 0xff, 0x0, 0xff, 0xe2, 0x30,
    0x7, 0xff, 0x14, 0x90, 0x3, 0xff, 0xfe, 0x1,
    0xff, 0xc4, 0xb0, 0xf, 0xfe, 0x2d, 0x80, 0x7f,
    0xff, 0xc0, 0x3f, 0xf8, 0xa6, 0x40, 0x1f, 0xfc,
    0x46, 0x0, 0xff, 0xff, 0x80, 0x7f, 0xf1, 0x94,
    0x3, 0xff, 0x86, 0xc0, 0x1f, 0xff, 0xf0, 0xf,
    0xfe, 0x3e, 0x0, 0x7f, 0xf0, 0xf4, 0x3, 0xff,
    0xfe, 0x1, 0xff, 0xc7, 0x40, 0xf, 0xfe, 0x10,
    0xa0, 0x7, 0xff, 0xfc, 0x3, 0xff, 0x90, 0x80,
    0x1f, 0xfc, 0x17, 0x0, 0xff, 0xef, 0x9b, 0x56,
    0x6f, 0xfb, 0xb6, 0xe1, 0x0, 0x3f, 0xfb, 0xba,
    0x1, 0xff, 0xc1, 0xa0, 0xf, 0xfe, 0xeb, 0x6e,
    0x4a, 0x99, 0x0, 0x4, 0x91, 0xef, 0x9c, 0x3,
    0xff, 0xb6, 0xa0, 0x1f, 0xfc, 0x13, 0x0, 0xff,
    0xed, 0x96, 0xc9, 0x0, 0x7f, 0xf0, 0x6, 0x38,
    0x80, 0x3f, 0xfb, 0x26, 0x1, 0xff, 0xc0, 0x50,
    0xf, 0xfe, 0xda, 0x69, 0x0, 0x7f, 0xf1, 0x7,
    0x50, 0x3, 0xff, 0xb2, 0x60, 0x1f, 0xf6, 0x0,
    0x7f, 0xf6, 0x8e, 0xc0, 0x3f, 0xf9, 0x14, 0x20,
    0x1f, 0xfd, 0x84, 0x0, 0xff, 0x90, 0x3, 0xff,
    0xb5, 0xa0, 0x1f, 0xfc, 0x91, 0xb0, 0xf, 0xfe,
    0xc7, 0x0, 0x7f, 0x84, 0x80, 0x3f, 0xfb, 0x30,
    0x20, 0x1f, 0xfc, 0xa5, 0x30, 0xf, 0xfe, 0xba,
    0x80, 0x7f, 0x90, 0x3, 0xff, 0xb2, 0x2e, 0x1,
    0xff, 0xcc, 0xa0, 0xf, 0xfe, 0xb9, 0x80, 0x7f,
    0xb4, 0x3, 0xff, 0xb3, 0x20, 0x1f, 0xfc, 0xd6,
    0x0, 0xff, 0xec, 0x10, 0x7, 0xf2, 0x0, 0x7f,
    0xf6, 0x54, 0x3, 0xff, 0x9c, 0x80, 0x1f, 0xfd,
    0x76, 0x0, 0xfe, 0x30, 0xf, 0xfe, 0xc1, 0x90,
    0x7, 0xff, 0x3b, 0x0, 0x3f, 0xfa, 0xe4, 0x1,
    0xf8, 0x80, 0x3f, 0xfb, 0x28, 0x1, 0xff, 0xcf,
    0x40, 0xf, 0xfe, 0xbf, 0x0, 0x7e, 0x70, 0xf,
    0xfe, 0xce, 0x0, 0x7f, 0xf3, 0xcc, 0x3, 0xff,
    0xae, 0x40, 0x1f, 0x88, 0x3, 0xff, 0xb2, 0x80,
    0x1f, 0xfd, 0x2, 0x0, 0xff, 0xeb, 0x30, 0x7,
    0xed, 0x0, 0xff, 0xec, 0x10, 0x7, 0xff, 0x45,
    0x80, 0x3f, 0xfa, 0xc4, 0x1, 0xf9, 0xc0, 0x3f,
    0xfb, 0xe, 0x1, 0xff, 0xd1, 0x20, 0xf, 0xfe,
    0xb0, 0x80, 0x7e, 0x20, 0xf, 0xfe, 0xc1, 0x0,
    0x7f, 0xf4, 0x44, 0x3, 0xff, 0xbc, 0x20, 0x1f,
    0xfd, 0x9e, 0x0, 0xff, 0xe8, 0xf0, 0x7, 0xff,
    0x5c, 0x80, 0x3c, 0x40, 0x1f, 0xfd, 0x92, 0x0,
    0xff, 0xe8, 0x98, 0x7, 0xff, 0x5c, 0x40, 0x3c,
    0xc0, 0x1f, 0xfd, 0x97, 0x0, 0xff, 0xe8, 0x88,
    0x7, 0xff, 0x5d, 0xc0, 0x3c, 0x40, 0x1f, 0xfd,
    0x92, 0x0, 0xff, 0xe8, 0xb8, 0x7, 0xff, 0x5c,
    0x40, 0x3d, 0xc0, 0x1f, 0xfd, 0x91, 0x0, 0xff,
    0xe8, 0x88, 0x7, 0xff, 0x5c, 0xc0, 0x3c, 0x60,
    0x1f, 0xfd, 0x81, 0x0, 0xff, 0xe9, 0x18, 0x7,
    0xff, 0x5c, 0x40, 0x3c, 0xc0, 0x1f, 0xfd, 0x83,
    0x0, 0xff, 0xe9, 0x8, 0x7, 0xff, 0x78, 0x40,
    0x3f, 0xfb, 0x2, 0x1, 0xff, 0xf6, 0xf0, 0xf,
    0x18, 0x7, 0xff, 0x61, 0xc0, 0x3f, 0xff, 0xa2,
    0x1, 0xff, 0xd8, 0x10, 0xf, 0xfe, 0x98, 0x80,
    0x7f, 0xf5, 0x84, 0x3, 0x84, 0x3, 0xff, 0xfe,
    0x1, 0xff, 0xd7, 0x30, 0xf, 0xfe, 0xc9, 0x80,
    0x7f, 0xf4, 0xcc, 0x3, 0xff, 0xb8, 0x20, 0x1f,
    0xfd, 0x91, 0x0, 0xff, 0xfb, 0x18, 0x7, 0x38,
    0x7, 0xff, 0xfc, 0x3, 0xff, 0xfb, 0xe0, 0x1f,
    0xfd, 0x31, 0x0, 0xff, 0xee, 0x8, 0x7, 0xff,
    0xfc, 0x3, 0xff, 0xae, 0x60, 0x1f, 0xff, 0xf0,
    0xf, 0xfe, 0xb8, 0x80, 0x7f, 0xf6, 0x44, 0x3,
    0xff, 0xfe, 0x1, 0xff, 0xff, 0x0, 0xff, 0xff,
    0x80, 0x7f, 0xfe, 0x7c, 0x3, 0xff, 0xfe, 0x1,
    0xff, 0xff, 0x0, 0xff, 0xff, 0x80, 0x7f, 0xff,
    0xc0, 0x3f, 0xff, 0xe0, 0x1f, 0xff, 0xf0, 0xf,
    0xff, 0xf8, 0x7, 0xff, 0x44, 0x40, 0x3f, 0xff,
    0x2c, 0x23, 0xff, 0xd6, 0x30, 0xf, 0xff, 0xfd,
    0x77, 0x7f, 0xf5, 0xa4, 0x3, 0xff, 0xfe, 0x1,
    0xff, 0xff, 0x0, 0xff, 0xff, 0x80, 0x7f, 0xff,
    0xc0, 0x3f, 0xff, 0xe0, 0x1f, 0xff, 0xf0, 0xf,
    0xff, 0xf8, 0x7, 0xff, 0xfc, 0x3, 0xff, 0xfe,
    0x1, 0xff, 0xff, 0x0, 0xff, 0xff, 0x80, 0x7f,
    0xff, 0xc0, 0x3f, 0xff, 0xe0, 0x1f, 0xff, 0xf0,
    0xf, 0xff, 0xf8, 0x7, 0xff, 0xfc, 0x3, 0xff,
    0xfe, 0x1, 0xff, 0xff, 0x0, 0xff, 0xff, 0x80,
    0x7f, 0xff, 0xc0, 0x3f, 0xff, 0xe0, 0x1f, 0xff,
    0xf0, 0xf, 0xff, 0xf8, 0x7, 0xff, 0xfc, 0x3,
    0xff, 0xfe, 0x1, 0xff, 0xff, 0x0, 0xff, 0xff,
    0x80, 0x7f, 0xff, 0xc0, 0x3f, 0xff, 0x64, 0x8f,
    0x37, 0xba, 0xef, 0xfd, 0xdb, 0x97, 0x2e, 0xa4,
    0x1, 0xff, 0xff, 0x0, 0xff, 0xe0, 0x13, 0x57,
    0x6d, 0xc3, 0x21, 0x10, 0x40, 0x30, 0x91, 0xa3,
    0x45, 0x6f, 0xe4, 0x20, 0x7, 0xff, 0xfc, 0x3,
    0x85, 0xb3, 0x65, 0x44, 0x3, 0xff, 0x92, 0x6f,
    0x7f, 0x48, 0x1, 0xff, 0xff, 0x2a, 0xe9, 0x30,
    0xf, 0xfe, 0x8a, 0xdf, 0x38, 0x80, 0x7f, 0xfe,
    0x8e, 0xf5, 0x40, 0x3f, 0xfa, 0xc3, 0x1d, 0x2,
    0x1, 0xff, 0xf7, 0x9c, 0x40, 0xf, 0xfe, 0xdb,
    0xfb, 0x0, 0x7f, 0xfd, 0x13, 0x58, 0x3, 0xff,
    0xbc, 0x33, 0x82, 0x1, 0xff, 0xf1, 0x6b, 0x20,
    0xf, 0xff, 0x9, 0xfa, 0x0, 0x7f, 0xfb, 0xe2,
    0x40, 0x3f, 0xfc, 0x83, 0x6c, 0x1, 0xff, 0xed,
    0x97, 0x0, 0xff, 0xf3, 0xcb, 0x80, 0x7f, 0xfa,
    0xdd, 0x80, 0x3f, 0xfd, 0x31, 0x0, 0xf, 0xff,
    0x4e, 0x40, 0x7, 0xff, 0xad, 0xd8, 0x3, 0xff,
    0xd0, 0xa0, 0x1f, 0xfe, 0xd9, 0x40, 0xf, 0xff,
    0xf8, 0x7, 0xff, 0x5e, 0xc8, 0x3, 0xff, 0xfe,
    0x1, 0xff, 0xd7, 0xe0, 0xf, 0xff, 0xf8, 0x7,
    0xff, 0x5c, 0xe0, 0x3, 0xff, 0xfe, 0x1, 0xff,
    0xd7, 0x72, 0x0, 0xff, 0xff, 0x80, 0x7f, 0xf5,
    0xe4, 0x3, 0xff, 0xfe, 0x1, 0xff, 0xd7, 0x45,
    0x0, 0xff, 0xff, 0x80, 0x7f, 0xf5, 0xe0, 0x3,
    0xff, 0xfe, 0x1, 0xff, 0xd7, 0x25, 0x0, 0xff,
    0xff, 0x80, 0x7f, 0xf5, 0xe0, 0x3, 0xff, 0xfe,
    0x1, 0xff, 0xd7, 0x24, 0x0, 0xff, 0xff, 0x80,
    0x7f, 0xf5, 0xfc, 0x3, 0xff, 0xfe, 0x1, 0xff,
    0xd7, 0x42, 0x0, 0xff, 0xff, 0x80, 0x7f, 0xf5,
    0xe8, 0x3, 0xff, 0xfe, 0x1, 0xff, 0xd7, 0x50,
    0xf, 0xff, 0xf8, 0x7, 0xff, 0x5c, 0x88, 0x1,
    0xff, 0xff, 0x0, 0xff, 0xeb, 0xd0, 0x7, 0xff,
    0xfc, 0x3, 0xff, 0xae, 0xa0, 0x1f, 0xff, 0xf0,
    0xf, 0xfe, 0xb9, 0x8, 0x7, 0xff, 0xfc, 0x3,
    0xff, 0xae, 0x80, 0x1f, 0xff, 0x1, 0x10, 0x7,
    0xff, 0x93, 0xc0, 0x3f, 0xfd, 0x44, 0xf5, 0xbf,
    0xee, 0xe7, 0xfb, 0x65, 0x40, 0x3f, 0xfb, 0xe8,
    0x1, 0xff, 0xe7, 0x17, 0xdd, 0x42, 0x90, 0x7,
    0x89, 0xab, 0x9c, 0x3, 0xff, 0xba, 0x22, 0x0,
    0xff, 0xf2, 0xbf, 0xc1, 0x0, 0x7f, 0xf0, 0x46,
    0x34, 0x80, 0x3f, 0xfb, 0x88, 0x1, 0xff, 0xe3,
    0x3d, 0x81, 0x0, 0xff, 0xe2, 0x96, 0x20, 0x7,
    0xff, 0x6f, 0x40, 0x3f, 0xfc, 0x4d, 0x84, 0x1,
    0xff, 0xc8, 0x1b, 0x20, 0xf, 0xfe, 0xd1, 0x80,
    0x7f, 0xf8, 0x5e, 0x40, 0x3f, 0xf9, 0x9e, 0x1,
    0xff, 0xda, 0x50, 0xf, 0xff, 0x3, 0x40, 0x7,
    0xff, 0x34, 0x9c, 0x3, 0xff, 0xb2, 0x22, 0x0,
    0xff, 0xef, 0x1c, 0x80, 0x7f, 0xf3, 0xe0, 0x40,
    0x3f, 0xfb, 0x2a, 0x1, 0xff, 0xde, 0xe0, 0xf,
    0xfe, 0x8b, 0x0, 0x7f, 0xf6, 0x4c, 0x3, 0xff,
    0xba, 0xc4, 0x1, 0xff, 0xd1, 0x90, 0xf, 0xfe,
    0xcf, 0x0, 0x7f, 0xf7, 0x6c, 0x3, 0xff, 0xa4,
    0x28, 0x1, 0xff, 0xd8, 0x50, 0xf, 0xfe, 0xe1,
    0x90, 0x7, 0xff, 0x4f, 0x40, 0x3f, 0xfb, 0x4,
    0x1, 0xff, 0xdc, 0x40, 0xf, 0xfe, 0xa2, 0x0,
    0x7f, 0xf6, 0x4, 0x3, 0xff, 0xb9, 0xc0, 0x1f,
    0xfd, 0x42, 0x10, 0xf, 0xfe, 0xc1, 0x0, 0x7f,
    0xff, 0x50, 0x3, 0xff, 0xb0, 0xc0, 0x1f, 0xff,
    0xdd, 0x0, 0xff, 0xec, 0x10, 0x7, 0xff, 0xf4,
    0xc0, 0x3f, 0xfb, 0x1c, 0x1, 0xff, 0xfd, 0x60,
    0xf, 0xfe, 0xc1, 0x0, 0x7f, 0xff, 0x48, 0x3,
    0xff, 0xb0, 0x20, 0x1f, 0xff, 0xe2, 0x0, 0xff,
    0xeb, 0xb0, 0x7, 0xff, 0xf9, 0x80, 0x3f, 0xfa,
    0xe6, 0x1, 0xff, 0xfe, 0x10, 0xf, 0xfe, 0xb8,
    0x80, 0x7f, 0xff, 0x88, 0x3, 0xff, 0xb0, 0x20,
    0x1f, 0xff, 0xdf, 0x0, 0xff, 0xec, 0x18, 0x7,
    0xff, 0xf4, 0x40, 0x3f, 0xfb, 0x2, 0x1, 0xff,
    0xfd, 0x20, 0xf, 0xfe, 0xc3, 0x80, 0x7f, 0xff,
    0x5c, 0x3, 0xff, 0xb0, 0x20, 0x1f, 0xff, 0xd1,
    0x0, 0xff, 0xec, 0x18, 0x7, 0xff, 0xfc, 0x3,
    0xff, 0xae, 0x20, 0x1f, 0xff, 0xd3, 0x0, 0xff,
    0xec, 0x78, 0x7, 0xff, 0xf4, 0x40, 0x3f, 0xff,
    0xe0, 0x1f, 0xff, 0xc1, 0x0, 0xff, 0xff, 0x80,
    0x7f, 0xff, 0xc0, 0x3f, 0xff, 0x66, 0x1, 0xff,
    0xff, 0x0, 0xff, 0xff, 0x80, 0x7f, 0xfe, 0xc4,
    0x3, 0xff, 0xfc, 0x20, 0x1f, 0xff, 0xf0, 0xf,
    0xff, 0xf8, 0x7, 0xff, 0xfc, 0x3, 0xff, 0xfe,
    0x1, 0xff, 0xff, 0x0, 0xff, 0xff, 0x80, 0x7f,
    0xff, 0xc0, 0x3f, 0xff, 0xe0, 0x1f, 0xff, 0xf0,
    0xf, 0xfe, 0x73, 0x80, 0x7f, 0xff, 0xc0, 0x3f,
    0xff, 0xe0, 0x1f, 0xff, 0xf0, 0xf, 0xff, 0xf8,
    0x7, 0xff, 0xfc, 0x3, 0xff, 0xfe, 0x1, 0xff,
    0xff, 0x0, 0xff, 0xe9, 0x8, 0x7, 0xff, 0xfc,
    0x3, 0xff, 0xfe, 0x1, 0xff, 0xff, 0x0, 0xff,
    0xff, 0x80, 0x7f, 0xff, 0xc0, 0x3f, 0xff, 0x1e,
    0x1, 0xff, 0xff, 0x0, 0xff, 0xff, 0x80, 0x7f,
    0xff, 0xc0, 0x3f, 0xff, 0xe0, 0x1f, 0xfd, 0x37,
    0x0, 0xff, 0xff, 0x80, 0x7f, 0xf6, 0x4, 0x3,
    0xff, 0xfe, 0x1, 0xff, 0xff, 0x0, 0xff, 0xfd,
    0x98, 0x7, 0xff, 0xfc, 0x3, 0xff, 0xae, 0x20,
    0x1f, 0xff, 0xf0, 0xf, 0xff, 0xf8, 0x7, 0xff,
    0xe8, 0x5c, 0x3, 0xff, 0xfe, 0x1, 0xff, 0xd7,
    0x10, 0xf, 0xfe, 0xc8, 0x80, 0x7f, 0xfe, 0xcc,
    0xc0, 0x1f, 0xff, 0xd1, 0x0, 0xff, 0xeb, 0x88,
    0x80, 0x3f, 0xfb, 0x3e, 0x1, 0xff, 0xff, 0x0,
    0xff, 0xeb, 0x88, 0x7, 0xff, 0xef, 0xc0, 0x40,
    0x3f, 0xff, 0xe0, 0x1f, 0xfd, 0x51, 0x2, 0x0,
    0xff, 0xec, 0x10, 0x7, 0xff, 0xec, 0xc1, 0xc0,
    0x3f, 0xfb, 0xe, 0x1, 0xff, 0xd6, 0x10, 0xf,
    0xfe, 0xc0, 0x80, 0x80, 0x7f, 0xf6, 0x4, 0x3,
    0xff, 0xf6, 0xe0, 0x40, 0x1f, 0xfd, 0x83, 0x0,
    0xff, 0xeb, 0x18, 0x7, 0xff, 0x60, 0x43, 0xc0,
    0x3f, 0xfb, 0x2, 0x1, 0xff, 0xd6, 0x10, 0xf,
    0xfe, 0xc1, 0x81, 0x0, 0x7f, 0xf6, 0x48, 0x3,
    0xff, 0xaa, 0xe0, 0x1f, 0xfd, 0x81, 0x1, 0x0,
    0xff, 0xec, 0xb0, 0x7, 0xff, 0x54, 0x80, 0x3f,
    0xfa, 0xe4, 0x0, 0x50, 0xf, 0xfe, 0xc9, 0x0,
    0x7f, 0xf5, 0x44, 0x3, 0xff, 0xae, 0x20, 0x1,
    0x0, 0xff, 0xec, 0xf8, 0x7, 0xff, 0x57, 0x80,
    0x3f, 0xfa, 0xec, 0x1, 0x10, 0x7, 0xff, 0x61,
    0x40, 0x3f, 0xfa, 0xa4, 0x1, 0xff, 0xd7, 0x30,
    0x9, 0x80, 0x3f, 0xfb, 0x6, 0x1, 0xff, 0xd5,
    0x50, 0xf, 0xfe, 0xbf, 0x80, 0x44, 0x1, 0xff,
    0xd9, 0x30, 0xf, 0xfe, 0xa0, 0x80, 0x7f, 0xf5,
    0xc8, 0x2, 0xf0, 0xf, 0xfe, 0xca, 0x0, 0x7f,
    0xf4, 0xcc, 0x3, 0xff, 0xb0, 0xc0, 0x11, 0x0,
    0x7f, 0xf6, 0x70, 0x3, 0xff, 0xa6, 0xa0, 0x1f,
    0xfd, 0x82, 0x0, 0x98, 0x3, 0xff, 0xb2, 0x80,
    0x1f, 0xfd, 0x3d, 0x0, 0xff, 0xeb, 0x90, 0x6,
    0x20, 0xf, 0xfe, 0xd3, 0x0, 0x7f, 0xf4, 0x90,
    0x3, 0xff, 0xae, 0xc0, 0x1c, 0x60, 0x1f, 0xfd,
    0x9b, 0x0, 0xff, 0xe8, 0xa0, 0x7, 0xff, 0x60,
    0xc0, 0x39, 0x40, 0x3f, 0xfb, 0x24, 0x80, 0x1f,
    0xfd, 0xe, 0x0, 0xff, 0xec, 0x68, 0x7, 0x60,
    0x7, 0xff, 0x6a, 0x40, 0x3f, 0xf9, 0xe2, 0xa0,
    0x1f, 0xfd, 0x87, 0x0, 0xe7, 0x0, 0xff, 0xed,
    0x13, 0x0, 0x7f, 0xf3, 0xa0, 0x3, 0xff, 0xb2,
    0x40, 0x1c, 0x42, 0x1, 0xff, 0xda, 0x92, 0x0,
    0xff, 0xe6, 0x23, 0x0, 0x7f, 0xf6, 0x10, 0x3,
    0xe4, 0x0, 0xff, 0xed, 0xe0, 0x80, 0x7f, 0xf2,
    0x86, 0x80, 0x3f, 0xfb, 0x26, 0x1, 0xf6, 0x0,
    0x7f, 0xf6, 0xc7, 0x8, 0x3, 0xff, 0x90, 0x58,
    0x20, 0x1f, 0xfd, 0x9c, 0x0, 0xf9, 0xc0, 0x3f,
    0xfb, 0x85, 0xac, 0x1, 0xff, 0xc6, 0x5c, 0x20,
    0xf, 0xfe, 0xd2, 0x80, 0x7c, 0x24, 0x1, 0xff,
    0xdd, 0x9d, 0x50, 0xf, 0xfe, 0x12, 0xe5, 0x8,
    0x7, 0xff, 0x68, 0xc4, 0x3, 0xf2, 0x80, 0x7f,
    0xf7, 0x8a, 0xba, 0x9c, 0xc8, 0x40, 0x2, 0x48,
    0xf5, 0xf4, 0x60, 0x1f, 0xfd, 0xc4, 0x0, 0xfe,
    0xb0, 0xf, 0xff, 0x0, 0xac, 0x66, 0xf7, 0xfb,
    0xb6, 0xe1, 0x40, 0x3f, 0xfb, 0xf8, 0x1, 0xfc,
    0x64, 0x1, 0xff, 0xff, 0x0, 0xff, 0xe6, 0x20,
    0x7, 0xfa, 0x80, 0x3f, 0xff, 0xe0, 0x1f, 0xfc,
    0xb5, 0x0, 0xff, 0x98, 0x3, 0xff, 0xfe, 0x1,
    0xff, 0xcb, 0xf0, 0xf, 0xf8, 0x50, 0x3, 0xff,
    0xfe, 0x1, 0xff, 0xca, 0x50, 0xf, 0xfe, 0x7,
    0x80, 0x7f, 0xff, 0xc0, 0x3f, 0xf9, 0x2c, 0x1,
    0xff, 0xc1, 0x42, 0x0, 0xff, 0xff, 0x80, 0x7f,
    0xf2, 0x28, 0x3, 0xff, 0x85, 0x60, 0x1f, 0xff,
    0xf0, 0xf, 0xfe, 0x39, 0x98, 0x3, 0xff, 0x84,
    0xc2, 0x1, 0xff, 0xff, 0x0, 0xff, 0xe3, 0x48,
    0x7, 0xff, 0x12, 0x0, 0x3f, 0xff, 0xe0, 0x1f,
    0xfc, 0x52, 0x50, 0xf, 0xfe, 0x23, 0x10, 0x7,
    0xff, 0xfc, 0x3, 0xff, 0x89, 0x0, 0x1f, 0xfc,
    0x69, 0x0, 0xff, 0xff, 0x80, 0x7f, 0xf0, 0xc9,
    0x40, 0x3f, 0xf8, 0xc8, 0x80, 0xf, 0xff, 0xf8,
    0x7, 0xff, 0xa, 0x40, 0x3f, 0xf9, 0x14, 0x1,
    0xff, 0xff, 0x0, 0xff, 0xe0, 0xaa, 0x0, 0x7f,
    0xf2, 0x6, 0x40, 0x3f, 0xff, 0xe0, 0x1f, 0xfc,
    0xb, 0x0, 0xff, 0xe5, 0x32, 0x80, 0x7f, 0xff,
    0xc0, 0x3f, 0xd4, 0x20, 0x1f, 0xfc, 0xba, 0x20,
    0xf, 0xff, 0xf8, 0x7, 0xe6, 0x50, 0xf, 0xfe,
    0x6f, 0x88, 0x7, 0xff, 0xfc, 0x3, 0xc5, 0x20,
    0x1f, 0xfc, 0xe2, 0xd0, 0xf, 0xff, 0xf8, 0x7,
    0xe, 0x0, 0x7f, 0xf4, 0xe, 0xc0, 0x3f, 0xff,
    0xe0, 0x10, 0xe0, 0x80, 0x7f, 0xf4, 0x52, 0xc0,
    0x3f, 0xff, 0xe0, 0xd, 0x20, 0xf, 0xfe, 0x9a,
    0x60, 0x80, 0x7f, 0xff, 0x47, 0xc, 0x3, 0xff,
    0xaa, 0x7e, 0x60, 0x1f, 0xff, 0xb2, 0xc3, 0x0,
    0xff, 0xeb, 0x8e, 0x30, 0x7, 0xff, 0xe5, 0x30,
    0x80, 0x3f, 0xfb, 0x53, 0x62, 0x1, 0xff, 0xf6,
    0x8b, 0x10, 0xf, 0xfe, 0xe2, 0x7b, 0x0, 0x7f,
    0xfc, 0xcf, 0x1c, 0x3, 0xff, 0xbe, 0x33, 0x88,
    0x1, 0xff, 0xef, 0x19, 0xc3, 0x0, 0xff, 0xf1,
    0x1d, 0xd8, 0xc0, 0x3f, 0xfd, 0x63, 0x1c, 0xc0,
    0x1f, 0xfe, 0x64, 0xcc, 0x28, 0x7, 0xff, 0x9c,
    0xa7, 0x9c, 0x3, 0xff, 0xd4, 0x75, 0xd2, 0x60,
    0x1f, 0xfe, 0x11, 0x6c, 0xd6, 0x0, 0xff, 0xf7,
    0xb, 0x67, 0x4a, 0x88, 0x7, 0xff, 0x68, 0xe3,
    0x3a, 0x4c, 0x3, 0xff, 0xe6, 0x2d, 0x5d, 0xb4,
    0xc6, 0x20, 0x1f, 0xfd, 0x2, 0x58, 0xcf, 0xc7,
    0x30, 0xf, 0xff, 0xd1, 0x2c, 0xe7, 0x73, 0x2a,
    0x19, 0x50, 0xc8, 0x40, 0x3c, 0x23, 0x11, 0xab,
    0x3c, 0xde, 0xfe, 0xd3, 0x98, 0x7, 0xff, 0x60,

    /* U+0037 "7" */
    0x2, 0x2f, 0xff, 0xf9, 0x17, 0xff, 0x58, 0x53,
    0x77, 0xff, 0xff, 0xbb, 0xff, 0xd7, 0x0, 0xff,
    0xff, 0x80, 0x7f, 0xff, 0xc0, 0x3f, 0xff, 0xe0,
    0x1f, 0xff, 0xf0, 0xf, 0xff, 0xf8, 0x7, 0xff,
    0xfc, 0x3, 0xff, 0xfe, 0x1, 0xff, 0xff, 0x0,
    0xff, 0xff, 0x80, 0x7f, 0xff, 0xc0, 0x3f, 0xff,
    0xe0, 0x1f, 0xff, 0xf0, 0xf, 0xff, 0xf8, 0x7,
    0xff, 0xfc, 0x3, 0xff, 0xfe, 0x1, 0xff, 0xff,
    0x0, 0xff, 0xff, 0x80, 0x7f, 0xff, 0xc0, 0x3f,
    0xff, 0xe0, 0x1f, 0xff, 0xf0, 0xf, 0xff, 0xf8,
    0x7, 0xff, 0xfc, 0x3, 0xff, 0xfe, 0x1, 0xff,
    0xff, 0x0, 0xff, 0xff, 0x80, 0x7f, 0xff, 0xc0,
    0x3f, 0xff, 0xe0, 0x1f, 0xff, 0xf0, 0xf, 0xff,
    0xf8, 0x7, 0xff, 0xfc, 0x3, 0xff, 0xfe, 0x1,
    0xff, 0xff, 0x0, 0xff, 0xff, 0x80, 0x7f, 0xff,
    0xc0, 0x3f, 0xff, 0xe0, 0x1f, 0xff, 0xf0, 0xf,
    0xff, 0xf8, 0x7, 0xff, 0xfc, 0x3, 0xff, 0xfe,
    0x1, 0xff, 0xfb, 0x70, 0xf, 0xff, 0xf8, 0x7,
    0xff, 0x5c, 0x80, 0x3f, 0xff, 0xe0, 0x1f, 0xfd,
    0x7e, 0x0, 0xff, 0xff, 0x80, 0x7f, 0xf5, 0xcc,
    0x3, 0xff, 0xfe, 0x1, 0xff, 0xd7, 0x50, 0xf,
    0xff, 0xf8, 0x7, 0xff, 0x58, 0x44, 0x9f, 0xff,
    0xff, 0xa6, 0x0, 0xff, 0xec, 0xa0, 0x7, 0xff,
    0xf1, 0xc0, 0x3f, 0xfb, 0x38, 0x1, 0xff, 0xfb,
    0x41, 0x0, 0xff, 0xec, 0xa8, 0x7, 0xff, 0xef,
    0x40, 0x3f, 0xfb, 0x22, 0x60, 0x1f, 0xff, 0xb7,
    0x0, 0xff, 0xec, 0xa0, 0x7, 0xff, 0xed, 0x4,
    0x3, 0xff, 0xb3, 0x80, 0x1f, 0xff, 0xbe, 0x0,
    0xff, 0xed, 0x38, 0x7, 0xff, 0xed, 0x40, 0x3f,
    0xfb, 0x26, 0x20, 0x1f, 0xff, 0xa5, 0x0, 0xff,
    0xed, 0x58, 0x7, 0xff, 0xef, 0x80, 0x3f, 0xfb,
    0x4a, 0x1, 0xff, 0xfa, 0x14, 0x0, 0xff, 0xec,
    0x91, 0x0, 0x3f, 0xff, 0x4c, 0x1, 0xff, 0xda,
    0xa0, 0xf, 0xff, 0xdd, 0x0, 0x7f, 0xf6, 0x98,
    0x3, 0xff, 0xf4, 0x64, 0x1, 0xff, 0xd9, 0x31,
    0x0, 0xff, 0xfd, 0x58, 0x7, 0xff, 0x6a, 0x80,
    0x3f, 0xff, 0x6c, 0x1, 0xff, 0xda, 0x70, 0xf,
    0xff, 0xd2, 0x8, 0x7, 0xff, 0x65, 0x44, 0x3,
    0xff, 0xf5, 0xc0, 0x1f, 0xfd, 0xae, 0x0, 0xff,
    0xfd, 0xa8, 0x7, 0xff, 0x64, 0x90, 0x3, 0xff,
    0xf4, 0xc0, 0x1f, 0xfd, 0xaa, 0x0, 0xff, 0xfd,
    0xe8, 0x7, 0xff, 0x69, 0x80, 0x3f, 0xff, 0x42,
    0x80, 0x1f, 0xfd, 0x95, 0x10, 0xf, 0xff, 0xd3,
    0x0, 0x7f, 0xf6, 0xa4, 0x3, 0xff, 0xf7, 0x60,
    0x1f, 0xfd, 0x93, 0x30, 0x7, 0xff, 0xe8, 0x8c,
    0x3, 0xff, 0xb3, 0x40, 0x1f, 0xff, 0xb5, 0x0,
    0xff, 0xec, 0x8b, 0x0, 0x7f, 0xfe, 0xe8, 0x3,
    0xff, 0xb2, 0xc0, 0x1f, 0xff, 0xb2, 0x20, 0x7,
    0xff, 0x66, 0x80, 0x3f, 0xff, 0x74, 0x1, 0xff,
    0xd9, 0x42, 0x0, 0xff, 0xfd, 0xa8, 0x7, 0xff,
    0x67, 0xc0, 0x3f, 0xff, 0x66, 0x40, 0x1f, 0xfd,
    0x81, 0x40, 0xf, 0xff, 0xdd, 0x80, 0x7f, 0xf6,
    0x64, 0x3, 0xff, 0xf8, 0xa0, 0x1f, 0xfd, 0x96,
    0x0, 0xff, 0xfd, 0x99, 0x0, 0x7f, 0xf6, 0x10,
    0x40, 0x3f, 0xff, 0x76, 0x1, 0xff, 0xd9, 0xf0,
    0xf, 0xff, 0xe2, 0x80, 0x7f, 0xf6, 0x5, 0x0,
    0x3f, 0xff, 0x66, 0x40, 0x1f, 0xfd, 0x86, 0x0,
    0xff, 0xfe, 0x58, 0x7, 0xff, 0x66, 0x80, 0x3f,
    0xff, 0x8a, 0x1, 0xff, 0xd8, 0x32, 0x0, 0xff,
    0xfd, 0x91, 0x0, 0x3f, 0xfb, 0x14, 0x1, 0xff,
    0xfc, 0xa0, 0xf, 0xfe, 0xcb, 0x0, 0x7f, 0xff,
    0x14, 0x3, 0xff, 0xb0, 0xa0, 0x1f, 0xff, 0xc2,
    0x20, 0x7, 0xff, 0x63, 0x80, 0x3f, 0xff, 0x8a,
    0x1, 0xff, 0xd8, 0x14, 0x0, 0xff, 0xfe, 0x58,
    0x7, 0xff, 0x61, 0x80, 0x3f, 0xff, 0x84, 0x60,
    0x1f, 0xfd, 0x8b, 0x0, 0xff, 0xfe, 0x28, 0x7,
    0xff, 0x60, 0x8c, 0x3, 0xff, 0xf9, 0x40, 0x1f,
    0xfd, 0x8a, 0x0, 0xff, 0xfe, 0x11, 0x0, 0x3f,
    0xfb, 0xa, 0x1, 0xff, 0xfc, 0xa0, 0xf, 0xfe,
    0xc1, 0x90, 0x7, 0xff, 0xf1, 0x40, 0x3f, 0xfb,
    0x14, 0x1, 0xff, 0xfc, 0x32, 0x0, 0xff, 0xec,
    0x38, 0x7, 0xff, 0xf2, 0x80, 0x3f, 0xfb, 0x8,
    0x20, 0x1f, 0xff, 0xc7, 0x0, 0xff, 0xec, 0x68,
    0x7, 0xff, 0xf1, 0x4, 0x3, 0xff, 0xb0, 0xe0,
    0x1f, 0xff, 0xcd, 0x0, 0xff, 0xec, 0x20, 0x80,
    0x7f, 0xff, 0x1c, 0x3, 0xff, 0xb1, 0xa0, 0x1f,
    0xff, 0xc4, 0x10, 0xf, 0xfe, 0xc3, 0x80, 0x7f,
    0xff, 0x38, 0x3, 0xff, 0xb0, 0x82, 0x1, 0xff,
    0xfc, 0x50, 0xf, 0xfe, 0xc6, 0x80, 0x7f, 0xff,
    0x14, 0x3, 0xff, 0xb2, 0xe0, 0x1f, 0xff, 0xcf,
    0x0, 0xff, 0xec, 0x20, 0x80, 0x7f, 0xff, 0x14,
    0x3, 0xff, 0xb1, 0xa0, 0x1f, 0xff, 0xc5, 0x0,
    0xff, 0xec, 0xb8, 0x7, 0xff, 0xf3, 0xc0, 0x3f,
    0xfb, 0x6, 0x20, 0x1f, 0xff, 0xc5, 0x0, 0xff,
    0xec, 0x58, 0x7, 0xff, 0xf1, 0x40, 0x3f, 0xfb,
    0x2a, 0x1, 0xff, 0xfc, 0xe0, 0xf, 0xfe, 0xc1,
    0x10, 0x3, 0xff, 0xf8, 0x80, 0x1f, 0xfd, 0x85,
    0x0, 0xff, 0xfe, 0x28, 0x7, 0xff, 0x66, 0xc0,
    0x3f, 0xff, 0x9c, 0x1, 0xff, 0xd8, 0x13, 0x0,
    0xff, 0xfe, 0x20, 0x7, 0xff, 0x61, 0xc0, 0x3f,
    0xff, 0x8a, 0x1, 0xff, 0xd9, 0xd0, 0xf, 0xff,
    0xe7, 0x0, 0x7f, 0xf6, 0x5, 0x0, 0x3f, 0xff,
    0x88, 0x1, 0xff, 0xd8, 0x40, 0xf, 0xff, 0xe2,
    0x80, 0x7f, 0xf6, 0x78, 0x3, 0xff, 0xf9, 0xc0,
    0x1f, 0xfd, 0x94, 0x0, 0xff, 0xfe, 0x20, 0x7,
    0xff, 0x61, 0x40, 0x3f, 0xff, 0x8a, 0x1, 0xff,
    0xd9, 0xc0, 0xf, 0xff, 0xe7, 0x80, 0x7f, 0xf6,
    0x5c, 0x3, 0xff, 0xf8, 0xa0, 0x1f, 0xfd, 0x83,
    0x10, 0xf, 0xff, 0xda, 0x80, 0x7f, 0xf6, 0x6c,
    0x3, 0xff, 0xf9, 0xe0, 0x1f, 0xfd, 0x94, 0x0,
    0xff, 0xfe, 0x28, 0x7, 0xff, 0x60, 0x4c, 0x3,
    0xff, 0xf6, 0x80, 0x1f, 0xfd, 0x97, 0x0, 0xff,
    0xfe, 0x70, 0x7, 0xff, 0x67, 0x40, 0x3f, 0xff,
    0x88, 0x1, 0xff, 0xd9, 0x40, 0xf, 0xff, 0xda,
    0x8, 0x7, 0xff, 0x61, 0x0, 0x3f, 0xff, 0x9a,
    0x1, 0xff, 0xd9, 0xd0, 0xf, 0xff, 0xe3, 0x80,
    0x7f, 0xf6, 0x50, 0x3, 0xff, 0xf6, 0x62, 0x1,
    0xff, 0xd8, 0x22, 0x0, 0x7f, 0xfe, 0xec, 0x3,
    0xff, 0xb2, 0x80, 0x1f, 0xff, 0xc6, 0x0, 0xff,
    0xec, 0xe8, 0x7, 0xff, 0xec, 0xc4, 0x3, 0xff,
    0xb2, 0x80, 0x1f, 0xff, 0xbb, 0x0, 0xff, 0xec,
    0xa0, 0x7, 0xff, 0xf1, 0x40, 0x3f, 0xfb, 0x38,
    0x1, 0xff, 0xfb, 0x22, 0x0, 0x7f, 0xf6, 0x50,
    0x3, 0xff, 0xf6, 0xa0, 0x1f, 0xfd, 0x91, 0x30,
    0xf, 0xff, 0xde, 0x0, 0x7f, 0xf6, 0x50, 0x3,
    0xff, 0xf6, 0x28, 0x1, 0xff, 0xd9, 0xf0, 0xf,
    0xff, 0xda, 0x0, 0x7f, 0xf6, 0x90, 0x3, 0xff,
    0xf7, 0xe0, 0x1f, 0xfd, 0x92, 0x10, 0xf, 0xff,
    0xda, 0x0, 0x7f, 0xf6, 0x50, 0x3, 0xff, 0xf6,
    0x82, 0x1, 0xff, 0xd9, 0xd0, 0xf, 0xff, 0xde,
    0x80, 0x7f, 0xf6, 0x90, 0x3, 0xff, 0xf6, 0x80,
    0x1f, 0xfd, 0x93, 0x0, 0xff, 0xfd, 0x91, 0x0,
    0x3f, 0xfb, 0x28, 0x1, 0xff, 0xfb, 0x50, 0xf,
    0xfe, 0xd6, 0x0, 0x7f, 0xfe, 0xec, 0x3, 0xff,
    0xb4, 0x80, 0x1f, 0xff, 0xa1, 0x30, 0xf, 0xfe,
    0xca, 0x0, 0x7f, 0xfe, 0xd0, 0x3, 0xff, 0xb5,
    0x80, 0x1f, 0xff, 0xbc, 0x0, 0xff, 0xed, 0x20,
    0x7, 0xff, 0xed, 0xc0, 0x3f, 0xfb, 0x46, 0x1,
    0xff, 0xfa, 0x21, 0x0, 0xff, 0xec, 0xa0, 0x7,
    0xff, 0xed, 0x0, 0x3f, 0xfb, 0x58, 0x1, 0xff,
    0xfb, 0xd0, 0xf, 0xfe, 0xd2, 0x0, 0x7f, 0xfe,
    0xd0, 0x3, 0xff, 0xb4, 0x60, 0x1f, 0xff, 0xa4,
    0x0, 0xff, 0xed, 0x18, 0x7, 0xff, 0xef, 0x0,
    0x3f, 0xfb, 0x48, 0x1, 0xff, 0xfb, 0x40, 0xf,
    0xfe, 0xd6, 0x0, 0x7f, 0xfe, 0x84, 0xc0, 0x3f,
    0xfb, 0x48, 0x1, 0xff, 0xfa, 0x40, 0xf, 0xfe,
    0xd1, 0x80, 0x7f, 0xfe, 0xfc, 0x3, 0xff, 0xb4,
    0x80, 0x1f, 0xff, 0xb4, 0x0, 0xff, 0xed, 0x68,
    0x7, 0xff, 0xe8, 0x84, 0x3, 0xff, 0xb4, 0x80,
    0x1f, 0xff, 0xa4, 0x0, 0xff, 0xed, 0x8, 0x80,
    0x3f, 0xff, 0x58, 0x1, 0xff, 0xda, 0x40, 0xf,
    0xff, 0xda, 0x0, 0x7f, 0xf6, 0xb4, 0x3, 0xff,
    0xf4, 0x42, 0x1, 0xff, 0xda, 0x40, 0xf, 0xff,
    0xd2, 0x0, 0x7f, 0xf6, 0xcc, 0x3, 0xff, 0xf5,
    0x80, 0x1f, 0xfd, 0xa3, 0x0, 0xff, 0xfd, 0xa0,
    0x7, 0xff, 0x69, 0x40, 0x3f, 0xff, 0x44, 0x20,
    0x1f, 0xfd, 0xac, 0x0, 0xff, 0xfd, 0x20, 0x7,
    0xff, 0x6d, 0xc0, 0x3f, 0xff, 0x58, 0x1, 0xff,
    0xda, 0x12, 0x0, 0xff, 0xfd, 0x20, 0x7, 0xff,
    0x69, 0x40, 0x3f, 0xff, 0x44, 0x20, 0x1f, 0xfd,
    0xa3, 0x0, 0xff, 0xfd, 0x38, 0x7, 0xff, 0x6f,
    0x0, 0x3f, 0xff, 0x58, 0x1, 0xff, 0xdb, 0x50,
    0xf, 0xff, 0xd2, 0x0, 0x7f, 0xf6, 0x84, 0x40,
    0x1f, 0xff, 0xa2, 0x0, 0xff, 0xed, 0x28, 0x7,
    0xff, 0xe9, 0x0, 0x3f, 0xfb, 0x66, 0x1, 0xff,
    0xfa, 0x30, 0xf, 0xfe, 0xde, 0x80, 0x7f, 0xfe,
    0xb0, 0x3, 0xff, 0xb6, 0xe0, 0x1f, 0xff, 0xa5,
    0x0, 0xff, 0xed, 0x9, 0x0, 0x7f, 0xfe, 0x48,
    0x40, 0x3f, 0xfb, 0x4a, 0x1, 0xff, 0xfa, 0x40,
    0xf, 0xfe, 0xd9, 0x80, 0x7f, 0xfe, 0xbc, 0x3,
    0xff, 0xb7, 0xa0, 0x1f, 0xff, 0xa4, 0x0, 0xff,
    0xed, 0xb8, 0x7, 0xff, 0xe4, 0x48, 0x3, 0xff,
    0xb6, 0x40, 0x1f, 0xff, 0x95, 0x0, 0xff, 0xed,
    0x98, 0x7, 0xff, 0xeb, 0x0, 0x3f, 0xfb, 0x6c,
    0x1, 0xff, 0xfa, 0x30, 0xf, 0xfe, 0xde, 0x80,
    0x7f, 0xfe, 0x94, 0x3, 0xff, 0xb6, 0x60, 0x1f,
    0xff, 0x92, 0x10, 0xf, 0xfe, 0xda, 0x80, 0x7f,
    0xfe, 0x5c, 0x3, 0xff, 0xb6, 0x22, 0x0, 0xff,
    0xfc, 0xe8, 0x7, 0xff, 0x6c, 0x80, 0x3f, 0xff,
    0x48, 0x1, 0xff, 0xdb, 0x50, 0xf, 0xff, 0xd1,
    0x80, 0x7f, 0xf6, 0xfc, 0x3, 0xff, 0xf2, 0x40,
    0x1f, 0xfd, 0xc5, 0x0, 0xff, 0xfc, 0xb8, 0x7,
    0xff, 0x70, 0xc0, 0x3f, 0xff, 0x3a, 0x1, 0xff,
    0xdb, 0x10, 0xf, 0xff, 0xd1, 0x80, 0x7f, 0xf6,
    0xd4, 0x3, 0xff, 0xf4, 0xa0, 0x1f, 0xfd, 0xb2,
    0x0, 0xff, 0xfc, 0x88, 0x80, 0x3f, 0xfb, 0x7e,
    0x1, 0xff, 0xf9, 0x50, 0xf, 0xfe, 0xe1, 0x0,
    0x7f, 0xfe, 0x4c, 0x3, 0xff, 0xb8, 0xc0, 0x1f,
    0xff, 0x9d, 0x0, 0xff, 0xee, 0x10, 0x7, 0xff,
    0xe5, 0x80, 0x3f, 0xfb, 0x64, 0x1, 0xff, 0xfa,
    0x30, 0xf, 0xfe, 0xdb, 0x80, 0x7f, 0xfe, 0x48,
    0x3, 0xff, 0xb8, 0x40, 0x1f, 0xff, 0x96, 0x0,
    0xff, 0xee, 0x70, 0x7, 0xff, 0xe4, 0xc0, 0x3f,
    0xfb, 0x8a, 0x1, 0xff, 0xf9, 0xd0, 0xf, 0xfe,
    0xe1, 0x0, 0x7f, 0xfe, 0x58, 0x3, 0xff, 0xb6,
    0x22, 0x0, 0xff, 0xfc, 0x98, 0x7, 0xff, 0x6c,
    0x80, 0x3f, 0xff, 0x22, 0x1, 0xff, 0xdc, 0x60,
    0xf, 0xff, 0xc9, 0x0, 0x7f, 0xf7, 0x8, 0x3,
    0xff, 0xf2, 0xa0, 0x1f, 0xfd, 0xce, 0x0, 0xff,
    0xfc, 0xf0, 0x7, 0xff, 0x70, 0x80, 0x3f, 0xff,
    0x26, 0x1, 0xff, 0xdc, 0x60, 0xf, 0xff, 0xcb,
    0x0, 0x7f, 0xf7, 0x8, 0x3, 0xff, 0xf2, 0x40,
    0x1f, 0xfd, 0xb1, 0x0, 0xff, 0xfc, 0x88, 0x7,
    0xff, 0x70, 0x80, 0x3f, 0xff, 0x2a, 0x1, 0xff,
    0xdc, 0x60, 0xf, 0xff, 0xc9, 0x0, 0x7f, 0xf7,
    0x8, 0x3, 0xff, 0xf3, 0xc0, 0x1f, 0xfd, 0xce,
    0x0, 0xff, 0xfc, 0x90, 0x7, 0xff, 0x70, 0x80,
    0x3f, 0xff, 0x2c, 0x1, 0xff, 0xdc, 0x70, 0xf,
    0xff, 0xc9, 0x0, 0x7f, 0xf7, 0x8, 0x3, 0xff,
    0xf2, 0x20, 0x1f, 0xfd, 0xc1, 0x0, 0xff, 0xfc,
    0x10, 0x7, 0xff, 0x70, 0x40, 0x3f, 0xff, 0x2c,
    0x1, 0xff, 0xdc, 0x20, 0xf, 0xff, 0xc9, 0x0,
    0x7f, 0xf7, 0x1c, 0x3, 0xff, 0xf3, 0xc0, 0x1f,
    0xfd, 0xc2, 0x0, 0xff, 0xfc, 0x88, 0x7, 0xff,
    0x73, 0x80, 0x3f, 0xff, 0x24, 0x1, 0xff, 0xdc,
    0x10, 0xf, 0xff, 0xcb, 0x0, 0x7f, 0xf7, 0x8,
    0x3, 0xff, 0xf2, 0x40, 0x1f, 0xfd, 0xc7, 0x0,
    0xff, 0xfc, 0x8, 0x7, 0xff, 0x74, 0x80, 0x3f,
    0xff, 0x6, 0x1, 0xff, 0xdd, 0x10, 0xf, 0xff,
    0xc3, 0x0, 0x7f, 0xf7, 0x4, 0x3, 0xff, 0xf2,
    0x20, 0x1f, 0xfd, 0xc3, 0x0, 0xff, 0xfc, 0x90,
    0x7, 0xff, 0x71, 0x80, 0x3f, 0xff, 0x3e, 0x1,
    0xff, 0xdc, 0x10, 0xf, 0xff, 0xc9, 0x0, 0x7f,
    0xf7, 0xc, 0x3, 0xff, 0xf2, 0xc0, 0x1f, 0xfd,
    0xc1, 0x0, 0xff, 0xfc, 0x88, 0x7, 0xff, 0x73,
    0xc0, 0x3f, 0xff, 0x26, 0x1, 0xff, 0xdc, 0x20,
    0xf, 0xff, 0xc8, 0x80, 0x7f, 0xf7, 0x4, 0x3,
    0xff, 0xf0, 0x20, 0x1f, 0xfd, 0xd7, 0x0, 0xff,
    0xfc, 0x18, 0x7, 0xff, 0x74, 0x40, 0x3f, 0xff,
    0xc, 0x1, 0xff, 0xdd, 0x20, 0xf, 0xff, 0xc0,
    0x80, 0x7f, 0xff, 0xc0, 0x3f, 0xfa, 0xe6, 0x1,
    0xff, 0xdc, 0x10, 0xf, 0xff, 0xcf, 0x0, 0x7f,
    0xf7, 0xc, 0x3, 0xff, 0xd4,

    /* U+0038 "8" */
    0x0, 0xff, 0xef, 0x12, 0x33, 0xcd, 0xe6, 0xeb,
    0xb9, 0xff, 0xdd, 0xcd, 0xcb, 0x98, 0x64, 0x20,
    0xf, 0xff, 0xf8, 0x4, 0x6f, 0x5b, 0xfb, 0x73,
    0xc, 0x86, 0x44, 0x11, 0x0, 0x70, 0x88, 0x8d,
    0x19, 0xe6, 0xf7, 0xf6, 0xe1, 0x4, 0x3, 0xff,
    0xf0, 0x71, 0xbf, 0x90, 0xa4, 0x1, 0xff, 0xd0,
    0x24, 0x7b, 0xed, 0x95, 0x0, 0xff, 0xf9, 0x24,
    0xf6, 0x39, 0x0, 0x7f, 0xf6, 0x89, 0xab, 0xed,
    0x80, 0x3f, 0xfd, 0x82, 0xfd, 0x6c, 0x20, 0x1f,
    0xfe, 0x14, 0x9f, 0x93, 0x0, 0xff, 0xf3, 0x94,
    0xf4, 0x8, 0x7, 0xff, 0x9d, 0xb3, 0x8, 0x1,
    0xff, 0xe3, 0x19, 0xd6, 0x0, 0xff, 0xf6, 0x1d,
    0xe1, 0x80, 0x7f, 0xf8, 0x1b, 0xd8, 0x3, 0xff,
    0xe0, 0x79, 0x42, 0x1, 0xff, 0xdc, 0x2d, 0x91,
    0x0, 0xff, 0xf9, 0xaf, 0xa8, 0x7, 0xff, 0x69,
    0x74, 0x80, 0x3f, 0xfe, 0xc3, 0x52, 0x1, 0xff,
    0xd8, 0x9a, 0x0, 0xff, 0xfd, 0x36, 0x8, 0x7,
    0xff, 0x50, 0x71, 0x80, 0x3f, 0xff, 0x87, 0xe4,
    0x1, 0xff, 0xd3, 0xd3, 0x0, 0xff, 0xff, 0xe,
    0x10, 0x7, 0xff, 0x47, 0xc, 0x3, 0xff, 0xfe,
    0x3, 0x84, 0x1, 0xff, 0xcf, 0xc3, 0x0, 0xff,
    0xff, 0x80, 0x43, 0xe2, 0x1, 0xff, 0xcd, 0xa3,
    0x0, 0xff, 0xff, 0x80, 0x71, 0x50, 0x7, 0xff,
    0x31, 0xd4, 0x3, 0xff, 0xfe, 0x1, 0xf2, 0x40,
    0x7, 0xff, 0x28, 0xe0, 0x3, 0xff, 0xfe, 0x1,
    0xfc, 0xe6, 0x1, 0xff, 0xc9, 0xe0, 0xf, 0xff,
    0xf8, 0x7, 0xfd, 0xc0, 0x1f, 0xfc, 0x88, 0x20,
    0xf, 0xff, 0xf8, 0x7, 0xfc, 0x4e, 0x1, 0xff,
    0xc6, 0x27, 0x0, 0xff, 0xff, 0x80, 0x7f, 0xf0,
    0x60, 0x40, 0x3f, 0xf8, 0xb2, 0x1, 0xff, 0xff,
    0x0, 0xff, 0xe1, 0xc0, 0x7, 0xff, 0x10, 0xd0,
    0x3, 0xff, 0xfe, 0x1, 0xff, 0xc3, 0x61, 0x0,
    0xff, 0xe1, 0xf8, 0x7, 0xff, 0xfc, 0x3, 0xff,
    0x8b, 0x0, 0x1f, 0xfc, 0x23, 0x30, 0x7, 0xff,
    0xfc, 0x3, 0xff, 0x8a, 0xc0, 0x1f, 0xfc, 0x29,
    0x0, 0xff, 0xff, 0x80, 0x7f, 0xf1, 0xdc, 0x3,
    0xff, 0x80, 0x2a, 0x1, 0xff, 0xff, 0x0, 0xff,
    0xe3, 0xd0, 0x7, 0xff, 0x1, 0x80, 0x3f, 0xff,
    0xe0, 0x1f, 0xfc, 0x82, 0x30, 0xf, 0xfa, 0x40,
    0x3f, 0xff, 0xe0, 0x1f, 0xfc, 0x9a, 0x0, 0xff,
    0x18, 0x80, 0x7f, 0xf8, 0xd, 0x9e, 0x1d, 0x94,
    0x80, 0x3f, 0xfc, 0xe, 0x1, 0xfe, 0xa0, 0xf,
    0xfe, 0xf2, 0xe7, 0xe4, 0xc3, 0xc4, 0xd6, 0xfd,
    0xa8, 0x7, 0xff, 0x74, 0x4c, 0x3, 0xf9, 0xc0,
    0x3f, 0xfb, 0x89, 0xd4, 0x60, 0x1f, 0xe4, 0xad,
    0x50, 0xf, 0xfe, 0xe5, 0x80, 0x7e, 0x31, 0x0,
    0xff, 0xed, 0xcd, 0x88, 0x7, 0xff, 0x8, 0xaa,
    0x40, 0x3f, 0xfb, 0x6a, 0x1, 0xf9, 0x0, 0x3f,
    0xfb, 0x72, 0xc0, 0x1f, 0xfc, 0x66, 0x80, 0xf,
    0xfe, 0xd1, 0x8, 0x7, 0xd6, 0x1, 0xff, 0xda,
    0x46, 0x0, 0xff, 0xe4, 0x39, 0x80, 0x7f, 0xf6,
    0x90, 0x3, 0xe3, 0x0, 0xff, 0xed, 0x50, 0x7,
    0xff, 0x2a, 0x0, 0x3f, 0xfb, 0x58, 0x1, 0xe4,
    0x0, 0xff, 0xed, 0x30, 0x80, 0x7f, 0xf2, 0x90,
    0xc0, 0x3f, 0xfb, 0x2a, 0x1, 0xe3, 0x0, 0xff,
    0xed, 0x58, 0x7, 0xff, 0x32, 0x80, 0x3f, 0xfb,
    0x26, 0x1, 0xec, 0x0, 0xff, 0xec, 0x99, 0x0,
    0x7f, 0xf3, 0x1c, 0x3, 0xff, 0xb4, 0x60, 0x1c,
    0xa0, 0x1f, 0xfd, 0x9b, 0x0, 0xff, 0xe6, 0x89,
    0x80, 0x7f, 0xf6, 0x54, 0x3, 0x8, 0x80, 0x3f,
    0xfb, 0x28, 0x1, 0xff, 0xce, 0x40, 0xf, 0xfe,
    0xcf, 0x80, 0x65, 0x0, 0xff, 0xec, 0x89, 0x80,
    0x7f, 0xf3, 0xb0, 0x3, 0xff, 0xb2, 0x40, 0x18,
    0x80, 0x3f, 0xfb, 0x2a, 0x1, 0xff, 0xcf, 0x50,
    0xf, 0xfe, 0xca, 0x80, 0x6f, 0x0, 0xff, 0xec,
    0x98, 0x7, 0xff, 0x3c, 0x44, 0x1, 0xff, 0xd8,
    0x10, 0xc, 0x40, 0x1f, 0xfd, 0x9d, 0x0, 0xff,
    0xe8, 0x28, 0x7, 0xff, 0x64, 0x80, 0x26, 0x0,
    0xff, 0xec, 0xb0, 0x7, 0xff, 0x40, 0x80, 0x3f,
    0xfb, 0x2c, 0x1, 0x10, 0x7, 0xff, 0x64, 0x80,
    0x3f, 0xfa, 0x1c, 0x1, 0xff, 0xd9, 0x20, 0x0,
    0x80, 0x7f, 0xf6, 0x84, 0x3, 0xff, 0xa0, 0x40,
    0x1f, 0xfd, 0x9e, 0x0, 0x10, 0x7, 0xff, 0x64,
    0x80, 0x3f, 0xfa, 0x22, 0x1, 0xff, 0xd9, 0x10,
    0x3, 0x80, 0x7f, 0xf6, 0x58, 0x3, 0xff, 0xa2,
    0xc0, 0x1f, 0xfd, 0x92, 0x0, 0x10, 0x7, 0xff,
    0x64, 0x40, 0x3f, 0xfa, 0x26, 0x1, 0xff, 0xd9,
    0x70, 0x0, 0x80, 0x7f, 0xf6, 0x4c, 0x3, 0xff,
    0xa2, 0x20, 0x1f, 0xfd, 0x91, 0x0, 0x78, 0x7,
    0xff, 0x67, 0x80, 0x3f, 0xfe, 0xe6, 0x0, 0x10,
    0xf, 0xfe, 0xc8, 0x80, 0x7f, 0xf4, 0x84, 0x3,
    0xff, 0xb0, 0x20, 0x3, 0x0, 0xff, 0xfc, 0x18,
    0x7, 0xff, 0x6c, 0x40, 0x3f, 0xfb, 0x26, 0x1,
    0xff, 0xd2, 0x10, 0xf, 0xfe, 0xc8, 0x80, 0x7f,
    0xf6, 0xc4, 0x3, 0xff, 0xf4, 0xe0, 0x1f, 0xfd,
    0x97, 0x0, 0xff, 0xe9, 0x38, 0x7, 0xff, 0x64,
    0xc0, 0x3f, 0xff, 0xe0, 0x1f, 0xfd, 0x71, 0x0,
    0xff, 0xec, 0x88, 0x7, 0xff, 0x48, 0x40, 0x3f,
    0xff, 0xe0, 0x1f, 0xff, 0xb1, 0x0, 0xff, 0xff,
    0x80, 0x7f, 0xff, 0xc0, 0x3f, 0xfa, 0x26, 0x1,
    0xff, 0xff, 0x0, 0x18, 0x7, 0xff, 0xfc, 0x3,
    0xff, 0xfe, 0x1, 0xff, 0xcf, 0x10, 0x10, 0xf,
    0xff, 0xf8, 0x7, 0xff, 0xfc, 0x3, 0xff, 0xee,
    0xe0, 0x1f, 0xff, 0xf0, 0xf, 0xfe, 0x99, 0x80,
    0x80, 0x7f, 0xf6, 0x4c, 0x3, 0xff, 0xf0, 0x20,
    0x1f, 0xff, 0xa3, 0x0, 0xff, 0xed, 0x98, 0x7,
    0xff, 0xfc, 0x3, 0xff, 0xaa, 0x20, 0x1f, 0xff,
    0xf0, 0xf, 0xfe, 0x90, 0x80, 0x38, 0x3, 0xff,
    0xb2, 0x20, 0x1f, 0xfd, 0x21, 0x0, 0xff, 0xec,
    0x18, 0x0, 0xc0, 0x3f, 0xff, 0xe0, 0x1f, 0xfd,
    0x26, 0x0, 0x8, 0x7, 0xff, 0x65, 0xc0, 0x3f,
    0xfa, 0x4e, 0x1, 0xff, 0xd8, 0x10, 0x3, 0x0,
    0x7f, 0xfe, 0x4, 0x3, 0xff, 0xb0, 0x40, 0x2,
    0x0, 0xff, 0xec, 0x88, 0x7, 0xff, 0xdf, 0x80,
    0x21, 0x0, 0xff, 0xec, 0x18, 0x7, 0xff, 0x48,
    0xc0, 0x3f, 0xfb, 0x6, 0x1, 0x10, 0x7, 0xff,
    0x60, 0x40, 0x3f, 0xfa, 0x42, 0x1, 0xff, 0xd8,
    0x60, 0x9, 0x80, 0x3f, 0xfb, 0x1e, 0x1, 0xff,
    0xf7, 0x20, 0xb, 0x40, 0x3f, 0xfb, 0x2, 0x1,
    0xff, 0xd1, 0x10, 0xf, 0xfe, 0xc0, 0x88, 0x2,
    0x30, 0xf, 0xfe, 0xc1, 0x80, 0x7f, 0xf4, 0x48,
    0x3, 0xff, 0xb0, 0xa0, 0x19, 0x80, 0x3f, 0xfb,
    0x2, 0x1, 0xff, 0xd1, 0x70, 0xf, 0xfe, 0xc1,
    0x0, 0x62, 0x0, 0xff, 0xec, 0x30, 0x7, 0xff,
    0x44, 0x80, 0x3f, 0xfb, 0x1e, 0x1, 0xc8, 0x1,
    0xff, 0xd7, 0x30, 0xf, 0xfe, 0x8f, 0x0, 0x7f,
    0xf6, 0x14, 0x3, 0x8c, 0x3, 0xff, 0xae, 0x20,
    0x1f, 0xfd, 0x12, 0x0, 0xff, 0xec, 0x18, 0x7,
    0x68, 0x7, 0xff, 0x60, 0x80, 0x3f, 0xfa, 0xc,
    0x1, 0xff, 0xd7, 0x30, 0xf, 0x20, 0x7, 0xff,
    0x61, 0xc0, 0x3f, 0xfa, 0x6, 0x1, 0xff, 0xd7,
    0x50, 0xf, 0x9, 0x0, 0x7f, 0xf5, 0xc8, 0x3,
    0xff, 0x9e, 0x20, 0x1f, 0xfd, 0x8c, 0x0, 0xf9,
    0x0, 0x3f, 0xfa, 0xfa, 0x1, 0xff, 0xcf, 0x50,
    0xf, 0xfe, 0xc2, 0x0, 0x7d, 0x80, 0x1f, 0xfd,
    0x77, 0x0, 0xff, 0xe7, 0xe0, 0x7, 0xff, 0x5c,
    0x84, 0x3, 0xe5, 0x0, 0xff, 0xeb, 0x90, 0x7,
    0xff, 0x3c, 0xc0, 0x3f, 0xfa, 0xea, 0x1, 0xfc,
    0x80, 0x1f, 0xfd, 0x74, 0x0, 0xff, 0xe7, 0x20,
    0x7, 0xff, 0x5f, 0x0, 0x3f, 0xb4, 0x3, 0xff,
    0xaf, 0x80, 0x1f, 0xfc, 0xd4, 0x0, 0xff, 0xec,
    0x20, 0x7, 0xf3, 0x80, 0x7f, 0xf5, 0xd0, 0x3,
    0xff, 0x9b, 0x80, 0x1f, 0xfd, 0x75, 0x0, 0xff,
    0xa, 0x0, 0x7f, 0xf5, 0x8c, 0x40, 0x3f, 0xf9,
    0x8c, 0x1, 0xff, 0xd7, 0xe0, 0xf, 0xfb, 0x80,
    0x3f, 0xfa, 0xec, 0x1, 0xff, 0xcb, 0x31, 0x0,
    0xff, 0xeb, 0xa, 0x0, 0x7f, 0xca, 0x1, 0xff,
    0xd7, 0xa0, 0xf, 0xfe, 0x5c, 0x80, 0x7f, 0xf5,
    0xdc, 0x3, 0xff, 0x82, 0xc0, 0x1f, 0xfd, 0x62,
    0x40, 0xf, 0xfe, 0x48, 0xa8, 0x7, 0xff, 0x5e,
    0xc0, 0x3f, 0xf8, 0x36, 0x1, 0xff, 0xd7, 0x80,
    0xf, 0xfe, 0x4c, 0x0, 0x7f, 0xf5, 0xd0, 0x80,
    0x3f, 0xf8, 0x24, 0xa0, 0x1f, 0xfd, 0x63, 0x60,
    0xf, 0xfe, 0x39, 0xb0, 0x7, 0xff, 0x5f, 0xc0,
    0x3f, 0xf8, 0x70, 0x1, 0xff, 0xd7, 0x92, 0x0,
    0xff, 0xe2, 0x8f, 0x0, 0x7f, 0xf5, 0xc9, 0x0,
    0x3f, 0xf8, 0x64, 0xa0, 0x1f, 0xfd, 0x7c, 0x20,
    0xf, 0xfe, 0x18, 0xe9, 0x0, 0x7f, 0xf5, 0xe4,
    0x3, 0xff, 0x8b, 0x60, 0x1f, 0xfd, 0x71, 0xd5,
    0x0, 0xff, 0xe0, 0x96, 0x18, 0x7, 0xff, 0x5d,
    0x10, 0x1, 0xff, 0xc5, 0x17, 0x0, 0xff, 0xec,
    0x55, 0x8, 0x3, 0xf8, 0x63, 0x48, 0x3, 0xff,
    0xb1, 0x0, 0x1f, 0xfc, 0x78, 0x20, 0xf, 0xfe,
    0xc2, 0xee, 0x3a, 0x10, 0x91, 0xb5, 0xf3, 0x80,
    0x7f, 0xf6, 0x5c, 0xc0, 0x3f, 0xf9, 0x1c, 0x1,
    0xff, 0xda, 0x38, 0xbd, 0xed, 0xc9, 0x40, 0xf,
    0xfe, 0xd1, 0x40, 0x7, 0xff, 0x24, 0xdc, 0x3,
    0xff, 0xfe, 0x1, 0xfd, 0xc0, 0x1f, 0xfc, 0xb8,
    0x40, 0xf, 0xff, 0xf8, 0x7, 0xd2, 0x60, 0x1f,
    0xfc, 0xca, 0x10, 0xf, 0xff, 0xf8, 0x7, 0x33,
    0x0, 0x3f, 0xf9, 0xa3, 0x82, 0x1, 0xff, 0xff,
    0x0, 0x92, 0x40, 0x3f, 0xf9, 0xe5, 0xa0, 0x1f,
    0xff, 0xf0, 0x1, 0xd8, 0x7, 0xff, 0x44, 0xf0,
    0x3, 0xff, 0xfe, 0x98, 0x1, 0xff, 0xd3, 0x3c,
    0x10, 0xf, 0xff, 0xe2, 0xd8, 0x7, 0xff, 0x54,
    0xf0, 0x80, 0x3f, 0xff, 0x4f, 0x40, 0x1f, 0xfd,
    0x72, 0xd5, 0x0, 0xff, 0xfb, 0x8d, 0xc0, 0x7,
    0xff, 0x6b, 0x0, 0x3f, 0xfe, 0xe4, 0xa0, 0x1f,
    0xfd, 0xaa, 0x90, 0xf, 0xff, 0xb9, 0xf9, 0x80,
    0x7f, 0xf5, 0xc7, 0x14, 0x3, 0xff, 0xf2, 0x38,
    0x80, 0x1f, 0xfd, 0x51, 0xc3, 0x0, 0xff, 0xfe,
    0x5a, 0x0, 0x7f, 0xf4, 0xc7, 0x8, 0x3, 0xff,
    0xfd, 0x68, 0x1, 0xff, 0xd2, 0xd2, 0x0, 0xff,
    0xff, 0x85, 0x10, 0x7, 0xff, 0x42, 0x8c, 0x3,
    0xff, 0xfe, 0x0, 0x1f, 0x0, 0xff, 0xe7, 0xba,
    0x80, 0x7f, 0xff, 0xc0, 0x31, 0x50, 0x7, 0xff,
    0x34, 0xe0, 0x3, 0xff, 0xfe, 0x1, 0xe5, 0x50,
    0x7, 0xff, 0x33, 0x80, 0x3f, 0xff, 0xe0, 0x1f,
    0xac, 0x40, 0x3f, 0xf9, 0x4e, 0x40, 0x1f, 0xff,
    0xf0, 0xf, 0xc3, 0x0, 0x1f, 0xfc, 0x92, 0x80,
    0xf, 0xff, 0xf8, 0x7, 0xf9, 0x8c, 0x3, 0xff,
    0x91, 0x0, 0x1f, 0xff, 0xf0, 0xf, 0xfe, 0x4,
    0x0, 0x7f, 0xf1, 0xcd, 0x40, 0x3f, 0xff, 0xe0,
    0x1f, 0xfc, 0x4, 0x30, 0xf, 0xfe, 0x34, 0x0,
    0x7f, 0xff, 0xc0, 0x3f, 0xf8, 0x50, 0x1, 0xff,
    0xc5, 0x24, 0x0, 0xff, 0xee, 0xb, 0x5f, 0x7f,
    0xba, 0xd8, 0x40, 0x3f, 0xfb, 0x68, 0x40, 0x1f,
    0xfc, 0x48, 0x0, 0xff, 0xee, 0x47, 0x4a, 0x8,
    0x0, 0x52, 0x7a, 0x0, 0x3f, 0xfb, 0x70, 0x1,
    0xff, 0xc3, 0x25, 0x0, 0xff, 0xed, 0x16, 0xb8,
    0x7, 0xf9, 0xf4, 0x80, 0x3f, 0xfb, 0x2a, 0x20,
    0x1f, 0xfc, 0x2a, 0x0, 0xff, 0xed, 0x16, 0x10,
    0x7, 0xff, 0x0, 0xb0, 0x80, 0x3f, 0xfb, 0x32,
    0x1, 0xff, 0xc2, 0x60, 0xf, 0xfe, 0xc8, 0xe0,
    0x80, 0x7f, 0xf0, 0x87, 0xc0, 0x3f, 0xfb, 0x2c,
    0x1, 0xff, 0xc1, 0x51, 0x0, 0xff, 0xec, 0xe8,
    0x80, 0x7f, 0xf1, 0xa, 0x40, 0x3f, 0xfb, 0x2,
    0x80, 0x1f, 0xfc, 0xe, 0x0, 0xff, 0xec, 0xb9,
    0x80, 0x7f, 0xf1, 0x98, 0xc0, 0x3f, 0xfb, 0x1c,
    0x1, 0xff, 0xa, 0x0, 0x7f, 0xf6, 0xa, 0x0,
    0x3f, 0xf9, 0x1e, 0x1, 0xff, 0xd8, 0x50, 0xf,
    0xf9, 0x80, 0x3f, 0xfb, 0x30, 0x1, 0xff, 0xc9,
    0x33, 0x0, 0x7f, 0xf6, 0x14, 0x3, 0xfd, 0x60,
    0x1f, 0xfd, 0x82, 0x50, 0xf, 0xfe, 0x54, 0x80,
    0x7f, 0xf6, 0x3c, 0x3, 0xf8, 0x4c, 0x3, 0xff,
    0xb1, 0x60, 0x1f, 0xfc, 0xb5, 0x0, 0xff, 0xec,
    0x28, 0x7, 0xf3, 0x80, 0x7f, 0xf6, 0x5, 0x80,
    0x3f, 0xf9, 0x8a, 0x1, 0xff, 0xd8, 0x40, 0xf,
    0xd8, 0x1, 0xff, 0xd8, 0x60, 0xf, 0xfe, 0x6f,
    0x0, 0x7f, 0xf6, 0x30, 0x3, 0xf2, 0x80, 0x7f,
    0xf6, 0x2c, 0x3, 0xff, 0x9a, 0x80, 0x1f, 0xfd,
    0x85, 0x0, 0xf8, 0xc0, 0x3f, 0xfb, 0x2, 0x60,
    0x1f, 0xfc, 0xe3, 0x0, 0xff, 0xeb, 0x90, 0x80,
    0x79, 0x0, 0x3f, 0xfb, 0xe, 0x1, 0xff, 0xcf,
    0x40, 0xf, 0xfe, 0xc2, 0x80, 0x7b, 0x0, 0x3f,
    0xfb, 0x18, 0x1, 0xff, 0xcf, 0xd0, 0xf, 0xfe,
    0xc6, 0x0, 0x79, 0x40, 0x3f, 0xfb, 0x8, 0x1,
    0xff, 0xcf, 0x40, 0xf, 0xfe, 0xc2, 0x0, 0x71,
    0x8, 0x7, 0xff, 0x5c, 0x84, 0x3, 0xff, 0x9e,
    0x22, 0x0, 0xff, 0xeb, 0x98, 0x7, 0x38, 0x7,
    0xff, 0x61, 0xc0, 0x3f, 0xfa, 0x24, 0x1, 0xff,
    0xd8, 0x30, 0xd, 0xa0, 0x1f, 0xfd, 0x8d, 0x0,
    0xff, 0xe8, 0xa8, 0x7, 0xff, 0x61, 0x80, 0x31,
    0x80, 0x7f, 0xf6, 0xc, 0x3, 0xff, 0xa3, 0xc0,
    0x1f, 0xfd, 0x8d, 0x0, 0xca, 0x1, 0xff, 0xd8,
    0x60, 0xf, 0xfe, 0x89, 0x0, 0x7f, 0xf6, 0xc,
    0x2, 0x11, 0x0, 0x7f, 0xf6, 0x8, 0x3, 0xff,
    0xa2, 0xc0, 0x1f, 0xfd, 0x85, 0x0, 0x88, 0x3,
    0xff, 0xb0, 0x20, 0x1f, 0xfd, 0x22, 0x0, 0xff,
    0xec, 0x8, 0x80, 0xa, 0x1, 0xff, 0xd8, 0x20,
    0xf, 0xfe, 0x90, 0x80, 0x7f, 0xf6, 0x48, 0x1,
    0xc0, 0x1f, 0xfd, 0x86, 0x0, 0xff, 0xe9, 0x88,
    0x7, 0xff, 0x61, 0x80, 0x4, 0x1, 0xff, 0xd8,
    0x30, 0xf, 0xfe, 0x99, 0x80, 0x7f, 0xf6, 0x8,
    0x0, 0xc0, 0x1f, 0xfd, 0x8e, 0x0, 0xff, 0xe9,
    0x88, 0x7, 0xff, 0x63, 0x80, 0x4, 0x1, 0xff,
    0xd8, 0x10, 0xf, 0xfe, 0x9b, 0x80, 0x7f, 0xf6,
    0x8, 0x0, 0x20, 0x1f, 0xfd, 0x83, 0x0, 0xff,
    0xe9, 0x88, 0x7, 0xff, 0x61, 0xc0, 0x3f, 0xfb,
    0x62, 0x1, 0xff, 0xd3, 0x30, 0xf, 0xfe, 0xc0,
    0x81, 0x0, 0x7f, 0xff, 0xc0, 0x3f, 0xfa, 0x64,
    0x2, 0x1, 0xff, 0xd9, 0x70, 0xf, 0xfe, 0x98,
    0x80, 0x7f, 0xf6, 0x9c, 0x3, 0xff, 0xb2, 0x20,
    0x1f, 0xff, 0x91, 0x10, 0x7, 0xff, 0xe7, 0xc0,
    0x3f, 0xfb, 0x26, 0x60, 0xf, 0xff, 0xf8, 0x7,
    0xff, 0x50, 0x40, 0x3f, 0xff, 0xe0, 0x1f, 0xfd,
    0x61, 0x0, 0xff, 0xff, 0x80, 0x7f, 0xf5, 0x1c,
    0x3, 0xff, 0xfe, 0x1, 0xff, 0xd6, 0xf0, 0xf,
    0xff, 0xf8, 0x7, 0xff, 0x50, 0x40, 0x3f, 0xff,
    0xe0, 0x1f, 0xff, 0xf0, 0xf, 0xff, 0xf8, 0x7,
    0xff, 0xfc, 0x3, 0xff, 0xfe, 0x1, 0xff, 0xff,
    0x0, 0xff, 0xff, 0x80, 0x7f, 0xff, 0xc0, 0x3f,
    0xff, 0xe0, 0x1f, 0xff, 0xf0, 0xf, 0xff, 0xf8,
    0x7, 0xff, 0xfc, 0x3, 0xff, 0xfe, 0x1, 0xff,
    0xff, 0x0, 0xff, 0xff, 0x80, 0x7f, 0xff, 0xc0,
    0x3f, 0xff, 0xe0, 0x1f, 0xff, 0xf0, 0xf, 0xff,
    0xf8, 0x7, 0xff, 0xfc, 0x3, 0xff, 0xfe, 0x1,
    0xff, 0xff, 0x0, 0xff, 0xff, 0x80, 0x7f, 0xff,
    0xc0, 0x3f, 0xff, 0xe0, 0x1f, 0xff, 0xf0, 0xf,
    0xff, 0xf8, 0x7, 0xff, 0xfc, 0x3, 0xff, 0xfe,
    0x1, 0xff, 0xff, 0x0, 0xff, 0xff, 0x80, 0x7f,
    0xff, 0xc0, 0x3f, 0xff, 0x1e, 0x1, 0xff, 0xd9,
    0x1f, 0x0, 0xff, 0xec, 0x88, 0x7, 0xff, 0xfc,
    0x3, 0xff, 0xaa, 0xe0, 0x1f, 0xff, 0x97, 0x10,
    0xf, 0xff, 0xc8, 0x80, 0x7f, 0xf6, 0x44, 0xc0,
    0x3f, 0xfb, 0x22, 0x1, 0xff, 0xd3, 0x30, 0xf,
    0xfe, 0xd0, 0x80, 0x7f, 0xf6, 0x4c, 0x3, 0xff,
    0xf2, 0x6e, 0x1, 0xff, 0xd9, 0x10, 0xf, 0xfe,
    0x98, 0x80, 0x7f, 0xf6, 0x44, 0x40, 0x1f, 0xfd,
    0x9f, 0x0, 0xff, 0xe9, 0xb8, 0x7, 0xff, 0x60,
    0x40, 0xc0, 0x3f, 0xfb, 0x24, 0x1, 0xff, 0xd3,
    0x10, 0xf, 0xfe, 0xc1, 0x80, 0x80, 0x7f, 0xf6,
    0x44, 0x3, 0xff, 0xa6, 0x60, 0x1f, 0xfd, 0x81,
    0x0, 0x8, 0x7, 0xff, 0x61, 0x80, 0x3f, 0xfa,
    0x62, 0x1, 0xff, 0xd8, 0x60, 0x1, 0x0, 0x7f,
    0xf6, 0x8, 0x3, 0xff, 0xa4, 0x20, 0x1f, 0xfd,
    0x92, 0x0, 0x30, 0x7, 0xff, 0x64, 0x40, 0x3f,
    0xfa, 0x26, 0x1, 0xff, 0xd9, 0xe0, 0x1, 0x0,
    0x7f, 0xf6, 0x48, 0x3, 0xff, 0xa2, 0xc0, 0x1f,
    0xfd, 0x92, 0x0, 0x70, 0x7, 0xff, 0x65, 0x40,
    0x3f, 0xfa, 0x24, 0x1, 0xff, 0xd9, 0x60, 0x2,
    0x80, 0x7f, 0xf6, 0x7c, 0x3, 0xff, 0xa3, 0xe0,
    0x1f, 0xfd, 0x92, 0x0, 0x10, 0x7, 0xff, 0x65,
    0x0, 0x3f, 0xfa, 0x2a, 0x1, 0xff, 0xd8, 0x20,
    0x8, 0x44, 0x1, 0xff, 0xd8, 0x21, 0x0, 0xff,
    0xe8, 0x18, 0x7, 0xff, 0x61, 0x80, 0x32, 0x80,
    0x7f, 0xf6, 0x50, 0x3, 0xff, 0x9e, 0x60, 0x1f,
    0xfd, 0x93, 0x0, 0xc6, 0x1, 0xff, 0xd9, 0xf0,
    0xf, 0xfe, 0x7d, 0x80, 0x7f, 0xf6, 0x74, 0x3,
    0x68, 0x7, 0xff, 0x65, 0x40, 0x3f, 0xf9, 0xea,
    0x1, 0xff, 0xd9, 0x40, 0xc, 0x80, 0x1f, 0xfd,
    0xa6, 0x0, 0xff, 0xe6, 0xa1, 0x0, 0x7f, 0xf6,
    0x4, 0x40, 0x18, 0x44, 0x1, 0xff, 0xd9, 0xb0,
    0xf, 0xfe, 0x6c, 0x0, 0x7f, 0xf6, 0x50, 0x3,
    0xce, 0x1, 0xff, 0xd9, 0x28, 0x0, 0xff, 0xe5,
    0xb1, 0x80, 0x7f, 0xf6, 0x74, 0x3, 0xd8, 0x1,
    0xff, 0xda, 0x75, 0x0, 0xff, 0xe4, 0x9c, 0x80,
    0x7f, 0xf6, 0x90, 0x3, 0xc8, 0x1, 0xff, 0xdb,
    0xa6, 0x0, 0xff, 0xe3, 0x9e, 0x80, 0x7f, 0xf6,
    0x84, 0xc0, 0x3c, 0x26, 0x1, 0xff, 0xdb, 0x9b,
    0x20, 0xf, 0xfe, 0x23, 0x60, 0x80, 0x7f, 0xf6,
    0x90, 0x3, 0xf5, 0x80, 0x7f, 0xf7, 0x13, 0x69,
    0x44, 0x3, 0xfc, 0x4f, 0xd2, 0x1, 0xff, 0xdc,
    0xf0, 0xf, 0xca, 0x1, 0xff, 0xde, 0x5a, 0xed,
    0xa8, 0x77, 0xa2, 0x6f, 0xb6, 0x4, 0x3, 0xff,
    0xba, 0xa0, 0x1f, 0x88, 0xc0, 0x3f, 0xfc, 0x4,
    0xaf, 0x11, 0x3b, 0x20, 0x80, 0x7f, 0xf7, 0xd4,
    0x3, 0xfd, 0x60, 0x1f, 0xff, 0xf0, 0xf, 0xfe,
    0x57, 0x80, 0x7f, 0x98, 0x3, 0xff, 0xfe, 0x1,
    0xff, 0xc9, 0x15, 0x0, 0xff, 0xa, 0x80, 0x7f,
    0xff, 0xc0, 0x3f, 0xf9, 0xc, 0x1, 0xff, 0xc0,
    0x90, 0xf, 0xff, 0xf8, 0x7, 0xff, 0x22, 0x80,
    0x3f, 0xf8, 0x6, 0x60, 0xf, 0xff, 0xf8, 0x7,
    0xff, 0x19, 0x8, 0x3, 0xff, 0x83, 0x0, 0x1f,
    0xff, 0xf0, 0xf, 0xfe, 0x37, 0x80, 0x7f, 0xf0,
    0x90, 0xc0, 0x3f, 0xff, 0xe0, 0x1f, 0xfc, 0x43,
    0x40, 0xf, 0xfe, 0x1c, 0x0, 0x7f, 0xff, 0xc0,
    0x3f, 0xf8, 0x9e, 0x1, 0xff, 0xc4, 0x44, 0x0,
    0x7f, 0xff, 0xc0, 0x3f, 0xf8, 0x48, 0x60, 0x1f,
    0xfc, 0x59, 0x0, 0xff, 0xff, 0x80, 0x7f, 0xf0,
    0xa4, 0x3, 0xff, 0x8c, 0x50, 0x1, 0xff, 0xff,
    0x0, 0xff, 0xe0, 0x39, 0x0, 0x7f, 0xf1, 0xdc,
    0xc0, 0x3f, 0xff, 0xe0, 0x1f, 0xe2, 0x80, 0xf,
    0xfe, 0x4f, 0x0, 0x7f, 0xff, 0xc0, 0x3f, 0xdc,
    0x1, 0xff, 0xca, 0x2a, 0x0, 0xff, 0xff, 0x80,
    0x7e, 0x83, 0x0, 0xff, 0xe5, 0xab, 0x80, 0x7f,
    0xff, 0xc0, 0x3c, 0x8e, 0x1, 0xff, 0xcd, 0x85,
    0x0, 0xff, 0xff, 0x80, 0x63, 0xb0, 0xf, 0xfe,
    0x7d, 0x20, 0x7, 0xff, 0xfc, 0x0, 0x5a, 0x1,
    0xff, 0xd1, 0xb4, 0x0, 0xff, 0xff, 0x8e, 0x8,
    0x7, 0xff, 0x4a, 0xd0, 0x3, 0xff, 0xfa, 0x38,
    0x20, 0x1f, 0xfd, 0x4b, 0x60, 0xf, 0xff, 0xd9,
    0xf9, 0x0, 0x7f, 0xf5, 0xa6, 0x40, 0x1f, 0xff,
    0x95, 0xc1, 0x0, 0xff, 0xec, 0x36, 0x8, 0x7,
    0xff, 0xda, 0x28, 0x3, 0xff, 0xb6, 0x7e, 0xa0,
    0x1f, 0xff, 0x32, 0xb7, 0x0, 0xff, 0xee, 0x8d,
    0x61, 0x0, 0x7f, 0xfc, 0x23, 0x50, 0x3, 0xff,
    0xc0, 0x7b, 0x0, 0x1f, 0xfe, 0xd4, 0xd7, 0x0,
    0xff, 0xf2, 0x3f, 0xc0, 0x80, 0x7f, 0xfa, 0x17,
    0x2c, 0x80, 0x3f, 0xfc, 0xef, 0xd4, 0x40, 0x1f,
    0xfe, 0x46, 0xda, 0x30, 0xf, 0xff, 0x5a, 0xee,
    0x39, 0x0, 0x7f, 0xf7, 0x92, 0x7a, 0x48, 0x3,
    0xff, 0xde, 0x71, 0xba, 0x73, 0x0, 0xff, 0xec,
    0x24, 0xf5, 0xb0, 0x80, 0x7f, 0xfd, 0xa, 0x33,
    0xf2, 0x14, 0x40, 0x3f, 0xf9, 0xc4, 0xd3, 0xbf,
    0x6c, 0x20, 0x1f, 0xff, 0xb3, 0x7a, 0xee, 0x65,
    0xcb, 0xa9, 0x98, 0x84, 0x40, 0x18, 0x48, 0x86,
    0x8a, 0xf3, 0x7b, 0xfb, 0x2c, 0x40, 0x1f, 0xfd,
    0x90,

    /* U+0039 "9" */
    0x0, 0xff, 0xef, 0x12, 0x34, 0x55, 0xe6, 0xf7,
    0x3f, 0xfd, 0xdc, 0xdc, 0xb9, 0x86, 0x42, 0x0,
    0xff, 0xff, 0x80, 0xd, 0xeb, 0x7f, 0x6e, 0x5d,
    0x50, 0xc8, 0x44, 0x1, 0xe1, 0x11, 0x1a, 0x33,
    0xcd, 0xef, 0xed, 0x3a, 0x0, 0x7f, 0xfe, 0x9,
    0xef, 0xf2, 0x14, 0x80, 0x3f, 0xfa, 0x4, 0xb1,
    0x7f, 0x8e, 0x60, 0x1f, 0xff, 0x11, 0x7d, 0xd4,
    0x20, 0x7, 0xff, 0x68, 0xe3, 0x3a, 0xc, 0x3,
    0xff, 0xd8, 0x97, 0xd0, 0x40, 0x1f, 0xfe, 0x1,
    0x7c, 0xc2, 0x80, 0x7f, 0xfa, 0x13, 0x2d, 0x0,
    0x3f, 0xfc, 0xc7, 0x5c, 0xc0, 0x1f, 0xfe, 0x43,
    0xcb, 0x30, 0xf, 0xff, 0x50, 0xce, 0xa0, 0x7,
    0xff, 0x86, 0x30, 0xc0, 0x3f, 0xfd, 0xc5, 0x74,
    0x20, 0x1f, 0xfd, 0xd3, 0xe7, 0x0, 0xff, 0xf9,
    0x2f, 0xa0, 0x7, 0xff, 0x6d, 0xf0, 0x40, 0x3f,
    0xfe, 0x83, 0x72, 0x1, 0xff, 0xd9, 0xa8, 0x0,
    0xff, 0xfc, 0x35, 0x80, 0x7f, 0xf5, 0x87, 0x14,
    0x3, 0xff, 0xf4, 0x9a, 0x20, 0x1f, 0xfd, 0x31,
    0xc3, 0x0, 0xff, 0xfe, 0x16, 0x8, 0x7, 0xff,
    0x44, 0x70, 0x80, 0x3f, 0xff, 0xc5, 0xa0, 0x1f,
    0xfd, 0x1d, 0x20, 0xf, 0xff, 0xf8, 0x1d, 0x0,
    0x7f, 0xf3, 0xe8, 0xc0, 0x3f, 0xff, 0xe0, 0x12,
    0xb8, 0x7, 0xff, 0x35, 0xd4, 0x3, 0xff, 0xfe,
    0x1, 0xd0, 0x60, 0x1f, 0xfc, 0xb3, 0x80, 0xf,
    0xff, 0xf8, 0x7, 0xdc, 0x1, 0xff, 0xcb, 0xe0,
    0xf, 0xff, 0xf8, 0x7, 0xe2, 0x80, 0xf, 0xfe,
    0x4c, 0x10, 0x7, 0xff, 0xfc, 0x3, 0xf9, 0xc8,
    0x3, 0xff, 0x8e, 0x4e, 0x1, 0xff, 0xff, 0x0,
    0xff, 0xa4, 0x3, 0xff, 0x8f, 0x20, 0x1f, 0xff,
    0xf0, 0xf, 0xfe, 0x2, 0x18, 0x7, 0xff, 0x15,
    0x10, 0x1, 0xff, 0xff, 0x0, 0xff, 0xe0, 0xc0,
    0x7, 0xff, 0x16, 0x0, 0x3f, 0xff, 0xe0, 0x1f,
    0xfc, 0x24, 0x20, 0xf, 0xfe, 0x1a, 0x18, 0x7,
    0xff, 0xfc, 0x3, 0xff, 0x87, 0x60, 0x1f, 0xfc,
    0x3f, 0x0, 0xff, 0xff, 0x80, 0x7f, 0xf1, 0x18,
    0x40, 0x3f, 0xf8, 0x24, 0x80, 0x1f, 0xff, 0xf0,
    0xf, 0xfe, 0x2b, 0x80, 0x7f, 0xf0, 0x6c, 0x3,
    0xff, 0xfe, 0x1, 0xff, 0xc6, 0xa0, 0xf, 0xfe,
    0xb, 0x0, 0x7f, 0xff, 0xc0, 0x3f, 0xf8, 0xc6,
    0x40, 0x1f, 0xf3, 0x0, 0x7f, 0xff, 0xc0, 0x3f,
    0xf9, 0xa, 0x1, 0xff, 0x50, 0x7, 0xff, 0xfc,
    0x3, 0xff, 0x91, 0x60, 0x1f, 0xe1, 0x30, 0xf,
    0xff, 0xf8, 0x7, 0xff, 0x20, 0xc4, 0x3, 0xf9,
    0xc0, 0x3f, 0xff, 0xe0, 0x1f, 0xfc, 0xa4, 0x0,
    0xfe, 0xd0, 0xf, 0xfe, 0xf0, 0xad, 0x66, 0xff,
    0xbb, 0x69, 0xc4, 0x3, 0xff, 0xbf, 0xe0, 0x1f,
    0xc8, 0x1, 0xff, 0xdc, 0x2a, 0xea, 0x53, 0x20,
    0x0, 0x92, 0xc7, 0x59, 0x0, 0x7f, 0xf7, 0x50,
    0x3, 0xf2, 0x80, 0x7f, 0xf7, 0x23, 0x54, 0x3,
    0xff, 0x80, 0x9a, 0xe0, 0x1f, 0xfd, 0xc1, 0x10,
    0x7, 0xd8, 0x1, 0xff, 0xdb, 0xa7, 0x0, 0xff,
    0xe2, 0x45, 0x0, 0x7f, 0xf7, 0x10, 0x3, 0xe4,
    0x0, 0xff, 0xed, 0x52, 0x80, 0x7f, 0xf1, 0x96,
    0x0, 0x3f, 0xfb, 0x7a, 0x1, 0xe1, 0x20, 0xf,
    0xfe, 0xca, 0xa8, 0x3, 0xff, 0x90, 0xe6, 0x1,
    0xff, 0xda, 0x30, 0xf, 0x28, 0x7, 0xff, 0x64,
    0x68, 0x3, 0xff, 0x95, 0xe0, 0x1f, 0xfd, 0xa5,
    0x0, 0xf6, 0x0, 0x7f, 0xf6, 0x64, 0x3, 0xff,
    0x96, 0x68, 0x1, 0xff, 0xd9, 0x11, 0x0, 0x71,
    0x80, 0x7f, 0xf6, 0x5, 0xc0, 0x3f, 0xf9, 0x9e,
    0x1, 0xff, 0xda, 0x50, 0xe, 0x50, 0xf, 0xfe,
    0xc3, 0x80, 0x7f, 0xf3, 0x50, 0x40, 0x3f, 0xfb,
    0x24, 0x1, 0x84, 0x40, 0x1f, 0xfd, 0x8a, 0x0,
    0xff, 0xe7, 0x20, 0x7, 0xff, 0x67, 0x80, 0x32,
    0x80, 0x7f, 0xf6, 0x4, 0xc0, 0x3f, 0xf9, 0xde,
    0x1, 0xff, 0xd9, 0x30, 0xc, 0x40, 0x1f, 0xfd,
    0x87, 0x0, 0xff, 0xe7, 0xa0, 0x7, 0xff, 0x65,
    0x80, 0x37, 0x0, 0x7f, 0xf6, 0x3c, 0x3, 0xff,
    0x9e, 0x24, 0x1, 0xff, 0xd8, 0x30, 0xc, 0x60,
    0x1f, 0xfd, 0x84, 0x0, 0xff, 0xe8, 0x38, 0x7,
    0xff, 0x60, 0x40, 0x33, 0x0, 0x7f, 0xf6, 0x8,
    0x3, 0xff, 0xa1, 0xa0, 0x1f, 0xfd, 0x92, 0x0,
    0x88, 0x3, 0xff, 0xae, 0x60, 0x1f, 0xfd, 0x12,
    0x0, 0xff, 0xec, 0xb0, 0x0, 0x40, 0x3f, 0xfb,
    0xc, 0x1, 0xff, 0xd1, 0x70, 0xf, 0xfe, 0xc8,
    0x80, 0x8, 0x3, 0xff, 0xb0, 0x40, 0x1f, 0xfd,
    0x12, 0x0, 0xff, 0xec, 0x90, 0x1, 0x80, 0x3f,
    0xfb, 0x1c, 0x1, 0xff, 0xd2, 0x10, 0xf, 0xfe,
    0xc7, 0x80, 0xc, 0x3, 0xff, 0xb0, 0x40, 0x1f,
    0xfd, 0x22, 0x0, 0xff, 0xec, 0x8, 0x3, 0x80,
    0x3f, 0xfb, 0xc, 0x1, 0xff, 0xd2, 0x70, 0xf,
    0xfe, 0xc1, 0x0, 0x4, 0x3, 0xff, 0xb0, 0x60,
    0x1f, 0xfd, 0x22, 0x0, 0xff, 0xec, 0x38, 0x0,
    0x80, 0x3f, 0xfb, 0x2, 0x1, 0xff, 0xd2, 0x10,
    0xf, 0xfe, 0xc0, 0x80, 0x1c, 0x3, 0xff, 0xae,
    0x20, 0x1f, 0xfd, 0x3f, 0x0, 0xff, 0xec, 0x18,
    0x0, 0x80, 0x3f, 0xfa, 0xe6, 0x1, 0xff, 0xd3,
    0x10, 0xf, 0xfe, 0xc0, 0x80, 0x4, 0x3, 0xff,
    0xee, 0x60, 0x1f, 0xff, 0xf1, 0x0, 0xff, 0xe9,
    0x88, 0x7, 0xff, 0x64, 0x44, 0x1, 0xff, 0xd8,
    0x70, 0xf, 0xfe, 0x9b, 0x80, 0x7f, 0xf6, 0x4c,
    0xc0, 0x1f, 0xfd, 0x81, 0x0, 0xff, 0xfc, 0x88,
    0x80, 0x3f, 0xff, 0x2, 0x1, 0xff, 0xff, 0x0,
    0xff, 0xfd, 0x3b, 0x80, 0x3f, 0xff, 0xe0, 0x1f,
    0xfd, 0x31, 0x10, 0x7, 0xff, 0x60, 0xc0, 0x3f,
    0xff, 0x46, 0x1, 0xff, 0xff, 0x0, 0xff, 0xe9,
    0x98, 0x7, 0xff, 0xfc, 0x3, 0xff, 0xfe, 0x1,
    0xff, 0xff, 0x0, 0xff, 0xff, 0x80, 0x7f, 0xf2,
    0xc4, 0x40, 0x1f, 0xff, 0xf0, 0xf, 0xff, 0xf8,
    0x7, 0xff, 0xfc, 0x3, 0xff, 0xfe, 0x1, 0xff,
    0xca, 0xff, 0x0, 0x7f, 0xff, 0xc0, 0x3f, 0xff,
    0xe0, 0x1f, 0xff, 0xf0, 0xf, 0xff, 0xf8, 0x7,
    0xff, 0xfc, 0x3, 0xff, 0xfe, 0x1, 0xff, 0xff,
    0x0, 0xff, 0xff, 0x80, 0x7f, 0xff, 0xc0, 0x3f,
    0xff, 0xe0, 0x1f, 0xff, 0xf0, 0xf, 0xff, 0xf8,
    0x7, 0xff, 0xfc, 0x3, 0xff, 0xfe, 0x1, 0xff,
    0xff, 0x0, 0xff, 0xff, 0x80, 0x7f, 0xff, 0xc0,
    0x3f, 0xf9, 0x1e, 0x1, 0xff, 0xff, 0x0, 0xff,
    0xff, 0x80, 0x7f, 0xff, 0xc0, 0x3f, 0xff, 0xe0,
    0x1f, 0xff, 0xf0, 0xf, 0xff, 0xf8, 0x7, 0xff,
    0xfc, 0x3, 0xff, 0x84, 0x20, 0x1f, 0xff, 0xf0,
    0xf, 0xfe, 0xa1, 0x80, 0x7f, 0xff, 0xc0, 0x3f,
    0xff, 0xe0, 0x1f, 0xff, 0x51, 0x0, 0xff, 0xec,
    0x18, 0x7, 0xff, 0xfc, 0x3, 0xff, 0xfe, 0x1,
    0xff, 0xd0, 0x70, 0xf, 0xff, 0xf8, 0x7, 0xff,
    0x50, 0x40, 0x3f, 0xfb, 0x2, 0x1, 0xff, 0xfa,
    0x30, 0xf, 0xff, 0xf8, 0x7, 0xff, 0x50, 0x40,
    0x3f, 0xfb, 0xe, 0x1, 0xff, 0xff, 0x0, 0xff,
    0xea, 0x8, 0x7, 0xff, 0xec, 0x40, 0x3f, 0xfa,
    0xe6, 0x1, 0xff, 0xfb, 0x20, 0xf, 0xfe, 0xb8,
    0x80, 0x7f, 0xfe, 0xdc, 0x3, 0xff, 0xfe, 0x1,
    0xff, 0xd4, 0x20, 0xf, 0xfe, 0xc0, 0x80, 0x7f,
    0xfe, 0x84, 0x3, 0xff, 0xb0, 0x60, 0x1f, 0xff,
    0xae, 0x0, 0xff, 0xec, 0x30, 0x7, 0xff, 0xe8,
    0x80, 0x3f, 0xfb, 0x4, 0x1, 0xff, 0xfa, 0x60,
    0xf, 0xfe, 0xc7, 0x0, 0x7f, 0xfe, 0x88, 0x3,
    0xff, 0xb0, 0x40, 0x1f, 0xff, 0xb1, 0x0, 0xff,
    0xeb, 0xb0, 0x7, 0xff, 0xec, 0x80, 0x3f, 0xfa,
    0xe4, 0x1, 0xff, 0xfb, 0x60, 0xf, 0xfe, 0xb8,
    0x88, 0x3, 0xff, 0xf5, 0xa0, 0x1f, 0xfd, 0x85,
    0x0, 0xff, 0xfd, 0x10, 0x7, 0xff, 0x63, 0x0,
    0x3f, 0xff, 0x4e, 0x1, 0xff, 0xd8, 0x40, 0xf,
    0xff, 0xd1, 0x0, 0x7f, 0xf6, 0xc, 0x40, 0x3f,
    0xff, 0x46, 0x1, 0xff, 0xd8, 0x70, 0xf, 0xff,
    0xd2, 0x80, 0x7f, 0xf6, 0x2c, 0x3, 0xff, 0xf5,
    0xe0, 0x1f, 0xfd, 0x82, 0x40, 0xf, 0xff, 0xca,
    0x0, 0x7f, 0xf6, 0x60, 0x3, 0xff, 0xf2, 0x40,
    0x1f, 0xfd, 0x93, 0x60, 0xf, 0xff, 0xca, 0x0,
    0x7f, 0xf6, 0x64, 0x80, 0x3f, 0xf9, 0xb2, 0x1,
    0xff, 0xde, 0xc0, 0xf, 0xfe, 0xd6, 0x10, 0x7,
    0xff, 0x28, 0xb1, 0x0, 0x3f, 0xfb, 0xc8, 0x1,
    0xff, 0xda, 0x1d, 0x40, 0xf, 0xfe, 0x43, 0xe9,
    0x80, 0x7f, 0xf7, 0xcc, 0x40, 0x3f, 0xfb, 0x77,
    0x63, 0x0, 0xff, 0xe1, 0x9c, 0x74, 0x0, 0x7f,
    0xf8, 0x90, 0x3, 0xff, 0xb8, 0x99, 0xb0, 0x84,
    0x20, 0x10, 0x91, 0xab, 0xd7, 0x63, 0x88, 0x7,
    0xff, 0x8f, 0xc0, 0x3f, 0xfb, 0xc4, 0xf7, 0xbd,
    0xff, 0x76, 0xe5, 0x42, 0x88, 0x7, 0xff, 0x99,
    0x0, 0x3f, 0xff, 0xe0, 0x1f, 0xfd, 0x41, 0x40,
    0xf, 0xff, 0xf8, 0x7, 0xff, 0x53, 0x80, 0x3f,
    0xff, 0xe0, 0x1f, 0xfd, 0x45, 0x0, 0xff, 0xff,
    0x80, 0x7f, 0xf5, 0x58, 0x3, 0xff, 0xfe, 0x1,
    0xff, 0xd4, 0xb0, 0xf, 0xff, 0xf8, 0x7, 0xff,
    0x50, 0x90, 0x3, 0xff, 0xfe, 0x1, 0xff, 0xd4,
    0xf0, 0xf, 0xff, 0xf8, 0x7, 0xff, 0x51, 0xc,
    0x3, 0xff, 0xfe, 0x1, 0xff, 0xd4, 0x80, 0xf,
    0xff, 0xf8, 0x7, 0xff, 0x51, 0x10, 0x1, 0xff,
    0xff, 0x0, 0xff, 0xea, 0x48, 0x7, 0xff, 0xfc,
    0x3, 0xff, 0xa8, 0x4e, 0x1, 0xff, 0xff, 0x0,
    0xff, 0xea, 0x41, 0x0, 0x7f, 0xff, 0xc0, 0x3f,
    0xfa, 0x9c, 0x1, 0xff, 0xff, 0x0, 0xff, 0xea,
    0x1c, 0x0, 0x7f, 0xff, 0xc0, 0x3f, 0xfa, 0x8e,
    0xa0, 0x1f, 0xff, 0xf0, 0xf, 0xfe, 0xa5, 0x18,
    0x7, 0xff, 0xfc, 0x3, 0xff, 0xa9, 0xa4, 0x1,
    0xff, 0xff, 0x0, 0xff, 0xe9, 0x8f, 0x90, 0x7,
    0xff, 0xfc, 0x3, 0xff, 0xa6, 0x58, 0x40, 0x1f,
    0xff, 0xf0, 0xf, 0xfe, 0x98, 0xe1, 0x80, 0x7f,
    0xff, 0xc0, 0x3f, 0xfa, 0x63, 0x8e, 0x1, 0xff,
    0xff, 0x0, 0xff, 0xea, 0x45, 0x88, 0x7, 0xff,
    0xfc, 0x3, 0xff, 0xa6, 0x9c, 0xc0, 0x1f, 0xff,
    0xf0, 0xf, 0xfe, 0xa4, 0xe2, 0x0, 0x7f, 0xf7,
    0x92, 0xc0, 0x3f, 0xfe, 0x47, 0x7a, 0xa0, 0x1f,
    0xfd, 0xa5, 0xcb, 0x60, 0xf, 0xff, 0xa1, 0x57,
    0x49, 0x80, 0x7f, 0xf5, 0xa, 0x3a, 0x8c, 0x3,
    0xff, 0xf0, 0x2d, 0x9d, 0x4a, 0x20, 0x1f, 0xfc,
    0xc1, 0x59, 0xed, 0x71, 0x0, 0xff, 0xfe, 0x8a,
    0xd7, 0x72, 0xe1, 0x90, 0x84, 0x3, 0xfc, 0x24,
    0x6d, 0x15, 0xbd, 0x4c, 0x20, 0x1f, 0xff, 0xf0,
    0xe, 0x14, 0x79, 0xbd, 0xef, 0xf7, 0x73, 0x75,
    0xdd, 0x7f, 0x6e, 0x4b, 0xa9, 0x0, 0x7f, 0xff,
    0xc0, 0x3f, 0xf8, 0xc2, 0x22, 0x20, 0x8c, 0x1,
    0xff, 0xff, 0x0, 0xff, 0xff, 0x80, 0x7f, 0xff,
    0xc0, 0x3f, 0xff, 0xe0, 0x1f, 0xff, 0xf0, 0xf,
    0xff, 0xf8, 0x7, 0xff, 0xfc, 0x3, 0xff, 0xfe,
    0x1, 0xff, 0xff, 0x0, 0xff, 0xff, 0x80, 0x7f,
    0xff, 0xc0, 0x3f, 0xff, 0xe0, 0x1f, 0xff, 0xf0,
    0xf, 0xff, 0xf8, 0x7, 0xff, 0xfc, 0x3, 0xff,
    0xfe, 0x1, 0xff, 0xff, 0x0, 0xff, 0xff, 0x80,
    0x7f, 0xff, 0xc0, 0x3f, 0xff, 0xe0, 0x1f, 0xff,
    0xf0, 0xf, 0xff, 0xf8, 0x7, 0xff, 0xfc, 0x3,
    0xff, 0xfe, 0x1, 0xff, 0xff, 0x0, 0xff, 0xff,
    0x80, 0x7f, 0xfa, 0xcd, 0x57, 0xff, 0xae, 0x1,
    0xff, 0xfc, 0x8a, 0xaf, 0xfe, 0xb9, 0x0, 0x7f,
    0xfd, 0xbc, 0x3, 0xff, 0xfe, 0x1, 0xff, 0xff,
    0x0, 0xff, 0xff, 0x80, 0x7f, 0xff, 0xc0, 0x3f,
    0xff, 0xe0, 0x1f, 0xff, 0xf0, 0xf, 0xff, 0xf8,
    0x7, 0xff, 0x8, 0x40, 0x3f, 0xff, 0xe0, 0x1f,
    0xff, 0xf0, 0xf, 0xff, 0xa9, 0x80, 0x7f, 0xff,
    0xc0, 0x3f, 0xfa, 0x82, 0x1, 0xff, 0xff, 0x0,
    0xff, 0xfe, 0x88, 0x7, 0xff, 0xd9, 0xc0, 0x3f,
    0xff, 0xe0, 0x1f, 0xfd, 0x41, 0x0, 0xff, 0xfc,
    0x88, 0x7, 0xff, 0x64, 0xc0, 0x30, 0x80, 0x7f,
    0xf5, 0xdc, 0x3, 0xff, 0xec, 0x20, 0x1f, 0xff,
    0xf0, 0xf, 0xff, 0xe8, 0x80, 0x7f, 0xf4, 0x1c,
    0x3, 0xff, 0xb0, 0x20, 0x1f, 0xff, 0xf0, 0xf,
    0xfe, 0xa1, 0x80, 0x71, 0x80, 0x7f, 0xf5, 0xcc,
    0x3, 0xff, 0xea, 0x20, 0x1f, 0xfd, 0xd1, 0x0,
    0xff, 0xe8, 0x8, 0x7, 0xff, 0x61, 0xc0, 0x3f,
    0xfb, 0xbe, 0x1, 0xff, 0xf5, 0x20, 0xe, 0x10,
    0xf, 0xfe, 0xb8, 0x80, 0x7f, 0xf4, 0xc, 0x3,
    0xff, 0xb1, 0xc0, 0x1d, 0xe0, 0x1f, 0xfd, 0x73,
    0x0, 0xff, 0xfa, 0x88, 0x7, 0x8, 0x7, 0xff,
    0x5c, 0x40, 0x3f, 0xfa, 0x2, 0x1, 0xff, 0xd8,
    0x20, 0xe, 0x30, 0xf, 0xfe, 0xbb, 0x80, 0x7f,
    0xf4, 0x3c, 0x3, 0xff, 0xb0, 0xc0, 0x1c, 0x20,
    0x1f, 0xfd, 0x72, 0x0, 0xff, 0xe8, 0x8, 0x7,
    0xff, 0x60, 0x80, 0x39, 0xc0, 0x3f, 0xfa, 0xe2,
    0x1, 0xff, 0xf4, 0x10, 0xf, 0x8, 0x7, 0xff,
    0x60, 0x40, 0x3f, 0xf9, 0xe6, 0x1, 0xff, 0xd7,
    0x20, 0xf, 0x10, 0x7, 0xff, 0x60, 0x80, 0x3f,
    0xf9, 0xec, 0x1, 0xff, 0xd7, 0x50, 0xf, 0xfe,
    0xfa, 0x80, 0x7f, 0xf3, 0xc4, 0x3, 0xff, 0xaf,
    0xc0, 0x1f, 0x10, 0x7, 0xff, 0x5f, 0x80, 0x3f,
    0xf9, 0xe4, 0x1, 0xff, 0xd7, 0x20, 0xf, 0x98,
    0x3, 0xff, 0xae, 0x60, 0x1f, 0xfc, 0xe1, 0x0,
    0xff, 0xec, 0x38, 0x7, 0xc4, 0x1, 0xff, 0xd7,
    0x50, 0xf, 0xfe, 0x72, 0x80, 0x7f, 0xf6, 0x8,
    0x3, 0xee, 0x0, 0xff, 0xeb, 0x89, 0x0, 0x7f,
    0xf3, 0x4c, 0x3, 0xff, 0xae, 0x60, 0x1f, 0x88,
    0x3, 0xff, 0xb0, 0xa0, 0x1f, 0xfc, 0xdc, 0x0,
    0xff, 0xeb, 0xa8, 0x7, 0xe7, 0x0, 0xff, 0xec,
    0x58, 0x7, 0xff, 0x35, 0x0, 0x3f, 0xfa, 0xfe,
    0x1, 0xf8, 0x80, 0x3f, 0xfb, 0x6, 0x40, 0x1f,
    0xfc, 0xb4, 0x0, 0xff, 0xec, 0x20, 0x7, 0xf1,
    0x80, 0x7f, 0xf6, 0x2c, 0x3, 0xff, 0x97, 0xc0,
    0x1f, 0xfd, 0x71, 0x20, 0xf, 0xe5, 0x0, 0xff,
    0xec, 0x31, 0x0, 0x7f, 0xf2, 0x45, 0x40, 0x3f,
    0xfa, 0xea, 0x1, 0xfe, 0xf0, 0xf, 0xfe, 0xcf,
    0x0, 0x7f, 0xf2, 0x60, 0x3, 0xff, 0xb1, 0x80,
    0x1f, 0xe5, 0x0, 0xff, 0xec, 0x9c, 0x0, 0x7f,
    0xf1, 0xd1, 0x80, 0x3f, 0xfb, 0x8, 0x1, 0xfe,
    0x30, 0xf, 0xfe, 0xd3, 0xc8, 0x7, 0xff, 0x14,
    0xe8, 0x3, 0xff, 0xb0, 0x26, 0x1, 0xff, 0x20,
    0x7, 0xff, 0x69, 0xb0, 0xc0, 0x3f, 0xf8, 0x4d,
    0x82, 0x1, 0xff, 0xd8, 0x40, 0xf, 0xfe, 0x6,
    0x0, 0x7f, 0xf6, 0xcf, 0x30, 0xc4, 0x1, 0xf8,
    0x5b, 0x64, 0x3, 0xff, 0xb5, 0xe0, 0x1f, 0xfc,
    0x5, 0x0, 0xff, 0xee, 0x9c, 0xef, 0x65, 0x4c,
    0xaa, 0xfb, 0x92, 0x40, 0x1f, 0xfd, 0xb4, 0x0,
    0xff, 0xe0, 0x10, 0x80, 0x7f, 0xf7, 0xc4, 0xd5,
    0x98, 0xa8, 0x20, 0x1f, 0xfd, 0xd4, 0x10, 0xf,
    0xfe, 0xb, 0x80, 0x7f, 0xff, 0xc0, 0x3f, 0xf8,
    0xbc, 0x1, 0xff, 0xc2, 0xd0, 0xf, 0xff, 0xf8,
    0x7, 0xff, 0x15, 0x40, 0x3f, 0xf8, 0x48, 0x20,
    0x1f, 0xff, 0xf0, 0xf, 0xfe, 0x1a, 0x80, 0x7f,
    0xf1, 0x18, 0x3, 0xff, 0xfe, 0x1, 0xff, 0xc3,
    0x90, 0xf, 0xfe, 0x25, 0x0, 0x7f, 0xff, 0xc0,
    0x3f, 0xf8, 0x46, 0x60, 0xf, 0xfe, 0x21, 0x20,
    0x7, 0xff, 0xfc, 0x3, 0xff, 0x83, 0x20, 0x1f,
    0xfc, 0x6f, 0x0, 0xff, 0xff, 0x80, 0x7f, 0xf0,
    0x9, 0x40, 0x3f, 0xf8, 0xc8, 0x40, 0x1f, 0xff,
    0xf0, 0xf, 0xfa, 0x0, 0x3f, 0xf9, 0x10, 0x1,
    0xff, 0xff, 0x0, 0xff, 0x12, 0x80, 0x7f, 0xf2,
    0x14, 0xc0, 0x3f, 0xff, 0xe0, 0x1f, 0xd2, 0x1,
    0xff, 0xca, 0x80, 0xf, 0xff, 0xf8, 0x7, 0xe4,
    0x40, 0x7, 0xff, 0x29, 0x10, 0x1, 0xff, 0xff,
    0x0, 0xfa, 0x40, 0x3f, 0xf9, 0x94, 0x1, 0xff,
    0xff, 0x0, 0xf4, 0x90, 0x7, 0xff, 0x30, 0x64,
    0x3, 0xff, 0xfe, 0x1, 0x8d, 0x80, 0x3f, 0xf9,
    0xcc, 0x80, 0x1f, 0xff, 0xf0, 0x0, 0xe8, 0x7,
    0xff, 0x42, 0x84, 0x3, 0xff, 0xfe, 0x1a, 0x20,
    0x1f, 0xfd, 0x1, 0xd0, 0xf, 0xff, 0xfc, 0x98,
    0x7, 0xff, 0x48, 0xe8, 0x3, 0xff, 0xfb, 0xc,
    0x1, 0xff, 0xd4, 0x59, 0x0, 0xff, 0xfd, 0xbb,
    0x80, 0x3f, 0xfa, 0xcd, 0x0, 0x1f, 0xff, 0x98,
    0x80, 0x7, 0xff, 0x61, 0xe4, 0x3, 0xff, 0xef,
    0x4e, 0x1, 0xff, 0xda, 0x6b, 0x0, 0xff, 0xfa,
    0xe, 0x28, 0x7, 0xff, 0x71, 0x34, 0xc0, 0x3f,
    0xfe, 0x2b, 0xe6, 0x1, 0xff, 0xde, 0x2c, 0x70,
    0xf, 0xff, 0x70, 0xd5, 0x4, 0x3, 0xff, 0xc3,
    0x1a, 0x80, 0x1f, 0xfe, 0xb7, 0xe5, 0x0, 0xff,
    0xf2, 0x15, 0xd8, 0xc0, 0x3f, 0xfc, 0xed, 0xb0,
    0x1, 0xff, 0xe8, 0x4c, 0xb4, 0x0, 0xff, 0xf1,
    0xb, 0xf4, 0x90, 0x7, 0xff, 0xad, 0x2f, 0x5c,
    0x40, 0x3f, 0xfb, 0xab, 0x7d, 0x2, 0x1, 0xff,
    0xef, 0x28, 0xec, 0x72, 0x0, 0xff, 0xeb, 0xb,
    0x57, 0xd2, 0x0, 0x7f, 0xfd, 0x4e, 0x37, 0xa9,
    0x8c, 0x3, 0xff, 0x9c, 0x6d, 0x5b, 0xd2, 0xa0,
    0x1f, 0xff, 0xb1, 0x59, 0xcf, 0xdb, 0x96, 0x54,
    0x21, 0x10, 0x7, 0x8, 0x88, 0xd1, 0x9e, 0x6f,
    0xbf, 0x25, 0x48, 0x3, 0xff, 0xb2
};


/*---------------------
 *  GLYPH DESCRIPTION
 *--------------------*/

static const lv_font_fmt_txt_glyph_dsc_t glyph_dsc[] = {
    {.bitmap_index = 0, .adv_w = 0, .box_w = 0, .box_h = 0, .ofs_x = 0, .ofs_y = 0} /* id = 0 reserved */,
    {.bitmap_index = 0, .adv_w = 2288, .box_w = 114, .box_h = 255, .ofs_x = 14, .ofs_y = -3},
    {.bitmap_index = 2115, .adv_w = 1532, .box_w = 70, .box_h = 250, .ofs_x = 5, .ofs_y = 0},
    {.bitmap_index = 2945, .adv_w = 2155, .box_w = 102, .box_h = 252, .ofs_x = 19, .ofs_y = 0},
    {.bitmap_index = 5037, .adv_w = 2175, .box_w = 109, .box_h = 255, .ofs_x = 14, .ofs_y = -3},
    {.bitmap_index = 7447, .adv_w = 2155, .box_w = 116, .box_h = 250, .ofs_x = 12, .ofs_y = 0},
    {.bitmap_index = 9494, .adv_w = 2155, .box_w = 101, .box_h = 252, .ofs_x = 17, .ofs_y = -3},
    {.bitmap_index = 11341, .adv_w = 2155, .box_w = 111, .box_h = 255, .ofs_x = 14, .ofs_y = -3},
    {.bitmap_index = 13725, .adv_w = 2155, .box_w = 111, .box_h = 250, .ofs_x = 14, .ofs_y = 0},
    {.bitmap_index = 15506, .adv_w = 2155, .box_w = 109, .box_h = 255, .ofs_x = 13, .ofs_y = -3},
    {.bitmap_index = 18291, .adv_w = 2155, .box_w = 108, .box_h = 255, .ofs_x = 9, .ofs_y = -3}
};

/*---------------------
 *  CHARACTER MAPPING
 *--------------------*/



/*Collect the unicode lists and glyph_id offsets*/
static const lv_font_fmt_txt_cmap_t cmaps[] =
{
    {
        .range_start = 48, .range_length = 10, .glyph_id_start = 1,
        .unicode_list = NULL, .glyph_id_ofs_list = NULL, .list_length = 0, .type = LV_FONT_FMT_TXT_CMAP_FORMAT0_TINY
    }
};



/*--------------------
 *  ALL CUSTOM DATA
 *--------------------*/

#if LVGL_VERSION_MAJOR == 8
/*Store all the custom data of the font*/
static  lv_font_fmt_txt_glyph_cache_t cache;
#endif

#if LVGL_VERSION_MAJOR >= 8
static const lv_font_fmt_txt_dsc_t font_dsc = {
#else
static lv_font_fmt_txt_dsc_t font_dsc = {
#endif
    .glyph_bitmap = glyph_bitmap,
    .glyph_dsc = glyph_dsc,
    .cmaps = cmaps,
    .kern_dsc = NULL,
    .kern_scale = 0,
    .cmap_num = 1,
    .bpp = 4,
    .kern_classes = 0,
    .bitmap_format = 1,
#if LVGL_VERSION_MAJOR == 8
    .cache = &cache
#endif
};



/*-----------------
 *  PUBLIC FONT
 *----------------*/

/*Initialize a public general font descriptor*/
#if LVGL_VERSION_MAJOR >= 8
const lv_font_t antonio_290 = {
#else
lv_font_t antonio_290 = {
#endif
    .get_glyph_dsc = lv_font_get_glyph_dsc_fmt_txt,    /*Function pointer to get glyph's data*/
    .get_glyph_bitmap = lv_font_get_bitmap_fmt_txt,    /*Function pointer to get glyph's bitmap*/
    .line_height = 255,          /*The maximum line height required by the font*/
    .base_line = 3,             /*Baseline measured from the bottom of the line*/
#if !(LVGL_VERSION_MAJOR == 6 && LVGL_VERSION_MINOR == 0)
    .subpx = LV_FONT_SUBPX_NONE,
#endif
#if LV_VERSION_CHECK(7, 4, 0) || LVGL_VERSION_MAJOR >= 8
    .underline_position = 0,
    .underline_thickness = 0,
#endif
    .dsc = &font_dsc,          /*The custom font data. Will be accessed by `get_glyph_bitmap/dsc` */
#if LV_VERSION_CHECK(8, 2, 0) || LVGL_VERSION_MAJOR >= 9
    .fallback = NULL,
#endif
    .user_data = NULL,
};



#endif /*#if ANTONIO_290*/

