/*******************************************************************************
 * Size: 22 px
 * Bpp: 4
 * Opts: undefined
 ******************************************************************************/

#ifdef LV_LVGL_H_INCLUDE_SIMPLE
#include "lvgl.h"
#else
#include "lvgl.h"
#endif

#ifndef LV_FONT_OUTFIT_MEDIUM_22
#define LV_FONT_OUTFIT_MEDIUM_22 1
#endif

#if LV_FONT_OUTFIT_MEDIUM_22

/*-----------------
 *    BITMAPS
 *----------------*/

/*Store the image of the glyphs*/
static LV_ATTRIBUTE_LARGE_CONST const uint8_t glyph_bitmap[] = {
    /* U+0020 " " */

    /* U+0021 "!" */
    0x7f, 0xf0, 0x6f, 0xf0, 0x6f, 0xf0, 0x5f, 0xf0,
    0x5f, 0xe0, 0x4f, 0xe0, 0x4f, 0xd0, 0x3f, 0xd0,
    0x3f, 0xc0, 0x2f, 0xc0, 0x2f, 0xb0, 0x0, 0x0,
    0x4, 0x20, 0x9f, 0xf2, 0xcf, 0xf6, 0x5f, 0xc1,

    /* U+0022 "\"" */
    0x9f, 0xf0, 0x9f, 0xf0, 0x8f, 0xd0, 0x7f, 0xe0,
    0x6f, 0xc0, 0x6f, 0xc0, 0x5f, 0xa0, 0x4f, 0xb0,
    0x3f, 0x90, 0x3f, 0x90, 0x2f, 0x70, 0x1f, 0x80,

    /* U+0023 "#" */
    0x0, 0x0, 0x4f, 0xc0, 0x8, 0xf8, 0x0, 0x0,
    0x0, 0x6f, 0x90, 0xa, 0xf5, 0x0, 0x0, 0x0,
    0x9f, 0x70, 0xd, 0xf3, 0x0, 0x0, 0x0, 0xbf,
    0x50, 0xf, 0xf1, 0x0, 0x0, 0x0, 0xef, 0x20,
    0x2f, 0xe0, 0x0, 0x6, 0xff, 0xff, 0xff, 0xff,
    0xff, 0xf2, 0x5, 0xff, 0xff, 0xff, 0xff, 0xff,
    0xf2, 0x0, 0x5, 0xfb, 0x0, 0x9f, 0x70, 0x0,
    0x0, 0x7, 0xf8, 0x0, 0xbf, 0x40, 0x0, 0xf,
    0xff, 0xff, 0xff, 0xff, 0xff, 0x70, 0xf, 0xff,
    0xff, 0xff, 0xff, 0xff, 0x70, 0x0, 0xf, 0xf1,
    0x3, 0xfd, 0x0, 0x0, 0x0, 0x1f, 0xf0, 0x5,
    0xfb, 0x0, 0x0, 0x0, 0x3f, 0xc0, 0x7, 0xf8,
    0x0, 0x0, 0x0, 0x6f, 0xa0, 0xa, 0xf6, 0x0,
    0x0, 0x0, 0x8f, 0x70, 0xc, 0xf3, 0x0, 0x0,

    /* U+0024 "$" */
    0x0, 0x0, 0x2f, 0xa0, 0x0, 0x0, 0x0, 0x2,
    0xfa, 0x0, 0x0, 0x0, 0x19, 0xef, 0xfb, 0x40,
    0x0, 0x2e, 0xff, 0xff, 0xff, 0x90, 0xc, 0xfe,
    0x8f, 0xdd, 0xfd, 0x11, 0xff, 0x52, 0xfa, 0x9,
    0x10, 0x3f, 0xf4, 0x2f, 0xa0, 0x0, 0x1, 0xff,
    0xc3, 0xfa, 0x0, 0x0, 0xa, 0xff, 0xff, 0xb0,
    0x0, 0x0, 0x1b, 0xff, 0xff, 0xd5, 0x0, 0x0,
    0x4, 0xbf, 0xff, 0xf9, 0x0, 0x0, 0x2, 0xfd,
    0xff, 0xf4, 0x0, 0x0, 0x2f, 0xa3, 0xff, 0x80,
    0x10, 0x2, 0xfa, 0xe, 0xfa, 0x2e, 0x70, 0x2f,
    0xa2, 0xff, 0x8b, 0xff, 0xb7, 0xfd, 0xef, 0xf3,
    0x1c, 0xff, 0xff, 0xff, 0xf7, 0x0, 0x6, 0xcf,
    0xff, 0xa3, 0x0, 0x0, 0x0, 0x2f, 0xa0, 0x0,
    0x0, 0x0, 0x2, 0xfa, 0x0, 0x0,

    /* U+0025 "%" */
    0x0, 0x9f, 0xfa, 0x10, 0x0, 0x5f, 0xf1, 0xb,
    0xfd, 0xdf, 0xb0, 0x0, 0xef, 0x70, 0x1f, 0xe0,
    0xd, 0xf1, 0x9, 0xfd, 0x0, 0x1f, 0xe1, 0x1e,
    0xf1, 0x3f, 0xf3, 0x0, 0xa, 0xff, 0xff, 0xb0,
    0xcf, 0x90, 0x0, 0x0, 0x9f, 0xfa, 0x6, 0xfe,
    0x10, 0x0, 0x0, 0x0, 0x0, 0x1f, 0xf5, 0x0,
    0x0, 0x0, 0x0, 0x0, 0xaf, 0xb0, 0x0, 0x0,
    0x0, 0x0, 0x4, 0xff, 0x20, 0x0, 0x0, 0x0,
    0x0, 0xd, 0xf8, 0x0, 0x0, 0x0, 0x0, 0x0,
    0x8f, 0xd0, 0x5d, 0xfd, 0x40, 0x0, 0x2, 0xff,
    0x44, 0xff, 0xff, 0xf2, 0x0, 0xb, 0xfa, 0x9,
    0xf7, 0x8, 0xf8, 0x0, 0x5f, 0xf1, 0x9, 0xf5,
    0x6, 0xf8, 0x1, 0xef, 0x60, 0x4, 0xff, 0xbf,
    0xf2, 0x9, 0xfc, 0x0, 0x0, 0x5d, 0xfd, 0x40,

    /* U+0026 "&" */
    0x0, 0x3, 0xbf, 0xfc, 0x50, 0x0, 0x0, 0x0,
    0x5f, 0xff, 0xff, 0xf8, 0x0, 0x0, 0x0, 0xef,
    0xe7, 0x6d, 0xfe, 0x0, 0x0, 0x4, 0xff, 0x30,
    0x0, 0xa1, 0x0, 0x0, 0x5, 0xff, 0x10, 0x0,
    0x0, 0x0, 0x0, 0x2, 0xff, 0x70, 0x0, 0x0,
    0x0, 0x0, 0x0, 0xbf, 0xf3, 0x0, 0x0, 0x0,
    0x0, 0x1, 0xaf, 0xfe, 0x20, 0x0, 0x0, 0x0,
    0xc, 0xfe, 0xff, 0xd1, 0x0, 0x0, 0x0, 0x8f,
    0xf2, 0x3f, 0xfc, 0x0, 0x0, 0x0, 0xdf, 0xa0,
    0x5, 0xff, 0xa0, 0x0, 0x0, 0xef, 0x80, 0x0,
    0x6f, 0xf9, 0x0, 0x0, 0xcf, 0xc0, 0x0, 0x8,
    0xff, 0x70, 0x0, 0x5f, 0xfa, 0x32, 0x4b, 0xff,
    0xf5, 0x0, 0xa, 0xff, 0xff, 0xff, 0xfe, 0xff,
    0x30, 0x0, 0x5b, 0xff, 0xea, 0x40, 0xcf, 0xe2,

    /* U+0027 "'" */
    0x9f, 0xf8, 0xfd, 0x6f, 0xc5, 0xfa, 0x3f, 0x92,
    0xf7,

    /* U+0028 "(" */
    0x0, 0x0, 0x71, 0x0, 0x0, 0x7f, 0xc0, 0x0,
    0x2f, 0xf3, 0x0, 0xa, 0xf8, 0x0, 0x1, 0xff,
    0x10, 0x0, 0x7f, 0xa0, 0x0, 0xb, 0xf5, 0x0,
    0x0, 0xef, 0x20, 0x0, 0xf, 0xf0, 0x0, 0x1,
    0xff, 0x0, 0x0, 0x1f, 0xf0, 0x0, 0x0, 0xff,
    0x10, 0x0, 0xe, 0xf3, 0x0, 0x0, 0xbf, 0x60,
    0x0, 0x7, 0xfa, 0x0, 0x0, 0x1f, 0xf1, 0x0,
    0x0, 0xaf, 0x90, 0x0, 0x2, 0xff, 0x40, 0x0,
    0x6, 0xfc, 0x0, 0x0, 0x6, 0x10,

    /* U+0029 ")" */
    0x5, 0x30, 0x0, 0x3f, 0xe1, 0x0, 0x9, 0xfb,
    0x0, 0x0, 0xef, 0x40, 0x0, 0x7f, 0xb0, 0x0,
    0x1f, 0xf0, 0x0, 0xc, 0xf4, 0x0, 0x9, 0xf8,
    0x0, 0x7, 0xfa, 0x0, 0x6, 0xfb, 0x0, 0x6,
    0xfb, 0x0, 0x7, 0xfa, 0x0, 0x9, 0xf7, 0x0,
    0xd, 0xf4, 0x0, 0x1f, 0xf0, 0x0, 0x7f, 0xa0,
    0x1, 0xef, 0x30, 0xa, 0xfa, 0x0, 0x3f, 0xe1,
    0x0, 0x4, 0x20, 0x0,

    /* U+002A "*" */
    0x0, 0x11, 0x0, 0xc5, 0x0, 0x1, 0xdb, 0x4,
    0xfe, 0x0, 0x2, 0xef, 0x89, 0xf4, 0x0, 0x0,
    0x1b, 0xff, 0xa0, 0x0, 0x0, 0x28, 0xff, 0xff,
    0xfb, 0xb, 0xff, 0xdf, 0x8b, 0xf8, 0x8, 0xf6,
    0x3f, 0x70, 0x1, 0x1, 0x20, 0x2f, 0xb0, 0x0,
    0x0, 0x0, 0x2f, 0xc0, 0x0, 0x0, 0x0, 0x0,
    0x0, 0x0,

    /* U+002B "+" */
    0x0, 0x0, 0x88, 0x10, 0x0, 0x0, 0x1, 0xff,
    0x20, 0x0, 0x0, 0x1, 0xff, 0x20, 0x0, 0x0,
    0x1, 0xff, 0x20, 0x0, 0x34, 0x45, 0xff, 0x54,
    0x43, 0xdf, 0xff, 0xff, 0xff, 0xfe, 0xdf, 0xff,
    0xff, 0xff, 0xfe, 0x0, 0x1, 0xff, 0x20, 0x0,
    0x0, 0x1, 0xff, 0x20, 0x0, 0x0, 0x1, 0xff,
    0x20, 0x0, 0x0, 0x1, 0xff, 0x20, 0x0,

    /* U+002C "," */
    0x1, 0x30, 0x2f, 0xf8, 0x6f, 0xfd, 0x1e, 0xf9,
    0xa, 0xf2, 0x2f, 0x90, 0x5e, 0x10, 0x0, 0x0,

    /* U+002D "-" */
    0x35, 0x55, 0x55, 0x54, 0xaf, 0xff, 0xff, 0xfc,
    0xaf, 0xff, 0xff, 0xfc,

    /* U+002E "." */
    0x2, 0x40, 0x3f, 0xf8, 0x6f, 0xfc, 0x1d, 0xf5,

    /* U+002F "/" */
    0x0, 0x0, 0x0, 0x58, 0x40, 0x0, 0x0, 0xf,
    0xf4, 0x0, 0x0, 0x5, 0xfe, 0x0, 0x0, 0x0,
    0xbf, 0x90, 0x0, 0x0, 0x1f, 0xf3, 0x0, 0x0,
    0x6, 0xfd, 0x0, 0x0, 0x0, 0xcf, 0x80, 0x0,
    0x0, 0x1f, 0xf2, 0x0, 0x0, 0x7, 0xfc, 0x0,
    0x0, 0x0, 0xcf, 0x70, 0x0, 0x0, 0x2f, 0xf1,
    0x0, 0x0, 0x8, 0xfc, 0x0, 0x0, 0x0, 0xdf,
    0x60, 0x0, 0x0, 0x3f, 0xf1, 0x0, 0x0, 0x9,
    0xfb, 0x0, 0x0, 0x0, 0xef, 0x50, 0x0, 0x0,
    0x4f, 0xf0, 0x0, 0x0, 0x9, 0xfa, 0x0, 0x0,
    0x0,

    /* U+0030 "0" */
    0x0, 0x0, 0x4b, 0xff, 0xd7, 0x0, 0x0, 0x0,
    0x9, 0xff, 0xff, 0xff, 0xd2, 0x0, 0x0, 0x8f,
    0xfd, 0x87, 0xbf, 0xfd, 0x0, 0x2, 0xff, 0xb0,
    0x0, 0x5, 0xff, 0x80, 0x8, 0xff, 0x10, 0x0,
    0x0, 0xbf, 0xe0, 0xd, 0xfb, 0x0, 0x0, 0x0,
    0x5f, 0xf3, 0xf, 0xf8, 0x0, 0x0, 0x0, 0x2f,
    0xf6, 0x1f, 0xf7, 0x0, 0x0, 0x0, 0x1f, 0xf7,
    0x1f, 0xf7, 0x0, 0x0, 0x0, 0x1f, 0xf7, 0xf,
    0xf8, 0x0, 0x0, 0x0, 0x2f, 0xf6, 0xd, 0xfb,
    0x0, 0x0, 0x0, 0x5f, 0xf3, 0x8, 0xff, 0x10,
    0x0, 0x0, 0xbf, 0xe0, 0x1, 0xff, 0xb0, 0x0,
    0x5, 0xff, 0x80, 0x0, 0x7f, 0xfd, 0x87, 0xaf,
    0xfd, 0x0, 0x0, 0x8, 0xff, 0xff, 0xff, 0xd2,
    0x0, 0x0, 0x0, 0x4b, 0xef, 0xd8, 0x0, 0x0,

    /* U+0031 "1" */
    0x6f, 0xff, 0xff, 0x26, 0xff, 0xff, 0xf2, 0x25,
    0x58, 0xff, 0x20, 0x0, 0x5f, 0xf2, 0x0, 0x5,
    0xff, 0x20, 0x0, 0x5f, 0xf2, 0x0, 0x5, 0xff,
    0x20, 0x0, 0x5f, 0xf2, 0x0, 0x5, 0xff, 0x20,
    0x0, 0x5f, 0xf2, 0x0, 0x5, 0xff, 0x20, 0x0,
    0x5f, 0xf2, 0x0, 0x5, 0xff, 0x20, 0x0, 0x5f,
    0xf2, 0x0, 0x5, 0xff, 0x20, 0x0, 0x5f, 0xf2,

    /* U+0032 "2" */
    0x0, 0x7, 0xdf, 0xfc, 0x60, 0x0, 0x1, 0xdf,
    0xff, 0xff, 0xf9, 0x0, 0xc, 0xff, 0xb7, 0x7e,
    0xff, 0x40, 0x1d, 0xf6, 0x0, 0x1, 0xff, 0xa0,
    0x1, 0x60, 0x0, 0x0, 0xcf, 0xc0, 0x0, 0x0,
    0x0, 0x0, 0xdf, 0xb0, 0x0, 0x0, 0x0, 0x5,
    0xff, 0x70, 0x0, 0x0, 0x0, 0x1e, 0xff, 0x10,
    0x0, 0x0, 0x1, 0xdf, 0xf5, 0x0, 0x0, 0x0,
    0xc, 0xff, 0x80, 0x0, 0x0, 0x0, 0xbf, 0xf9,
    0x0, 0x0, 0x0, 0xa, 0xff, 0xa0, 0x0, 0x0,
    0x0, 0x9f, 0xfb, 0x0, 0x0, 0x0, 0x8, 0xff,
    0xe5, 0x55, 0x55, 0x50, 0x4f, 0xff, 0xff, 0xff,
    0xff, 0xf1, 0x6f, 0xff, 0xff, 0xff, 0xff, 0xf1,

    /* U+0033 "3" */
    0xb, 0xff, 0xff, 0xff, 0xff, 0xd0, 0xbf, 0xff,
    0xff, 0xff, 0xfc, 0x3, 0x55, 0x55, 0x6f, 0xfe,
    0x20, 0x0, 0x0, 0xc, 0xff, 0x30, 0x0, 0x0,
    0xa, 0xff, 0x50, 0x0, 0x0, 0x7, 0xff, 0x70,
    0x0, 0x0, 0x3, 0xff, 0xfc, 0x70, 0x0, 0x0,
    0x5e, 0xdf, 0xff, 0xc0, 0x0, 0x0, 0x0, 0x8,
    0xff, 0x70, 0x0, 0x0, 0x0, 0xc, 0xfd, 0x0,
    0x0, 0x0, 0x0, 0x9f, 0xf0, 0x0, 0x0, 0x0,
    0xa, 0xff, 0x4, 0xa0, 0x0, 0x3, 0xff, 0xb3,
    0xff, 0xd8, 0x79, 0xff, 0xf4, 0xb, 0xff, 0xff,
    0xff, 0xf8, 0x0, 0x5, 0xbe, 0xfe, 0xa3, 0x0,

    /* U+0034 "4" */
    0x0, 0x0, 0x2, 0xff, 0xa0, 0x0, 0x0, 0x0,
    0x0, 0xbf, 0xf2, 0x0, 0x0, 0x0, 0x0, 0x3f,
    0xf9, 0x0, 0x0, 0x0, 0x0, 0xb, 0xff, 0x10,
    0x0, 0x0, 0x0, 0x4, 0xff, 0x80, 0x0, 0x0,
    0x0, 0x0, 0xcf, 0xe1, 0x6, 0x62, 0x0, 0x0,
    0x5f, 0xf7, 0x1, 0xff, 0x60, 0x0, 0xd, 0xfe,
    0x0, 0x1f, 0xf6, 0x0, 0x6, 0xff, 0x60, 0x1,
    0xff, 0x60, 0x0, 0xdf, 0xf5, 0x55, 0x5f, 0xf9,
    0x52, 0x5f, 0xff, 0xff, 0xff, 0xff, 0xff, 0x96,
    0xff, 0xff, 0xff, 0xff, 0xff, 0xf9, 0x0, 0x0,
    0x0, 0x1, 0xff, 0x60, 0x0, 0x0, 0x0, 0x0,
    0x1f, 0xf6, 0x0, 0x0, 0x0, 0x0, 0x1, 0xff,
    0x60, 0x0, 0x0, 0x0, 0x0, 0x1f, 0xf6, 0x0,

    /* U+0035 "5" */
    0x0, 0xff, 0xff, 0xff, 0xff, 0x50, 0x0, 0xff,
    0xff, 0xff, 0xff, 0x50, 0x2, 0xff, 0x65, 0x55,
    0x55, 0x10, 0x3, 0xff, 0x0, 0x0, 0x0, 0x0,
    0x5, 0xfe, 0x0, 0x0, 0x0, 0x0, 0x7, 0xfd,
    0x0, 0x10, 0x0, 0x0, 0x8, 0xfe, 0xdf, 0xff,
    0xa1, 0x0, 0x4, 0xff, 0xff, 0xff, 0xfe, 0x10,
    0x0, 0x57, 0x20, 0x18, 0xff, 0xa0, 0x0, 0x0,
    0x0, 0x0, 0xaf, 0xf0, 0x0, 0x0, 0x0, 0x0,
    0x6f, 0xf2, 0x0, 0x0, 0x0, 0x0, 0x7f, 0xf2,
    0x4, 0x80, 0x0, 0x1, 0xef, 0xe0, 0x3f, 0xfd,
    0x87, 0x9e, 0xff, 0x70, 0xb, 0xff, 0xff, 0xff,
    0xf9, 0x0, 0x0, 0x5b, 0xef, 0xeb, 0x40, 0x0,

    /* U+0036 "6" */
    0x0, 0x0, 0x0, 0xdf, 0xe1, 0x0, 0x0, 0x0,
    0x9, 0xff, 0x40, 0x0, 0x0, 0x0, 0x4f, 0xf8,
    0x0, 0x0, 0x0, 0x1, 0xef, 0xc0, 0x0, 0x0,
    0x0, 0xa, 0xfe, 0x10, 0x0, 0x0, 0x0, 0x5f,
    0xff, 0xff, 0xa2, 0x0, 0x1, 0xef, 0xff, 0xff,
    0xff, 0x40, 0x8, 0xff, 0x92, 0x16, 0xff, 0xe0,
    0xe, 0xfb, 0x0, 0x0, 0x5f, 0xf6, 0x2f, 0xf5,
    0x0, 0x0, 0xf, 0xf9, 0x3f, 0xf4, 0x0, 0x0,
    0xe, 0xfa, 0x2f, 0xf7, 0x0, 0x0, 0x1f, 0xf8,
    0xe, 0xfe, 0x10, 0x0, 0xaf, 0xf3, 0x6, 0xff,
    0xe8, 0x7c, 0xff, 0xb0, 0x0, 0x9f, 0xff, 0xff,
    0xfc, 0x10, 0x0, 0x4, 0xbf, 0xfd, 0x70, 0x0,

    /* U+0037 "7" */
    0x6f, 0xff, 0xff, 0xff, 0xff, 0xe6, 0xff, 0xff,
    0xff, 0xff, 0xfd, 0x25, 0x55, 0x55, 0x55, 0xff,
    0x80, 0x0, 0x0, 0x0, 0x5f, 0xf2, 0x0, 0x0,
    0x0, 0xc, 0xfc, 0x0, 0x0, 0x0, 0x2, 0xff,
    0x60, 0x0, 0x0, 0x0, 0x8f, 0xf0, 0x0, 0x0,
    0x0, 0xe, 0xfa, 0x0, 0x0, 0x0, 0x5, 0xff,
    0x40, 0x0, 0x0, 0x0, 0xbf, 0xd0, 0x0, 0x0,
    0x0, 0x1f, 0xf8, 0x0, 0x0, 0x0, 0x7, 0xff,
    0x20, 0x0, 0x0, 0x0, 0xdf, 0xb0, 0x0, 0x0,
    0x0, 0x4f, 0xf5, 0x0, 0x0, 0x0, 0xa, 0xff,
    0x0, 0x0, 0x0, 0x1, 0xff, 0x90, 0x0, 0x0,

    /* U+0038 "8" */
    0x0, 0x6, 0xcf, 0xfc, 0x60, 0x0, 0x0, 0x9f,
    0xff, 0xff, 0xfa, 0x0, 0x3, 0xff, 0xb4, 0x3a,
    0xff, 0x40, 0x7, 0xfe, 0x0, 0x0, 0xef, 0x80,
    0x6, 0xfe, 0x0, 0x0, 0xdf, 0x70, 0x2, 0xff,
    0x81, 0x7, 0xff, 0x20, 0x0, 0x5f, 0xff, 0xff,
    0xf6, 0x0, 0x0, 0x8f, 0xff, 0xff, 0xf9, 0x0,
    0x6, 0xff, 0x71, 0x17, 0xff, 0x70, 0xe, 0xf8,
    0x0, 0x0, 0x8f, 0xf0, 0x2f, 0xf4, 0x0, 0x0,
    0x3f, 0xf2, 0x2f, 0xf5, 0x0, 0x0, 0x4f, 0xf3,
    0xf, 0xfb, 0x0, 0x0, 0xbf, 0xf1, 0x9, 0xff,
    0xc6, 0x6b, 0xff, 0xa0, 0x1, 0xdf, 0xff, 0xff,
    0xfd, 0x10, 0x0, 0x7, 0xdf, 0xfd, 0x80, 0x0,

    /* U+0039 "9" */
    0x0, 0x4, 0xbf, 0xfd, 0x70, 0x0, 0x0, 0x7f,
    0xff, 0xff, 0xfd, 0x10, 0x4, 0xff, 0xe8, 0x7c,
    0xff, 0xc0, 0xd, 0xfe, 0x10, 0x0, 0xaf, 0xf4,
    0x2f, 0xf7, 0x0, 0x0, 0x1f, 0xf8, 0x4f, 0xf4,
    0x0, 0x0, 0xe, 0xf9, 0x3f, 0xf5, 0x0, 0x0,
    0xf, 0xf8, 0xf, 0xfb, 0x0, 0x0, 0x5f, 0xf4,
    0x9, 0xff, 0x91, 0x5, 0xff, 0xd0, 0x0, 0xcf,
    0xff, 0xff, 0xff, 0x50, 0x0, 0x8, 0xdf, 0xff,
    0xfa, 0x0, 0x0, 0x0, 0x0, 0xaf, 0xe1, 0x0,
    0x0, 0x0, 0x6, 0xff, 0x50, 0x0, 0x0, 0x0,
    0x2f, 0xfa, 0x0, 0x0, 0x0, 0x0, 0xdf, 0xe1,
    0x0, 0x0, 0x0, 0x9, 0xff, 0x40, 0x0, 0x0,

    /* U+003A ":" */
    0x3, 0x30, 0x6f, 0xf5, 0x9f, 0xf8, 0x3e, 0xe2,
    0x0, 0x0, 0x0, 0x0, 0x0, 0x0, 0x3, 0x30,
    0x6f, 0xf5, 0x9f, 0xf8, 0x3e, 0xe2,

    /* U+003B ";" */
    0x3, 0x30, 0x6f, 0xf5, 0x9f, 0xf8, 0x3e, 0xe2,
    0x0, 0x0, 0x0, 0x0, 0x0, 0x0, 0x2, 0x20,
    0x4f, 0xf6, 0x8f, 0xfb, 0x3e, 0xf7, 0xc, 0xe1,
    0x4f, 0x70, 0x7d, 0x0, 0x0, 0x0,

    /* U+003C "<" */
    0x0, 0x0, 0x0, 0x0, 0x28, 0x0, 0x0, 0x0,
    0x4b, 0xfe, 0x0, 0x0, 0x5d, 0xff, 0xfc, 0x1,
    0x7e, 0xff, 0xfb, 0x40, 0x8f, 0xff, 0xe8, 0x20,
    0x0, 0xdf, 0xfc, 0x10, 0x0, 0x0, 0x7e, 0xff,
    0xf9, 0x20, 0x0, 0x0, 0x6d, 0xff, 0xfb, 0x40,
    0x0, 0x0, 0x5c, 0xff, 0xfc, 0x0, 0x0, 0x0,
    0x3a, 0xfe, 0x0, 0x0, 0x0, 0x0, 0x27,

    /* U+003D "=" */
    0xdf, 0xff, 0xff, 0xff, 0xfe, 0xdf, 0xff, 0xff,
    0xff, 0xfe, 0x33, 0x33, 0x33, 0x33, 0x33, 0x0,
    0x0, 0x0, 0x0, 0x0, 0x0, 0x0, 0x0, 0x0,
    0x0, 0xdf, 0xff, 0xff, 0xff, 0xfe, 0xdf, 0xff,
    0xff, 0xff, 0xfe, 0x34, 0x44, 0x44, 0x44, 0x43,

    /* U+003E ">" */
    0x83, 0x0, 0x0, 0x0, 0x0, 0xdf, 0xb4, 0x0,
    0x0, 0x0, 0xbf, 0xff, 0xd6, 0x0, 0x0, 0x4,
    0xaf, 0xff, 0xe7, 0x10, 0x0, 0x1, 0x8e, 0xff,
    0xf8, 0x0, 0x0, 0x1, 0xbf, 0xfe, 0x0, 0x2,
    0x8f, 0xff, 0xf8, 0x4, 0xbf, 0xff, 0xe7, 0x0,
    0xbf, 0xff, 0xc5, 0x0, 0x0, 0xdf, 0xb4, 0x0,
    0x0, 0x0, 0x72, 0x0, 0x0, 0x0, 0x0,

    /* U+003F "?" */
    0x0, 0x2a, 0xef, 0xea, 0x20, 0x0, 0x5f, 0xff,
    0xff, 0xff, 0x40, 0x1f, 0xfe, 0x86, 0x9f, 0xfd,
    0x0, 0x6c, 0x10, 0x0, 0x7f, 0xf2, 0x0, 0x0,
    0x0, 0x5, 0xff, 0x20, 0x0, 0x0, 0x3, 0xdf,
    0xe0, 0x0, 0x0, 0x4f, 0xff, 0xf4, 0x0, 0x0,
    0x4, 0xff, 0xb3, 0x0, 0x0, 0x0, 0x4f, 0xe0,
    0x0, 0x0, 0x0, 0x4, 0xfd, 0x0, 0x0, 0x0,
    0x0, 0x15, 0x40, 0x0, 0x0, 0x0, 0x0, 0x0,
    0x0, 0x0, 0x0, 0x0, 0x4, 0x20, 0x0, 0x0,
    0x0, 0x9, 0xff, 0x20, 0x0, 0x0, 0x0, 0xdf,
    0xf5, 0x0, 0x0, 0x0, 0x6, 0xfc, 0x0, 0x0,

    /* U+0040 "@" */
    0x0, 0x0, 0x5, 0xbd, 0xec, 0x93, 0x0, 0x0,
    0x0, 0x3, 0xdf, 0xff, 0xff, 0xff, 0x90, 0x0,
    0x0, 0x3f, 0xfb, 0x41, 0x1, 0x5d, 0xfa, 0x0,
    0x0, 0xef, 0x70, 0x0, 0x0, 0x0, 0xcf, 0x50,
    0x7, 0xfb, 0x0, 0x6a, 0x97, 0xb2, 0x3f, 0xc0,
    0xc, 0xf4, 0xa, 0xff, 0xff, 0xf3, 0xd, 0xf1,
    0xf, 0xf0, 0x3f, 0xc1, 0x2e, 0xf3, 0xa, 0xf3,
    0x1f, 0xf0, 0x5f, 0x60, 0xa, 0xf3, 0xa, 0xf4,
    0xf, 0xf0, 0x2f, 0xc1, 0x2e, 0xf3, 0xb, 0xf3,
    0xd, 0xf3, 0x8, 0xff, 0xff, 0xff, 0xff, 0xf0,
    0x8, 0xf9, 0x0, 0x48, 0x75, 0x88, 0x89, 0x50,
    0x1, 0xff, 0x40, 0x0, 0x0, 0x0, 0x0, 0x0,
    0x0, 0x5f, 0xf8, 0x20, 0x1, 0x6e, 0x50, 0x0,
    0x0, 0x5, 0xef, 0xff, 0xef, 0xff, 0x90, 0x0,
    0x0, 0x0, 0x17, 0xcf, 0xfe, 0xa3, 0x0, 0x0,

    /* U+0041 "A" */
    0x0, 0x0, 0x0, 0x5f, 0xd0, 0x0, 0x0, 0x0,
    0x0, 0x0, 0xb, 0xff, 0x30, 0x0, 0x0, 0x0,
    0x0, 0x2, 0xff, 0xf9, 0x0, 0x0, 0x0, 0x0,
    0x0, 0x8f, 0xff, 0xf0, 0x0, 0x0, 0x0, 0x0,
    0xe, 0xfc, 0xff, 0x60, 0x0, 0x0, 0x0, 0x5,
    0xff, 0x4d, 0xfc, 0x0, 0x0, 0x0, 0x0, 0xbf,
    0xd0, 0x6f, 0xf2, 0x0, 0x0, 0x0, 0x1f, 0xf7,
    0x1, 0xff, 0x90, 0x0, 0x0, 0x8, 0xff, 0x10,
    0xa, 0xff, 0x0, 0x0, 0x0, 0xef, 0xb0, 0x0,
    0x4f, 0xf5, 0x0, 0x0, 0x4f, 0xf8, 0x44, 0x44,
    0xff, 0xc0, 0x0, 0xb, 0xff, 0xff, 0xff, 0xff,
    0xff, 0x20, 0x1, 0xff, 0xff, 0xff, 0xff, 0xff,
    0xf8, 0x0, 0x7f, 0xf2, 0x0, 0x0, 0x0, 0xcf,
    0xe0, 0xd, 0xfc, 0x0, 0x0, 0x0, 0x6, 0xff,
    0x54, 0xff, 0x60, 0x0, 0x0, 0x0, 0xf, 0xfb,

    /* U+0042 "B" */
    0x5f, 0xff, 0xff, 0xfe, 0xa2, 0x0, 0x5f, 0xff,
    0xff, 0xff, 0xff, 0x30, 0x5f, 0xf6, 0x44, 0x47,
    0xff, 0xc0, 0x5f, 0xf3, 0x0, 0x0, 0x8f, 0xf1,
    0x5f, 0xf3, 0x0, 0x0, 0x6f, 0xf2, 0x5f, 0xf3,
    0x0, 0x0, 0x8f, 0xf0, 0x5f, 0xf6, 0x33, 0x37,
    0xff, 0x80, 0x5f, 0xff, 0xff, 0xff, 0xfb, 0x0,
    0x5f, 0xff, 0xff, 0xff, 0xff, 0x70, 0x5f, 0xf3,
    0x0, 0x1, 0x9f, 0xf3, 0x5f, 0xf3, 0x0, 0x0,
    0xe, 0xfa, 0x5f, 0xf3, 0x0, 0x0, 0xb, 0xfc,
    0x5f, 0xf3, 0x0, 0x0, 0x1f, 0xfb, 0x5f, 0xf6,
    0x44, 0x45, 0xcf, 0xf5, 0x5f, 0xff, 0xff, 0xff,
    0xff, 0xa0, 0x5f, 0xff, 0xff, 0xff, 0xc6, 0x0,

    /* U+0043 "C" */
    0x0, 0x0, 0x5, 0xbe, 0xff, 0xc8, 0x10, 0x0,
    0x0, 0x2c, 0xff, 0xff, 0xff, 0xff, 0x60, 0x0,
    0x2e, 0xff, 0xe9, 0x78, 0xbf, 0xff, 0x10, 0xc,
    0xff, 0x80, 0x0, 0x0, 0x3c, 0x30, 0x5, 0xff,
    0x80, 0x0, 0x0, 0x0, 0x0, 0x0, 0xbf, 0xf0,
    0x0, 0x0, 0x0, 0x0, 0x0, 0xf, 0xfa, 0x0,
    0x0, 0x0, 0x0, 0x0, 0x1, 0xff, 0x80, 0x0,
    0x0, 0x0, 0x0, 0x0, 0x1f, 0xf8, 0x0, 0x0,
    0x0, 0x0, 0x0, 0x0, 0xff, 0xa0, 0x0, 0x0,
    0x0, 0x0, 0x0, 0xb, 0xff, 0x0, 0x0, 0x0,
    0x0, 0x0, 0x0, 0x5f, 0xf8, 0x0, 0x0, 0x0,
    0x0, 0x0, 0x0, 0xcf, 0xf8, 0x0, 0x0, 0x2,
    0xc5, 0x0, 0x2, 0xef, 0xfe, 0x97, 0x8b, 0xff,
    0xf2, 0x0, 0x2, 0xcf, 0xff, 0xff, 0xff, 0xf7,
    0x0, 0x0, 0x0, 0x5b, 0xef, 0xfd, 0x81, 0x0,

    /* U+0044 "D" */
    0x5f, 0xff, 0xff, 0xfe, 0xc6, 0x0, 0x0, 0x5,
    0xff, 0xff, 0xff, 0xff, 0xfe, 0x40, 0x0, 0x5f,
    0xf7, 0x55, 0x57, 0xbf, 0xff, 0x40, 0x5, 0xff,
    0x30, 0x0, 0x0, 0x4e, 0xff, 0x10, 0x5f, 0xf3,
    0x0, 0x0, 0x0, 0x4f, 0xf9, 0x5, 0xff, 0x30,
    0x0, 0x0, 0x0, 0xbf, 0xf0, 0x5f, 0xf3, 0x0,
    0x0, 0x0, 0x6, 0xff, 0x35, 0xff, 0x30, 0x0,
    0x0, 0x0, 0x3f, 0xf5, 0x5f, 0xf3, 0x0, 0x0,
    0x0, 0x3, 0xff, 0x55, 0xff, 0x30, 0x0, 0x0,
    0x0, 0x6f, 0xf3, 0x5f, 0xf3, 0x0, 0x0, 0x0,
    0xb, 0xff, 0x5, 0xff, 0x30, 0x0, 0x0, 0x4,
    0xff, 0x90, 0x5f, 0xf3, 0x0, 0x0, 0x4, 0xef,
    0xf1, 0x5, 0xff, 0x75, 0x55, 0x7b, 0xff, 0xf5,
    0x0, 0x5f, 0xff, 0xff, 0xff, 0xff, 0xe4, 0x0,
    0x5, 0xff, 0xff, 0xff, 0xec, 0x70, 0x0, 0x0,

    /* U+0045 "E" */
    0x5f, 0xff, 0xff, 0xff, 0xff, 0xe0, 0x5f, 0xff,
    0xff, 0xff, 0xff, 0xe0, 0x5f, 0xf7, 0x55, 0x55,
    0x55, 0x50, 0x5f, 0xf3, 0x0, 0x0, 0x0, 0x0,
    0x5f, 0xf3, 0x0, 0x0, 0x0, 0x0, 0x5f, 0xf3,
    0x0, 0x0, 0x0, 0x0, 0x5f, 0xf6, 0x44, 0x44,
    0x44, 0x10, 0x5f, 0xff, 0xff, 0xff, 0xff, 0x40,
    0x5f, 0xff, 0xff, 0xff, 0xff, 0x40, 0x5f, 0xf3,
    0x0, 0x0, 0x0, 0x0, 0x5f, 0xf3, 0x0, 0x0,
    0x0, 0x0, 0x5f, 0xf3, 0x0, 0x0, 0x0, 0x0,
    0x5f, 0xf3, 0x0, 0x0, 0x0, 0x0, 0x5f, 0xf7,
    0x55, 0x55, 0x55, 0x50, 0x5f, 0xff, 0xff, 0xff,
    0xff, 0xf0, 0x5f, 0xff, 0xff, 0xff, 0xff, 0xf0,

    /* U+0046 "F" */
    0x5f, 0xff, 0xff, 0xff, 0xff, 0x95, 0xff, 0xff,
    0xff, 0xff, 0xf9, 0x5f, 0xf7, 0x55, 0x55, 0x55,
    0x35, 0xff, 0x30, 0x0, 0x0, 0x0, 0x5f, 0xf3,
    0x0, 0x0, 0x0, 0x5, 0xff, 0x30, 0x0, 0x0,
    0x0, 0x5f, 0xf3, 0x0, 0x0, 0x0, 0x5, 0xff,
    0xff, 0xff, 0xff, 0xf3, 0x5f, 0xff, 0xff, 0xff,
    0xff, 0x35, 0xff, 0x75, 0x55, 0x55, 0x51, 0x5f,
    0xf3, 0x0, 0x0, 0x0, 0x5, 0xff, 0x30, 0x0,
    0x0, 0x0, 0x5f, 0xf3, 0x0, 0x0, 0x0, 0x5,
    0xff, 0x30, 0x0, 0x0, 0x0, 0x5f, 0xf3, 0x0,
    0x0, 0x0, 0x5, 0xff, 0x30, 0x0, 0x0, 0x0,

    /* U+0047 "G" */
    0x0, 0x0, 0x4, 0xae, 0xff, 0xd8, 0x20, 0x0,
    0x0, 0x0, 0x1b, 0xff, 0xff, 0xff, 0xff, 0x80,
    0x0, 0x0, 0x1d, 0xff, 0xe9, 0x78, 0xbf, 0xff,
    0x80, 0x0, 0xb, 0xff, 0x80, 0x0, 0x0, 0x1b,
    0xd2, 0x0, 0x5, 0xff, 0x90, 0x0, 0x0, 0x0,
    0x1, 0x0, 0x0, 0xbf, 0xf0, 0x0, 0x0, 0x0,
    0x0, 0x0, 0x0, 0xf, 0xfa, 0x0, 0x0, 0x0,
    0x0, 0x0, 0x0, 0x1, 0xff, 0x80, 0x0, 0x7,
    0xff, 0xff, 0xff, 0xf2, 0x1f, 0xf8, 0x0, 0x0,
    0x7f, 0xff, 0xff, 0xff, 0x10, 0xff, 0xa0, 0x0,
    0x2, 0x55, 0x55, 0xbf, 0xf0, 0xb, 0xff, 0x10,
    0x0, 0x0, 0x0, 0xd, 0xfc, 0x0, 0x4f, 0xf9,
    0x0, 0x0, 0x0, 0x4, 0xff, 0x70, 0x0, 0xbf,
    0xf8, 0x0, 0x0, 0x4, 0xef, 0xe0, 0x0, 0x1,
    0xdf, 0xfe, 0x97, 0x8c, 0xff, 0xf4, 0x0, 0x0,
    0x1, 0xcf, 0xff, 0xff, 0xff, 0xf5, 0x0, 0x0,
    0x0, 0x0, 0x4a, 0xef, 0xfc, 0x71, 0x0, 0x0,

    /* U+0048 "H" */
    0x5f, 0xf3, 0x0, 0x0, 0x0, 0x8f, 0xf5, 0xff,
    0x30, 0x0, 0x0, 0x8, 0xff, 0x5f, 0xf3, 0x0,
    0x0, 0x0, 0x8f, 0xf5, 0xff, 0x30, 0x0, 0x0,
    0x8, 0xff, 0x5f, 0xf3, 0x0, 0x0, 0x0, 0x8f,
    0xf5, 0xff, 0x30, 0x0, 0x0, 0x8, 0xff, 0x5f,
    0xf7, 0x55, 0x55, 0x55, 0xbf, 0xf5, 0xff, 0xff,
    0xff, 0xff, 0xff, 0xff, 0x5f, 0xff, 0xff, 0xff,
    0xff, 0xff, 0xf5, 0xff, 0x30, 0x0, 0x0, 0x8,
    0xff, 0x5f, 0xf3, 0x0, 0x0, 0x0, 0x8f, 0xf5,
    0xff, 0x30, 0x0, 0x0, 0x8, 0xff, 0x5f, 0xf3,
    0x0, 0x0, 0x0, 0x8f, 0xf5, 0xff, 0x30, 0x0,
    0x0, 0x8, 0xff, 0x5f, 0xf3, 0x0, 0x0, 0x0,
    0x8f, 0xf5, 0xff, 0x30, 0x0, 0x0, 0x8, 0xff,

    /* U+0049 "I" */
    0x5f, 0xf3, 0x5f, 0xf3, 0x5f, 0xf3, 0x5f, 0xf3,
    0x5f, 0xf3, 0x5f, 0xf3, 0x5f, 0xf3, 0x5f, 0xf3,
    0x5f, 0xf3, 0x5f, 0xf3, 0x5f, 0xf3, 0x5f, 0xf3,
    0x5f, 0xf3, 0x5f, 0xf3, 0x5f, 0xf3, 0x5f, 0xf3,

    /* U+004A "J" */
    0x0, 0x0, 0x0, 0x2f, 0xf6, 0x0, 0x0, 0x0,
    0x2f, 0xf6, 0x0, 0x0, 0x0, 0x2f, 0xf6, 0x0,
    0x0, 0x0, 0x2f, 0xf6, 0x0, 0x0, 0x0, 0x2f,
    0xf6, 0x0, 0x0, 0x0, 0x2f, 0xf6, 0x0, 0x0,
    0x0, 0x2f, 0xf6, 0x0, 0x0, 0x0, 0x2f, 0xf6,
    0x0, 0x0, 0x0, 0x2f, 0xf6, 0x0, 0x0, 0x0,
    0x2f, 0xf6, 0x0, 0x0, 0x0, 0x2f, 0xf6, 0x0,
    0x0, 0x0, 0x3f, 0xf5, 0x1, 0x50, 0x0, 0x8f,
    0xf2, 0x2d, 0xfb, 0x7a, 0xff, 0xc0, 0x2e, 0xff,
    0xff, 0xfe, 0x20, 0x1, 0x9e, 0xfe, 0xa2, 0x0,

    /* U+004B "K" */
    0x5f, 0xf3, 0x0, 0x0, 0xa, 0xff, 0x90, 0x5f,
    0xf3, 0x0, 0x0, 0x8f, 0xfa, 0x0, 0x5f, 0xf3,
    0x0, 0x7, 0xff, 0xb0, 0x0, 0x5f, 0xf3, 0x0,
    0x5f, 0xfc, 0x0, 0x0, 0x5f, 0xf3, 0x4, 0xff,
    0xd1, 0x0, 0x0, 0x5f, 0xf3, 0x3f, 0xfd, 0x10,
    0x0, 0x0, 0x5f, 0xf5, 0xef, 0xe2, 0x0, 0x0,
    0x0, 0x5f, 0xff, 0xff, 0x30, 0x0, 0x0, 0x0,
    0x5f, 0xfa, 0xff, 0xb0, 0x0, 0x0, 0x0, 0x5f,
    0xf3, 0x9f, 0xfa, 0x0, 0x0, 0x0, 0x5f, 0xf3,
    0xb, 0xff, 0x80, 0x0, 0x0, 0x5f, 0xf3, 0x0,
    0xdf, 0xf6, 0x0, 0x0, 0x5f, 0xf3, 0x0, 0x1e,
    0xff, 0x40, 0x0, 0x5f, 0xf3, 0x0, 0x3, 0xff,
    0xf2, 0x0, 0x5f, 0xf3, 0x0, 0x0, 0x4f, 0xfe,
    0x10, 0x5f, 0xf3, 0x0, 0x0, 0x7, 0xff, 0xc0,

    /* U+004C "L" */
    0x5f, 0xf3, 0x0, 0x0, 0x0, 0x5, 0xff, 0x30,
    0x0, 0x0, 0x0, 0x5f, 0xf3, 0x0, 0x0, 0x0,
    0x5, 0xff, 0x30, 0x0, 0x0, 0x0, 0x5f, 0xf3,
    0x0, 0x0, 0x0, 0x5, 0xff, 0x30, 0x0, 0x0,
    0x0, 0x5f, 0xf3, 0x0, 0x0, 0x0, 0x5, 0xff,
    0x30, 0x0, 0x0, 0x0, 0x5f, 0xf3, 0x0, 0x0,
    0x0, 0x5, 0xff, 0x30, 0x0, 0x0, 0x0, 0x5f,
    0xf3, 0x0, 0x0, 0x0, 0x5, 0xff, 0x30, 0x0,
    0x0, 0x0, 0x5f, 0xf3, 0x0, 0x0, 0x0, 0x5,
    0xff, 0x75, 0x55, 0x55, 0x52, 0x5f, 0xff, 0xff,
    0xff, 0xff, 0x75, 0xff, 0xff, 0xff, 0xff, 0xf7,

    /* U+004D "M" */
    0x5f, 0xb0, 0x0, 0x0, 0x0, 0x0, 0x3, 0xfd,
    0x5f, 0xf5, 0x0, 0x0, 0x0, 0x0, 0xc, 0xfd,
    0x5f, 0xfd, 0x0, 0x0, 0x0, 0x0, 0x5f, 0xfd,
    0x5f, 0xff, 0x70, 0x0, 0x0, 0x0, 0xef, 0xfd,
    0x5f, 0xff, 0xf1, 0x0, 0x0, 0x8, 0xff, 0xfd,
    0x5f, 0xff, 0xfa, 0x0, 0x0, 0x2f, 0xff, 0xfd,
    0x5f, 0xf9, 0xff, 0x30, 0x0, 0xbf, 0xdb, 0xfd,
    0x5f, 0xf3, 0xcf, 0xc0, 0x4, 0xff, 0x4a, 0xfd,
    0x5f, 0xf3, 0x3f, 0xf6, 0xd, 0xfb, 0xa, 0xfd,
    0x5f, 0xf3, 0x9, 0xfe, 0x8f, 0xf2, 0xa, 0xfd,
    0x5f, 0xf3, 0x1, 0xff, 0xff, 0x80, 0xa, 0xfd,
    0x5f, 0xf3, 0x0, 0x7f, 0xfe, 0x0, 0xa, 0xfd,
    0x5f, 0xf3, 0x0, 0xc, 0xe5, 0x0, 0xa, 0xfd,
    0x5f, 0xf3, 0x0, 0x0, 0x0, 0x0, 0xa, 0xfd,
    0x5f, 0xf3, 0x0, 0x0, 0x0, 0x0, 0xa, 0xfd,
    0x5f, 0xf3, 0x0, 0x0, 0x0, 0x0, 0xa, 0xfd,

    /* U+004E "N" */
    0x5f, 0xc0, 0x0, 0x0, 0x0, 0x6f, 0xf1, 0x5f,
    0xf9, 0x0, 0x0, 0x0, 0x6f, 0xf1, 0x5f, 0xff,
    0x50, 0x0, 0x0, 0x6f, 0xf1, 0x5f, 0xff, 0xe2,
    0x0, 0x0, 0x6f, 0xf1, 0x5f, 0xff, 0xfc, 0x0,
    0x0, 0x6f, 0xf1, 0x5f, 0xf8, 0xff, 0x90, 0x0,
    0x6f, 0xf1, 0x5f, 0xf3, 0x9f, 0xf5, 0x0, 0x6f,
    0xf1, 0x5f, 0xf3, 0xc, 0xff, 0x20, 0x6f, 0xf1,
    0x5f, 0xf3, 0x2, 0xff, 0xc0, 0x6f, 0xf1, 0x5f,
    0xf3, 0x0, 0x5f, 0xf9, 0x6f, 0xf1, 0x5f, 0xf3,
    0x0, 0x9, 0xff, 0xbf, 0xf1, 0x5f, 0xf3, 0x0,
    0x0, 0xcf, 0xff, 0xf1, 0x5f, 0xf3, 0x0, 0x0,
    0x2f, 0xff, 0xf1, 0x5f, 0xf3, 0x0, 0x0, 0x5,
    0xff, 0xf1, 0x5f, 0xf3, 0x0, 0x0, 0x0, 0x9f,
    0xf1, 0x5f, 0xf3, 0x0, 0x0, 0x0, 0xd, 0xf1,

    /* U+004F "O" */
    0x0, 0x0, 0x4, 0xae, 0xff, 0xc7, 0x10, 0x0,
    0x0, 0x0, 0x1c, 0xff, 0xff, 0xff, 0xff, 0x50,
    0x0, 0x0, 0x1e, 0xff, 0xe9, 0x78, 0xcf, 0xff,
    0x60, 0x0, 0xc, 0xff, 0x80, 0x0, 0x0, 0x3e,
    0xff, 0x30, 0x5, 0xff, 0x80, 0x0, 0x0, 0x0,
    0x2f, 0xfc, 0x0, 0xbf, 0xe0, 0x0, 0x0, 0x0,
    0x0, 0x8f, 0xf2, 0xf, 0xfa, 0x0, 0x0, 0x0,
    0x0, 0x3, 0xff, 0x61, 0xff, 0x70, 0x0, 0x0,
    0x0, 0x0, 0xf, 0xf8, 0x1f, 0xf7, 0x0, 0x0,
    0x0, 0x0, 0x1, 0xff, 0x80, 0xff, 0xa0, 0x0,
    0x0, 0x0, 0x0, 0x3f, 0xf6, 0xb, 0xff, 0x0,
    0x0, 0x0, 0x0, 0x8, 0xff, 0x20, 0x5f, 0xf8,
    0x0, 0x0, 0x0, 0x2, 0xff, 0xc0, 0x0, 0xbf,
    0xf8, 0x0, 0x0, 0x3, 0xef, 0xf3, 0x0, 0x1,
    0xdf, 0xfe, 0x97, 0x8c, 0xff, 0xf6, 0x0, 0x0,
    0x1, 0xbf, 0xff, 0xff, 0xff, 0xf5, 0x0, 0x0,
    0x0, 0x0, 0x4a, 0xef, 0xfc, 0x71, 0x0, 0x0,

    /* U+0050 "P" */
    0x5f, 0xff, 0xff, 0xfe, 0x91, 0x0, 0x5f, 0xff,
    0xff, 0xff, 0xfe, 0x30, 0x5f, 0xf6, 0x44, 0x48,
    0xff, 0xd0, 0x5f, 0xf3, 0x0, 0x0, 0x7f, 0xf4,
    0x5f, 0xf3, 0x0, 0x0, 0x1f, 0xf7, 0x5f, 0xf3,
    0x0, 0x0, 0x1f, 0xf7, 0x5f, 0xf3, 0x0, 0x0,
    0x7f, 0xf4, 0x5f, 0xf6, 0x44, 0x48, 0xff, 0xd0,
    0x5f, 0xff, 0xff, 0xff, 0xfe, 0x30, 0x5f, 0xff,
    0xff, 0xfe, 0x91, 0x0, 0x5f, 0xf3, 0x0, 0x0,
    0x0, 0x0, 0x5f, 0xf3, 0x0, 0x0, 0x0, 0x0,
    0x5f, 0xf3, 0x0, 0x0, 0x0, 0x0, 0x5f, 0xf3,
    0x0, 0x0, 0x0, 0x0, 0x5f, 0xf3, 0x0, 0x0,
    0x0, 0x0, 0x5f, 0xf3, 0x0, 0x0, 0x0, 0x0,

    /* U+0051 "Q" */
    0x0, 0x0, 0x4, 0xae, 0xff, 0xc8, 0x10, 0x0,
    0x0, 0x0, 0x1, 0xbf, 0xff, 0xff, 0xff, 0xf6,
    0x0, 0x0, 0x0, 0x1d, 0xff, 0xe9, 0x78, 0xcf,
    0xff, 0x70, 0x0, 0x0, 0xbf, 0xf8, 0x0, 0x0,
    0x3, 0xef, 0xf3, 0x0, 0x5, 0xff, 0x90, 0x0,
    0x0, 0x0, 0x2f, 0xfc, 0x0, 0xb, 0xff, 0x0,
    0x0, 0x0, 0x0, 0x8, 0xff, 0x30, 0xf, 0xfa,
    0x0, 0x0, 0x0, 0x0, 0x3, 0xff, 0x70, 0x1f,
    0xf8, 0x0, 0x0, 0x0, 0x0, 0x0, 0xff, 0x90,
    0x1f, 0xf8, 0x0, 0x0, 0x0, 0x80, 0x0, 0xff,
    0x90, 0xf, 0xfa, 0x0, 0x0, 0xb, 0xfc, 0x3,
    0xff, 0x70, 0xb, 0xff, 0x0, 0x0, 0x7, 0xff,
    0xc9, 0xff, 0x30, 0x4, 0xff, 0x90, 0x0, 0x0,
    0x7f, 0xff, 0xfc, 0x0, 0x0, 0xbf, 0xf8, 0x0,
    0x0, 0xa, 0xff, 0xf4, 0x0, 0x0, 0x1d, 0xff,
    0xe9, 0x78, 0xbf, 0xff, 0xfb, 0x0, 0x0, 0x1,
    0xbf, 0xff, 0xff, 0xff, 0xfa, 0xff, 0xb0, 0x0,
    0x0, 0x4, 0xae, 0xff, 0xc8, 0x10, 0x8f, 0xf2,
    0x0, 0x0, 0x0, 0x0, 0x0, 0x0, 0x0, 0x7,
    0x30,

    /* U+0052 "R" */
    0x5f, 0xff, 0xff, 0xfe, 0x91, 0x0, 0x5, 0xff,
    0xff, 0xff, 0xff, 0xe2, 0x0, 0x5f, 0xf6, 0x44,
    0x48, 0xff, 0xc0, 0x5, 0xff, 0x30, 0x0, 0x8,
    0xff, 0x20, 0x5f, 0xf3, 0x0, 0x0, 0x4f, 0xf4,
    0x5, 0xff, 0x30, 0x0, 0x6, 0xff, 0x30, 0x5f,
    0xf3, 0x0, 0x4, 0xef, 0xe0, 0x5, 0xff, 0xff,
    0xff, 0xff, 0xf5, 0x0, 0x5f, 0xff, 0xff, 0xff,
    0xc3, 0x0, 0x5, 0xff, 0x5d, 0xff, 0x40, 0x0,
    0x0, 0x5f, 0xf3, 0x2f, 0xfe, 0x10, 0x0, 0x5,
    0xff, 0x30, 0x5f, 0xfc, 0x0, 0x0, 0x5f, 0xf3,
    0x0, 0x8f, 0xf8, 0x0, 0x5, 0xff, 0x30, 0x0,
    0xcf, 0xf5, 0x0, 0x5f, 0xf3, 0x0, 0x1, 0xef,
    0xf2, 0x5, 0xff, 0x30, 0x0, 0x4, 0xff, 0xd1,

    /* U+0053 "S" */
    0x0, 0x3, 0xae, 0xfe, 0xb4, 0x0, 0x0, 0x5f,
    0xff, 0xff, 0xff, 0x90, 0x1, 0xff, 0xe8, 0x68,
    0xef, 0xd0, 0x5, 0xff, 0x30, 0x0, 0x1a, 0x10,
    0x7, 0xff, 0x10, 0x0, 0x0, 0x0, 0x5, 0xff,
    0xa0, 0x0, 0x0, 0x0, 0x0, 0xef, 0xfe, 0x82,
    0x0, 0x0, 0x0, 0x3d, 0xff, 0xff, 0xc3, 0x0,
    0x0, 0x0, 0x6c, 0xff, 0xff, 0x50, 0x0, 0x0,
    0x0, 0x29, 0xff, 0xf0, 0x0, 0x0, 0x0, 0x0,
    0x7f, 0xf4, 0x0, 0x10, 0x0, 0x0, 0x2f, 0xf5,
    0x9, 0xe2, 0x0, 0x0, 0x6f, 0xf4, 0x3f, 0xff,
    0xa6, 0x6a, 0xff, 0xe0, 0x5, 0xff, 0xff, 0xff,
    0xff, 0x30, 0x0, 0x29, 0xdf, 0xfd, 0x91, 0x0,

    /* U+0054 "T" */
    0x7f, 0xff, 0xff, 0xff, 0xff, 0xff, 0xf1, 0x7f,
    0xff, 0xff, 0xff, 0xff, 0xff, 0xf1, 0x25, 0x55,
    0x5a, 0xff, 0x65, 0x55, 0x50, 0x0, 0x0, 0x7,
    0xff, 0x10, 0x0, 0x0, 0x0, 0x0, 0x7, 0xff,
    0x10, 0x0, 0x0, 0x0, 0x0, 0x7, 0xff, 0x10,
    0x0, 0x0, 0x0, 0x0, 0x7, 0xff, 0x10, 0x0,
    0x0, 0x0, 0x0, 0x7, 0xff, 0x10, 0x0, 0x0,
    0x0, 0x0, 0x7, 0xff, 0x10, 0x0, 0x0, 0x0,
    0x0, 0x7, 0xff, 0x10, 0x0, 0x0, 0x0, 0x0,
    0x7, 0xff, 0x10, 0x0, 0x0, 0x0, 0x0, 0x7,
    0xff, 0x10, 0x0, 0x0, 0x0, 0x0, 0x7, 0xff,
    0x10, 0x0, 0x0, 0x0, 0x0, 0x7, 0xff, 0x10,
    0x0, 0x0, 0x0, 0x0, 0x7, 0xff, 0x10, 0x0,
    0x0, 0x0, 0x0, 0x7, 0xff, 0x10, 0x0, 0x0,

    /* U+0055 "U" */
    0x8f, 0xf0, 0x0, 0x0, 0x0, 0xdf, 0xb8, 0xff,
    0x0, 0x0, 0x0, 0xd, 0xfb, 0x8f, 0xf0, 0x0,
    0x0, 0x0, 0xdf, 0xb8, 0xff, 0x0, 0x0, 0x0,
    0xd, 0xfb, 0x8f, 0xf0, 0x0, 0x0, 0x0, 0xdf,
    0xb8, 0xff, 0x0, 0x0, 0x0, 0xd, 0xfb, 0x8f,
    0xf0, 0x0, 0x0, 0x0, 0xdf, 0xb8, 0xff, 0x0,
    0x0, 0x0, 0xd, 0xfb, 0x8f, 0xf0, 0x0, 0x0,
    0x0, 0xdf, 0xb8, 0xff, 0x0, 0x0, 0x0, 0xd,
    0xfb, 0x7f, 0xf1, 0x0, 0x0, 0x0, 0xef, 0xa4,
    0xff, 0x60, 0x0, 0x0, 0x3f, 0xf7, 0xe, 0xfe,
    0x20, 0x0, 0x1c, 0xff, 0x20, 0x5f, 0xff, 0xa7,
    0x9e, 0xff, 0x80, 0x0, 0x7f, 0xff, 0xff, 0xff,
    0xa0, 0x0, 0x0, 0x3a, 0xef, 0xeb, 0x40, 0x0,

    /* U+0056 "V" */
    0x4f, 0xf7, 0x0, 0x0, 0x0, 0x1, 0xff, 0x90,
    0xef, 0xd0, 0x0, 0x0, 0x0, 0x7f, 0xf3, 0x8,
    0xff, 0x30, 0x0, 0x0, 0xd, 0xfc, 0x0, 0x1f,
    0xf9, 0x0, 0x0, 0x4, 0xff, 0x60, 0x0, 0xbf,
    0xf0, 0x0, 0x0, 0xaf, 0xf0, 0x0, 0x5, 0xff,
    0x50, 0x0, 0xf, 0xfa, 0x0, 0x0, 0xe, 0xfb,
    0x0, 0x6, 0xff, 0x30, 0x0, 0x0, 0x8f, 0xf1,
    0x0, 0xcf, 0xd0, 0x0, 0x0, 0x2, 0xff, 0x70,
    0x2f, 0xf7, 0x0, 0x0, 0x0, 0xc, 0xfd, 0x8,
    0xff, 0x10, 0x0, 0x0, 0x0, 0x6f, 0xf3, 0xef,
    0xa0, 0x0, 0x0, 0x0, 0x0, 0xff, 0xdf, 0xf4,
    0x0, 0x0, 0x0, 0x0, 0x9, 0xff, 0xfe, 0x0,
    0x0, 0x0, 0x0, 0x0, 0x3f, 0xff, 0x70, 0x0,
    0x0, 0x0, 0x0, 0x0, 0xdf, 0xf1, 0x0, 0x0,
    0x0, 0x0, 0x0, 0x7, 0xfb, 0x0, 0x0, 0x0,

    /* U+0057 "W" */
    0x4f, 0xf3, 0x0, 0x0, 0x3, 0xfd, 0x0, 0x0,
    0x0, 0x9f, 0xd0, 0xe, 0xf8, 0x0, 0x0, 0x8,
    0xff, 0x20, 0x0, 0x0, 0xef, 0x80, 0xa, 0xfd,
    0x0, 0x0, 0xd, 0xff, 0x70, 0x0, 0x3, 0xff,
    0x30, 0x5, 0xff, 0x20, 0x0, 0x2f, 0xff, 0xb0,
    0x0, 0x8, 0xfe, 0x0, 0x0, 0xff, 0x70, 0x0,
    0x6f, 0xff, 0xf1, 0x0, 0xd, 0xf9, 0x0, 0x0,
    0xaf, 0xc0, 0x0, 0xbf, 0x9f, 0xf5, 0x0, 0x2f,
    0xf4, 0x0, 0x0, 0x5f, 0xf1, 0x1, 0xff, 0x4a,
    0xfa, 0x0, 0x7f, 0xf0, 0x0, 0x0, 0x1f, 0xf5,
    0x5, 0xff, 0x6, 0xfe, 0x0, 0xcf, 0xa0, 0x0,
    0x0, 0xb, 0xfa, 0xa, 0xfa, 0x1, 0xff, 0x41,
    0xff, 0x50, 0x0, 0x0, 0x6, 0xff, 0xe, 0xf5,
    0x0, 0xcf, 0x86, 0xff, 0x0, 0x0, 0x0, 0x1,
    0xff, 0x8f, 0xf1, 0x0, 0x7f, 0xdb, 0xfb, 0x0,
    0x0, 0x0, 0x0, 0xcf, 0xff, 0xc0, 0x0, 0x2f,
    0xff, 0xf6, 0x0, 0x0, 0x0, 0x0, 0x7f, 0xff,
    0x70, 0x0, 0xd, 0xff, 0xf1, 0x0, 0x0, 0x0,
    0x0, 0x2f, 0xff, 0x20, 0x0, 0x8, 0xff, 0xc0,
    0x0, 0x0, 0x0, 0x0, 0xd, 0xfd, 0x0, 0x0,
    0x3, 0xff, 0x70, 0x0, 0x0, 0x0, 0x0, 0x8,
    0xf8, 0x0, 0x0, 0x0, 0xef, 0x20, 0x0, 0x0,

    /* U+0058 "X" */
    0xd, 0xff, 0x20, 0x0, 0x0, 0x9, 0xff, 0x30,
    0x3f, 0xfc, 0x0, 0x0, 0x4, 0xff, 0x90, 0x0,
    0x7f, 0xf7, 0x0, 0x0, 0xef, 0xd0, 0x0, 0x0,
    0xcf, 0xf2, 0x0, 0x9f, 0xf3, 0x0, 0x0, 0x2,
    0xff, 0xc0, 0x3f, 0xf8, 0x0, 0x0, 0x0, 0x6,
    0xff, 0x8d, 0xfd, 0x0, 0x0, 0x0, 0x0, 0xb,
    0xff, 0xff, 0x30, 0x0, 0x0, 0x0, 0x0, 0x1f,
    0xff, 0x90, 0x0, 0x0, 0x0, 0x0, 0x5, 0xff,
    0xfe, 0x0, 0x0, 0x0, 0x0, 0x1, 0xef, 0xdf,
    0xf9, 0x0, 0x0, 0x0, 0x0, 0xbf, 0xf2, 0xaf,
    0xf4, 0x0, 0x0, 0x0, 0x6f, 0xf6, 0x1, 0xef,
    0xd0, 0x0, 0x0, 0x2f, 0xfb, 0x0, 0x5, 0xff,
    0x80, 0x0, 0xc, 0xff, 0x10, 0x0, 0xb, 0xff,
    0x30, 0x7, 0xff, 0x60, 0x0, 0x0, 0x1f, 0xfd,
    0x2, 0xff, 0xb0, 0x0, 0x0, 0x0, 0x7f, 0xf8,

    /* U+0059 "Y" */
    0x3f, 0xfb, 0x0, 0x0, 0x0, 0xd, 0xfe, 0x10,
    0x9f, 0xf5, 0x0, 0x0, 0x7, 0xff, 0x50, 0x0,
    0xef, 0xe0, 0x0, 0x2, 0xff, 0xb0, 0x0, 0x5,
    0xff, 0x80, 0x0, 0xbf, 0xf2, 0x0, 0x0, 0xb,
    0xff, 0x20, 0x5f, 0xf7, 0x0, 0x0, 0x0, 0x2f,
    0xfb, 0xe, 0xfd, 0x0, 0x0, 0x0, 0x0, 0x7f,
    0xfc, 0xff, 0x30, 0x0, 0x0, 0x0, 0x0, 0xdf,
    0xff, 0x90, 0x0, 0x0, 0x0, 0x0, 0x3, 0xff,
    0xe0, 0x0, 0x0, 0x0, 0x0, 0x0, 0xe, 0xfb,
    0x0, 0x0, 0x0, 0x0, 0x0, 0x0, 0xdf, 0xa0,
    0x0, 0x0, 0x0, 0x0, 0x0, 0xd, 0xfa, 0x0,
    0x0, 0x0, 0x0, 0x0, 0x0, 0xdf, 0xa0, 0x0,
    0x0, 0x0, 0x0, 0x0, 0xd, 0xfa, 0x0, 0x0,
    0x0, 0x0, 0x0, 0x0, 0xdf, 0xa0, 0x0, 0x0,
    0x0, 0x0, 0x0, 0xd, 0xfa, 0x0, 0x0, 0x0,

    /* U+005A "Z" */
    0xc, 0xff, 0xff, 0xff, 0xff, 0xff, 0x20, 0xcf,
    0xff, 0xff, 0xff, 0xff, 0xf1, 0x4, 0x55, 0x55,
    0x55, 0xaf, 0xfa, 0x0, 0x0, 0x0, 0x0, 0x1e,
    0xfe, 0x10, 0x0, 0x0, 0x0, 0xa, 0xff, 0x40,
    0x0, 0x0, 0x0, 0x5, 0xff, 0x90, 0x0, 0x0,
    0x0, 0x1, 0xef, 0xe0, 0x0, 0x0, 0x0, 0x0,
    0xbf, 0xf4, 0x0, 0x0, 0x0, 0x0, 0x6f, 0xf9,
    0x0, 0x0, 0x0, 0x0, 0x1f, 0xfd, 0x0, 0x0,
    0x0, 0x0, 0xb, 0xff, 0x30, 0x0, 0x0, 0x0,
    0x6, 0xff, 0x80, 0x0, 0x0, 0x0, 0x2, 0xff,
    0xd0, 0x0, 0x0, 0x0, 0x0, 0xcf, 0xf9, 0x55,
    0x55, 0x55, 0x50, 0x3f, 0xff, 0xff, 0xff, 0xff,
    0xff, 0x4, 0xff, 0xff, 0xff, 0xff, 0xff, 0xf0,

    /* U+005B "[" */
    0x6f, 0xff, 0xfc, 0x6f, 0xff, 0xfc, 0x6f, 0xa0,
    0x0, 0x6f, 0xa0, 0x0, 0x6f, 0xa0, 0x0, 0x6f,
    0xa0, 0x0, 0x6f, 0xa0, 0x0, 0x6f, 0xa0, 0x0,
    0x6f, 0xa0, 0x0, 0x6f, 0xa0, 0x0, 0x6f, 0xa0,
    0x0, 0x6f, 0xa0, 0x0, 0x6f, 0xa0, 0x0, 0x6f,
    0xa0, 0x0, 0x6f, 0xa0, 0x0, 0x6f, 0xa0, 0x0,
    0x6f, 0xff, 0xfc, 0x6f, 0xff, 0xfc,

    /* U+005C "\\" */
    0x58, 0x40, 0x0, 0x0, 0x7, 0xfd, 0x0, 0x0,
    0x0, 0x1f, 0xf2, 0x0, 0x0, 0x0, 0xbf, 0x80,
    0x0, 0x0, 0x6, 0xfe, 0x0, 0x0, 0x0, 0x1f,
    0xf3, 0x0, 0x0, 0x0, 0xbf, 0x90, 0x0, 0x0,
    0x5, 0xfe, 0x0, 0x0, 0x0, 0xf, 0xf4, 0x0,
    0x0, 0x0, 0xaf, 0xa0, 0x0, 0x0, 0x4, 0xff,
    0x0, 0x0, 0x0, 0xe, 0xf5, 0x0, 0x0, 0x0,
    0x9f, 0xb0, 0x0, 0x0, 0x3, 0xff, 0x10, 0x0,
    0x0, 0xd, 0xf6, 0x0, 0x0, 0x0, 0x8f, 0xb0,
    0x0, 0x0, 0x2, 0xff, 0x10, 0x0, 0x0, 0xd,
    0xf7,

    /* U+005D "]" */
    0x4f, 0xff, 0xfe, 0x4f, 0xff, 0xfe, 0x0, 0x2,
    0xfe, 0x0, 0x2, 0xfe, 0x0, 0x2, 0xfe, 0x0,
    0x2, 0xfe, 0x0, 0x2, 0xfe, 0x0, 0x2, 0xfe,
    0x0, 0x2, 0xfe, 0x0, 0x2, 0xfe, 0x0, 0x2,
    0xfe, 0x0, 0x2, 0xfe, 0x0, 0x2, 0xfe, 0x0,
    0x2, 0xfe, 0x0, 0x2, 0xfe, 0x0, 0x2, 0xfe,
    0x4f, 0xff, 0xfe, 0x4f, 0xff, 0xfe,

    /* U+005E "^" */
    0x0, 0x2, 0xfe, 0x10, 0x0, 0x0, 0xaf, 0xf8,
    0x0, 0x0, 0x2f, 0xee, 0xf1, 0x0, 0xb, 0xf6,
    0x6f, 0x90, 0x3, 0xfd, 0x0, 0xdf, 0x20, 0xcf,
    0x40, 0x5, 0xfa,

    /* U+005F "_" */
    0x22, 0x22, 0x22, 0x22, 0x22, 0x1f, 0xff, 0xff,
    0xff, 0xff, 0xf9, 0xff, 0xff, 0xff, 0xff, 0xff,
    0x90,

    /* U+0060 "`" */
    0x0, 0x81, 0x0, 0x9, 0xfc, 0x0, 0x8, 0xff,
    0x90, 0x0, 0x5f, 0xf4, 0x0, 0x2, 0xa1,

    /* U+0061 "a" */
    0x0, 0x6, 0xdf, 0xea, 0x2f, 0xf6, 0x0, 0xbf,
    0xff, 0xff, 0xef, 0xf6, 0x7, 0xff, 0xc6, 0x5a,
    0xff, 0xf6, 0xf, 0xfc, 0x0, 0x0, 0x7f, 0xf6,
    0x3f, 0xf5, 0x0, 0x0, 0xf, 0xf6, 0x4f, 0xf2,
    0x0, 0x0, 0xd, 0xf6, 0x3f, 0xf5, 0x0, 0x0,
    0xf, 0xf6, 0xf, 0xfc, 0x0, 0x0, 0x7f, 0xf6,
    0x8, 0xff, 0xc6, 0x5a, 0xff, 0xf6, 0x0, 0xbf,
    0xff, 0xff, 0xef, 0xf6, 0x0, 0x7, 0xdf, 0xfa,
    0x2f, 0xf6,

    /* U+0062 "b" */
    0xaf, 0xc0, 0x0, 0x0, 0x0, 0x0, 0xaf, 0xc0,
    0x0, 0x0, 0x0, 0x0, 0xaf, 0xc0, 0x0, 0x0,
    0x0, 0x0, 0xaf, 0xc0, 0x0, 0x0, 0x0, 0x0,
    0xaf, 0xc0, 0x0, 0x0, 0x0, 0x0, 0xaf, 0xc3,
    0xbf, 0xfc, 0x40, 0x0, 0xaf, 0xef, 0xff, 0xff,
    0xf7, 0x0, 0xaf, 0xff, 0x85, 0x7e, 0xff, 0x40,
    0xaf, 0xf3, 0x0, 0x1, 0xef, 0xb0, 0xaf, 0xc0,
    0x0, 0x0, 0x8f, 0xf0, 0xaf, 0x90, 0x0, 0x0,
    0x6f, 0xf1, 0xaf, 0xc0, 0x0, 0x0, 0x8f, 0xf0,
    0xaf, 0xf3, 0x0, 0x1, 0xef, 0xc0, 0xaf, 0xff,
    0x85, 0x7e, 0xff, 0x40, 0xaf, 0xff, 0xff, 0xff,
    0xf8, 0x0, 0xaf, 0xc4, 0xcf, 0xfc, 0x40, 0x0,

    /* U+0063 "c" */
    0x0, 0x5, 0xbf, 0xfd, 0x70, 0x0, 0xa, 0xff,
    0xff, 0xff, 0xd1, 0x7, 0xff, 0xd7, 0x69, 0xfa,
    0x0, 0xff, 0xc0, 0x0, 0x3, 0x0, 0x4f, 0xf4,
    0x0, 0x0, 0x0, 0x5, 0xff, 0x20, 0x0, 0x0,
    0x0, 0x4f, 0xf4, 0x0, 0x0, 0x0, 0x0, 0xff,
    0xc0, 0x0, 0x3, 0x0, 0x7, 0xff, 0xd7, 0x69,
    0xfa, 0x0, 0xa, 0xff, 0xff, 0xff, 0xd1, 0x0,
    0x5, 0xbf, 0xfd, 0x80, 0x0,

    /* U+0064 "d" */
    0x0, 0x0, 0x0, 0x0, 0xf, 0xf6, 0x0, 0x0,
    0x0, 0x0, 0xf, 0xf6, 0x0, 0x0, 0x0, 0x0,
    0xf, 0xf6, 0x0, 0x0, 0x0, 0x0, 0xf, 0xf6,
    0x0, 0x0, 0x0, 0x0, 0xf, 0xf6, 0x0, 0x6,
    0xdf, 0xea, 0x2f, 0xf6, 0x0, 0xbf, 0xff, 0xff,
    0xef, 0xf6, 0x7, 0xff, 0xc6, 0x5a, 0xff, 0xf6,
    0xf, 0xfc, 0x0, 0x0, 0x7f, 0xf6, 0x3f, 0xf5,
    0x0, 0x0, 0xf, 0xf6, 0x4f, 0xf2, 0x0, 0x0,
    0xd, 0xf6, 0x3f, 0xf5, 0x0, 0x0, 0xf, 0xf6,
    0xf, 0xfc, 0x0, 0x0, 0x7f, 0xf6, 0x8, 0xff,
    0xc6, 0x5a, 0xff, 0xf6, 0x0, 0xbf, 0xff, 0xff,
    0xef, 0xf6, 0x0, 0x7, 0xdf, 0xfa, 0x2f, 0xf6,

    /* U+0065 "e" */
    0x0, 0x5, 0xcf, 0xfd, 0x70, 0x0, 0x0, 0xaf,
    0xff, 0xff, 0xfc, 0x0, 0x7, 0xff, 0xa5, 0x49,
    0xff, 0x80, 0xf, 0xf9, 0x0, 0x0, 0x7f, 0xf0,
    0x4f, 0xff, 0xff, 0xff, 0xff, 0xf2, 0x5f, 0xff,
    0xff, 0xff, 0xff, 0xf1, 0x4f, 0xf3, 0x0, 0x0,
    0x0, 0x0, 0xf, 0xfa, 0x0, 0x0, 0x31, 0x0,
    0x7, 0xff, 0xc6, 0x58, 0xfd, 0x10, 0x0, 0xaf,
    0xff, 0xff, 0xfe, 0x20, 0x0, 0x5, 0xbf, 0xfd,
    0x81, 0x0,

    /* U+0066 "f" */
    0x0, 0x0, 0x4c, 0xff, 0xb2, 0x0, 0x5, 0xff,
    0xff, 0xfa, 0x0, 0xe, 0xfe, 0x65, 0x80, 0x0,
    0x2f, 0xf5, 0x0, 0x0, 0x0, 0x3f, 0xf3, 0x0,
    0x0, 0xbf, 0xff, 0xff, 0xff, 0x60, 0xbf, 0xff,
    0xff, 0xff, 0x60, 0x24, 0x6f, 0xf6, 0x44, 0x10,
    0x0, 0x3f, 0xf3, 0x0, 0x0, 0x0, 0x3f, 0xf3,
    0x0, 0x0, 0x0, 0x3f, 0xf3, 0x0, 0x0, 0x0,
    0x3f, 0xf3, 0x0, 0x0, 0x0, 0x3f, 0xf3, 0x0,
    0x0, 0x0, 0x3f, 0xf3, 0x0, 0x0, 0x0, 0x3f,
    0xf3, 0x0, 0x0, 0x0, 0x3f, 0xf3, 0x0, 0x0,

    /* U+0067 "g" */
    0x0, 0x7, 0xdf, 0xea, 0x3f, 0xf5, 0x0, 0xcf,
    0xff, 0xff, 0xef, 0xf5, 0x9, 0xff, 0x93, 0x27,
    0xff, 0xf5, 0xf, 0xfa, 0x0, 0x0, 0x7f, 0xf5,
    0x4f, 0xf3, 0x0, 0x0, 0xf, 0xf5, 0x5f, 0xf2,
    0x0, 0x0, 0xf, 0xf5, 0x4f, 0xf4, 0x0, 0x0,
    0x1f, 0xf5, 0xf, 0xfc, 0x0, 0x0, 0x9f, 0xf5,
    0x9, 0xff, 0xc6, 0x6b, 0xff, 0xf5, 0x0, 0xcf,
    0xff, 0xff, 0xef, 0xf5, 0x0, 0x7, 0xdf, 0xe9,
    0x3f, 0xf4, 0x0, 0x30, 0x0, 0x0, 0x8f, 0xf1,
    0xc, 0xfc, 0x75, 0x6b, 0xff, 0xa0, 0x7, 0xff,
    0xff, 0xff, 0xfc, 0x10, 0x0, 0x3a, 0xef, 0xfc,
    0x60, 0x0,

    /* U+0068 "h" */
    0xaf, 0xc0, 0x0, 0x0, 0x0, 0xaf, 0xc0, 0x0,
    0x0, 0x0, 0xaf, 0xc0, 0x0, 0x0, 0x0, 0xaf,
    0xc0, 0x0, 0x0, 0x0, 0xaf, 0xc0, 0x0, 0x0,
    0x0, 0xaf, 0xc3, 0xcf, 0xfb, 0x20, 0xaf, 0xef,
    0xff, 0xff, 0xf2, 0xaf, 0xfe, 0x65, 0xbf, 0xfa,
    0xaf, 0xf2, 0x0, 0xc, 0xff, 0xaf, 0xc0, 0x0,
    0x7, 0xff, 0xaf, 0xc0, 0x0, 0x6, 0xff, 0xaf,
    0xc0, 0x0, 0x6, 0xff, 0xaf, 0xc0, 0x0, 0x6,
    0xff, 0xaf, 0xc0, 0x0, 0x6, 0xff, 0xaf, 0xc0,
    0x0, 0x6, 0xff, 0xaf, 0xc0, 0x0, 0x6, 0xff,

    /* U+0069 "i" */
    0x7f, 0x9d, 0xff, 0x6f, 0x90, 0x0, 0x0, 0xa,
    0xfc, 0xaf, 0xca, 0xfc, 0xaf, 0xca, 0xfc, 0xaf,
    0xca, 0xfc, 0xaf, 0xca, 0xfc, 0xaf, 0xca, 0xfc,

    /* U+006A "j" */
    0x0, 0x0, 0x3e, 0xc0, 0x0, 0x0, 0x9f, 0xf3,
    0x0, 0x0, 0x3e, 0xc0, 0x0, 0x0, 0x0, 0x0,
    0x0, 0x0, 0x0, 0x0, 0x0, 0x0, 0x7f, 0xf0,
    0x0, 0x0, 0x7f, 0xf0, 0x0, 0x0, 0x7f, 0xf0,
    0x0, 0x0, 0x7f, 0xf0, 0x0, 0x0, 0x7f, 0xf0,
    0x0, 0x0, 0x7f, 0xf0, 0x0, 0x0, 0x7f, 0xf0,
    0x0, 0x0, 0x7f, 0xf0, 0x0, 0x0, 0x7f, 0xf0,
    0x0, 0x0, 0x7f, 0xf0, 0x0, 0x0, 0x7f, 0xf0,
    0x0, 0x0, 0x7f, 0xf0, 0xb, 0x76, 0xef, 0xd0,
    0x9f, 0xff, 0xff, 0x50, 0x1a, 0xff, 0xd5, 0x0,

    /* U+006B "k" */
    0xaf, 0xc0, 0x0, 0x0, 0x0, 0xa, 0xfc, 0x0,
    0x0, 0x0, 0x0, 0xaf, 0xc0, 0x0, 0x0, 0x0,
    0xa, 0xfc, 0x0, 0x0, 0x0, 0x0, 0xaf, 0xc0,
    0x0, 0x0, 0x0, 0xa, 0xfc, 0x0, 0x6, 0xff,
    0x70, 0xaf, 0xc0, 0x3, 0xff, 0xa0, 0xa, 0xfc,
    0x1, 0xef, 0xc0, 0x0, 0xaf, 0xc0, 0xcf, 0xe1,
    0x0, 0xa, 0xfc, 0xaf, 0xf2, 0x0, 0x0, 0xaf,
    0xef, 0xfb, 0x0, 0x0, 0xa, 0xfc, 0x8f, 0xf7,
    0x0, 0x0, 0xaf, 0xc0, 0xbf, 0xf4, 0x0, 0xa,
    0xfc, 0x1, 0xdf, 0xf2, 0x0, 0xaf, 0xc0, 0x2,
    0xff, 0xd1, 0xa, 0xfc, 0x0, 0x5, 0xff, 0xb0,

    /* U+006C "l" */
    0xaf, 0xca, 0xfc, 0xaf, 0xca, 0xfc, 0xaf, 0xca,
    0xfc, 0xaf, 0xca, 0xfc, 0xaf, 0xca, 0xfc, 0xaf,
    0xca, 0xfc, 0xaf, 0xca, 0xfc, 0xaf, 0xca, 0xfc,

    /* U+006D "m" */
    0xaf, 0xc5, 0xcf, 0xea, 0x10, 0x6d, 0xfe, 0x91,
    0xa, 0xff, 0xff, 0xff, 0xfe, 0xaf, 0xff, 0xff,
    0xe1, 0xaf, 0xfb, 0x22, 0x9f, 0xff, 0xb2, 0x29,
    0xff, 0x8a, 0xfe, 0x0, 0x0, 0xdf, 0xf0, 0x0,
    0xc, 0xfc, 0xaf, 0xc0, 0x0, 0xa, 0xfc, 0x0,
    0x0, 0xaf, 0xca, 0xfc, 0x0, 0x0, 0xaf, 0xc0,
    0x0, 0xa, 0xfc, 0xaf, 0xc0, 0x0, 0xa, 0xfc,
    0x0, 0x0, 0xaf, 0xca, 0xfc, 0x0, 0x0, 0xaf,
    0xc0, 0x0, 0xa, 0xfc, 0xaf, 0xc0, 0x0, 0xa,
    0xfc, 0x0, 0x0, 0xaf, 0xca, 0xfc, 0x0, 0x0,
    0xaf, 0xc0, 0x0, 0xa, 0xfc, 0xaf, 0xc0, 0x0,
    0xa, 0xfc, 0x0, 0x0, 0xaf, 0xc0,

    /* U+006E "n" */
    0xaf, 0xc3, 0xcf, 0xfa, 0x10, 0xaf, 0xef, 0xff,
    0xff, 0xe1, 0xaf, 0xfe, 0x65, 0xbf, 0xf9, 0xaf,
    0xf2, 0x0, 0xc, 0xfe, 0xaf, 0xc0, 0x0, 0x7,
    0xff, 0xaf, 0xc0, 0x0, 0x6, 0xff, 0xaf, 0xc0,
    0x0, 0x6, 0xff, 0xaf, 0xc0, 0x0, 0x6, 0xff,
    0xaf, 0xc0, 0x0, 0x6, 0xff, 0xaf, 0xc0, 0x0,
    0x6, 0xff, 0xaf, 0xc0, 0x0, 0x6, 0xff,

    /* U+006F "o" */
    0x0, 0x4, 0xbf, 0xfd, 0x80, 0x0, 0x0, 0x9f,
    0xff, 0xff, 0xfd, 0x20, 0x7, 0xff, 0xd7, 0x6a,
    0xff, 0xd0, 0xf, 0xfc, 0x0, 0x0, 0x7f, 0xf5,
    0x4f, 0xf4, 0x0, 0x0, 0xe, 0xfa, 0x5f, 0xf2,
    0x0, 0x0, 0xc, 0xfb, 0x3f, 0xf4, 0x0, 0x0,
    0xe, 0xf9, 0xe, 0xfc, 0x0, 0x0, 0x6f, 0xf5,
    0x7, 0xff, 0xd7, 0x6a, 0xff, 0xd0, 0x0, 0x9f,
    0xff, 0xff, 0xfd, 0x20, 0x0, 0x4, 0xbf, 0xfd,
    0x80, 0x0,

    /* U+0070 "p" */
    0xaf, 0xc3, 0xbf, 0xfc, 0x40, 0x0, 0xaf, 0xef,
    0xff, 0xff, 0xf7, 0x0, 0xaf, 0xff, 0x85, 0x7e,
    0xff, 0x40, 0xaf, 0xf3, 0x0, 0x1, 0xef, 0xb0,
    0xaf, 0xc0, 0x0, 0x0, 0x8f, 0xf0, 0xaf, 0x90,
    0x0, 0x0, 0x6f, 0xf1, 0xaf, 0xc0, 0x0, 0x0,
    0x8f, 0xf0, 0xaf, 0xf3, 0x0, 0x1, 0xef, 0xc0,
    0xaf, 0xff, 0x85, 0x7e, 0xff, 0x40, 0xaf, 0xff,
    0xff, 0xff, 0xf8, 0x0, 0xaf, 0xc4, 0xcf, 0xfc,
    0x40, 0x0, 0xaf, 0xc0, 0x0, 0x0, 0x0, 0x0,
    0xaf, 0xc0, 0x0, 0x0, 0x0, 0x0, 0xaf, 0xc0,
    0x0, 0x0, 0x0, 0x0, 0xaf, 0xc0, 0x0, 0x0,
    0x0, 0x0,

    /* U+0071 "q" */
    0x0, 0x6, 0xdf, 0xea, 0x2f, 0xf6, 0x0, 0xbf,
    0xff, 0xff, 0xef, 0xf6, 0x7, 0xff, 0xc6, 0x5a,
    0xff, 0xf6, 0xf, 0xfc, 0x0, 0x0, 0x7f, 0xf6,
    0x3f, 0xf5, 0x0, 0x0, 0xf, 0xf6, 0x4f, 0xf2,
    0x0, 0x0, 0xd, 0xf6, 0x3f, 0xf5, 0x0, 0x0,
    0xf, 0xf6, 0xf, 0xfc, 0x0, 0x0, 0x7f, 0xf6,
    0x8, 0xff, 0xc6, 0x5a, 0xff, 0xf6, 0x0, 0xbf,
    0xff, 0xff, 0xef, 0xf6, 0x0, 0x7, 0xdf, 0xfa,
    0x2f, 0xf6, 0x0, 0x0, 0x0, 0x0, 0xf, 0xf6,
    0x0, 0x0, 0x0, 0x0, 0xf, 0xf6, 0x0, 0x0,
    0x0, 0x0, 0xf, 0xf6, 0x0, 0x0, 0x0, 0x0,
    0xf, 0xf6,

    /* U+0072 "r" */
    0xaf, 0xc6, 0xdf, 0xd7, 0xa, 0xff, 0xff, 0xff,
    0xa0, 0xaf, 0xfb, 0x22, 0x70, 0xa, 0xff, 0x0,
    0x0, 0x0, 0xaf, 0xc0, 0x0, 0x0, 0xa, 0xfc,
    0x0, 0x0, 0x0, 0xaf, 0xc0, 0x0, 0x0, 0xa,
    0xfc, 0x0, 0x0, 0x0, 0xaf, 0xc0, 0x0, 0x0,
    0xa, 0xfc, 0x0, 0x0, 0x0, 0xaf, 0xc0, 0x0,
    0x0, 0x0,

    /* U+0073 "s" */
    0x0, 0x6d, 0xff, 0xc5, 0x0, 0x7f, 0xff, 0xff,
    0xf7, 0xe, 0xfb, 0x45, 0xbe, 0x30, 0xff, 0x80,
    0x0, 0x20, 0xb, 0xff, 0xe9, 0x40, 0x0, 0x1b,
    0xff, 0xff, 0xb1, 0x0, 0x2, 0x7c, 0xff, 0x90,
    0x21, 0x0, 0xa, 0xfc, 0x2e, 0xe7, 0x44, 0xdf,
    0xb3, 0xef, 0xff, 0xff, 0xf4, 0x1, 0x8d, 0xff,
    0xb4, 0x0,

    /* U+0074 "t" */
    0x0, 0xf, 0xf6, 0x0, 0x0, 0xf, 0xf6, 0x0,
    0x0, 0xf, 0xf6, 0x0, 0x0, 0xf, 0xf6, 0x0,
    0x0, 0xf, 0xf6, 0x0, 0x9f, 0xff, 0xff, 0xfe,
    0x9f, 0xff, 0xff, 0xfe, 0x24, 0x4f, 0xf8, 0x43,
    0x0, 0xf, 0xf6, 0x0, 0x0, 0xf, 0xf6, 0x0,
    0x0, 0xf, 0xf6, 0x0, 0x0, 0xf, 0xf6, 0x0,
    0x0, 0xf, 0xf6, 0x0, 0x0, 0xf, 0xf6, 0x0,
    0x0, 0xf, 0xf6, 0x0, 0x0, 0xf, 0xf6, 0x0,

    /* U+0075 "u" */
    0xef, 0x80, 0x0, 0x2f, 0xf4, 0xef, 0x80, 0x0,
    0x2f, 0xf4, 0xef, 0x80, 0x0, 0x2f, 0xf4, 0xef,
    0x80, 0x0, 0x2f, 0xf4, 0xef, 0x80, 0x0, 0x2f,
    0xf4, 0xef, 0x80, 0x0, 0x2f, 0xf4, 0xef, 0x80,
    0x0, 0x2f, 0xf4, 0xcf, 0xc0, 0x0, 0x6f, 0xf2,
    0x6f, 0xfb, 0x68, 0xff, 0xc0, 0xb, 0xff, 0xff,
    0xff, 0x30, 0x0, 0x7d, 0xfe, 0xa2, 0x0,

    /* U+0076 "v" */
    0xbf, 0xe0, 0x0, 0x0, 0xaf, 0xe0, 0x4f, 0xf6,
    0x0, 0x1, 0xff, 0x70, 0xd, 0xfc, 0x0, 0x7,
    0xff, 0x10, 0x6, 0xff, 0x30, 0xd, 0xf9, 0x0,
    0x0, 0xef, 0x90, 0x4f, 0xf2, 0x0, 0x0, 0x8f,
    0xf1, 0xbf, 0xb0, 0x0, 0x0, 0x1f, 0xf9, 0xff,
    0x40, 0x0, 0x0, 0xa, 0xff, 0xfd, 0x0, 0x0,
    0x0, 0x3, 0xff, 0xf6, 0x0, 0x0, 0x0, 0x0,
    0xcf, 0xe0, 0x0, 0x0, 0x0, 0x0, 0x5f, 0x80,
    0x0, 0x0,

    /* U+0077 "w" */
    0xaf, 0xd0, 0x0, 0x9, 0xf2, 0x0, 0x4, 0xff,
    0x34, 0xff, 0x30, 0x0, 0xef, 0x80, 0x0, 0xaf,
    0xd0, 0xd, 0xf9, 0x0, 0x4f, 0xfd, 0x0, 0xf,
    0xf7, 0x0, 0x7f, 0xe0, 0xa, 0xff, 0xf3, 0x5,
    0xff, 0x10, 0x1, 0xff, 0x40, 0xff, 0xef, 0x90,
    0xbf, 0xa0, 0x0, 0xb, 0xfa, 0x5f, 0xe5, 0xfe,
    0x1f, 0xf4, 0x0, 0x0, 0x5f, 0xfb, 0xf8, 0xe,
    0xfa, 0xfe, 0x0, 0x0, 0x0, 0xef, 0xff, 0x20,
    0x9f, 0xff, 0x80, 0x0, 0x0, 0x8, 0xff, 0xc0,
    0x2, 0xff, 0xf2, 0x0, 0x0, 0x0, 0x2f, 0xf6,
    0x0, 0xc, 0xfc, 0x0, 0x0, 0x0, 0x0, 0xcf,
    0x0, 0x0, 0x6f, 0x50, 0x0, 0x0,

    /* U+0078 "x" */
    0x3f, 0xfb, 0x0, 0x6, 0xff, 0x60, 0x8f, 0xf6,
    0x1, 0xef, 0xb0, 0x0, 0xcf, 0xf1, 0xaf, 0xe1,
    0x0, 0x2, 0xff, 0xdf, 0xf5, 0x0, 0x0, 0x7,
    0xff, 0xfa, 0x0, 0x0, 0x0, 0x1f, 0xff, 0x40,
    0x0, 0x0, 0xa, 0xff, 0xfd, 0x0, 0x0, 0x5,
    0xff, 0x9f, 0xf9, 0x0, 0x1, 0xef, 0xb0, 0x9f,
    0xf3, 0x0, 0xbf, 0xf1, 0x0, 0xef, 0xd0, 0x6f,
    0xf6, 0x0, 0x4, 0xff, 0x90,

    /* U+0079 "y" */
    0x8f, 0xf1, 0x0, 0x0, 0xbf, 0xe0, 0x2f, 0xf7,
    0x0, 0x2, 0xff, 0x70, 0xb, 0xfd, 0x0, 0x8,
    0xff, 0x10, 0x5, 0xff, 0x30, 0xe, 0xf9, 0x0,
    0x0, 0xef, 0x90, 0x5f, 0xf2, 0x0, 0x0, 0x8f,
    0xf0, 0xbf, 0xb0, 0x0, 0x0, 0x1f, 0xf8, 0xff,
    0x40, 0x0, 0x0, 0xb, 0xff, 0xfc, 0x0, 0x0,
    0x0, 0x4, 0xff, 0xf5, 0x0, 0x0, 0x0, 0x0,
    0xef, 0xe0, 0x0, 0x0, 0x0, 0x2, 0xff, 0x70,
    0x0, 0x0, 0x0, 0xa, 0xff, 0x10, 0x0, 0x0,
    0x0, 0x2f, 0xf8, 0x0, 0x0, 0x0, 0x0, 0xaf,
    0xf1, 0x0, 0x0, 0x0, 0x2, 0xff, 0x80, 0x0,
    0x0, 0x0,

    /* U+007A "z" */
    0xf, 0xff, 0xff, 0xff, 0xf4, 0xf, 0xff, 0xff,
    0xff, 0xf2, 0x4, 0x44, 0x49, 0xff, 0x70, 0x0,
    0x0, 0x2f, 0xfb, 0x0, 0x0, 0x0, 0xcf, 0xe1,
    0x0, 0x0, 0x7, 0xff, 0x50, 0x0, 0x0, 0x3f,
    0xfa, 0x0, 0x0, 0x0, 0xdf, 0xd0, 0x0, 0x0,
    0xa, 0xff, 0x74, 0x44, 0x40, 0x5f, 0xff, 0xff,
    0xff, 0xf2, 0x7f, 0xff, 0xff, 0xff, 0xf2,

    /* U+007B "{" */
    0x0, 0x1a, 0xef, 0x70, 0xb, 0xff, 0xf7, 0x0,
    0xff, 0x20, 0x0, 0x1f, 0xe0, 0x0, 0x0, 0xff,
    0x0, 0x0, 0xf, 0xf1, 0x0, 0x0, 0xdf, 0x20,
    0x0, 0xe, 0xf1, 0x0, 0x6f, 0xfa, 0x0, 0x7,
    0xff, 0x80, 0x0, 0x1, 0xef, 0x10, 0x0, 0xd,
    0xf2, 0x0, 0x0, 0xff, 0x10, 0x0, 0xf, 0xf0,
    0x0, 0x1, 0xff, 0x0, 0x0, 0xf, 0xf2, 0x0,
    0x0, 0xbf, 0xff, 0x70, 0x1, 0xae, 0xf7,

    /* U+007C "|" */
    0x33, 0xf, 0xf3, 0xff, 0x3f, 0xf3, 0xff, 0x3f,
    0xf3, 0xff, 0x3f, 0xf3, 0xff, 0x3f, 0xf3, 0xff,
    0x3f, 0xf3, 0xff, 0x3f, 0xf3, 0xff, 0x3f, 0xf3,
    0xff, 0x3f, 0xf3, 0xff, 0x3f, 0xf3, 0xff, 0x30,

    /* U+007D "}" */
    0x4f, 0xfb, 0x20, 0x4, 0xff, 0xfe, 0x0, 0x0,
    0x1e, 0xf3, 0x0, 0x0, 0xcf, 0x40, 0x0, 0xd,
    0xf3, 0x0, 0x0, 0xef, 0x10, 0x0, 0xf, 0xf0,
    0x0, 0x0, 0xef, 0x20, 0x0, 0x7, 0xff, 0x90,
    0x0, 0x6f, 0xfa, 0x0, 0xe, 0xf2, 0x0, 0x0,
    0xff, 0x0, 0x0, 0xe, 0xf1, 0x0, 0x0, 0xdf,
    0x30, 0x0, 0xc, 0xf4, 0x0, 0x1, 0xef, 0x30,
    0x4f, 0xff, 0xe0, 0x4, 0xff, 0xb2, 0x0,

    /* U+007E "~" */
    0x0, 0x45, 0x20, 0x0, 0x0, 0x2e, 0xff, 0xfb,
    0x68, 0xe5, 0xbf, 0xff, 0xff, 0xff, 0xfb, 0x19,
    0x20, 0x5b, 0xfe, 0x90,

    /* U+F001 "" */
    0x0, 0x0, 0x0, 0x0, 0x0, 0x0, 0x0, 0x0,
    0x0, 0x0, 0x1, 0x0, 0x0, 0x0, 0x0, 0x0,
    0x0, 0x0, 0x0, 0x0, 0x5, 0x9e, 0xf8, 0x0,
    0x0, 0x0, 0x0, 0x0, 0x0, 0x0, 0x26, 0xbf,
    0xff, 0xff, 0xd0, 0x0, 0x0, 0x0, 0x0, 0x0,
    0x48, 0xdf, 0xff, 0xff, 0xff, 0xfd, 0x0, 0x0,
    0x0, 0x1, 0x5a, 0xff, 0xff, 0xff, 0xff, 0xff,
    0xff, 0xd0, 0x0, 0x0, 0x5, 0xff, 0xff, 0xff,
    0xff, 0xff, 0xff, 0xff, 0xfd, 0x0, 0x0, 0x0,
    0xaf, 0xff, 0xff, 0xff, 0xff, 0xff, 0xff, 0xff,
    0xd0, 0x0, 0x0, 0xa, 0xff, 0xff, 0xff, 0xff,
    0xfd, 0x94, 0xe, 0xfd, 0x0, 0x0, 0x0, 0xaf,
    0xff, 0xff, 0xfc, 0x72, 0x0, 0x0, 0xef, 0xd0,
    0x0, 0x0, 0xa, 0xff, 0xea, 0x51, 0x0, 0x0,
    0x0, 0xe, 0xfd, 0x0, 0x0, 0x0, 0xaf, 0xf1,
    0x0, 0x0, 0x0, 0x0, 0x0, 0xef, 0xd0, 0x0,
    0x0, 0xa, 0xff, 0x10, 0x0, 0x0, 0x0, 0x0,
    0xe, 0xfd, 0x0, 0x0, 0x0, 0xaf, 0xf1, 0x0,
    0x0, 0x0, 0x0, 0x0, 0xef, 0xd0, 0x0, 0x0,
    0xa, 0xff, 0x10, 0x0, 0x0, 0x0, 0x0, 0xe,
    0xfd, 0x0, 0x0, 0x0, 0xaf, 0xf1, 0x0, 0x0,
    0x0, 0x3, 0x54, 0xff, 0xd0, 0x0, 0x0, 0xa,
    0xff, 0x10, 0x0, 0x0, 0x5e, 0xff, 0xff, 0xfd,
    0x0, 0x0, 0x0, 0xaf, 0xf1, 0x0, 0x0, 0x3f,
    0xff, 0xff, 0xff, 0xd0, 0x1, 0x69, 0x9d, 0xff,
    0x10, 0x0, 0x6, 0xff, 0xff, 0xff, 0xfc, 0x6,
    0xff, 0xff, 0xff, 0xf1, 0x0, 0x0, 0x1e, 0xff,
    0xff, 0xff, 0x61, 0xff, 0xff, 0xff, 0xff, 0x10,
    0x0, 0x0, 0x2a, 0xff, 0xfc, 0x50, 0x1f, 0xff,
    0xff, 0xff, 0xf0, 0x0, 0x0, 0x0, 0x0, 0x10,
    0x0, 0x0, 0x9f, 0xff, 0xff, 0xf7, 0x0, 0x0,
    0x0, 0x0, 0x0, 0x0, 0x0, 0x0, 0x4a, 0xcc,
    0xa3, 0x0, 0x0, 0x0, 0x0, 0x0, 0x0, 0x0,
    0x0,

    /* U+F008 "" */
    0x42, 0x0, 0x78, 0x88, 0x88, 0x88, 0x88, 0x88,
    0x87, 0x0, 0x24, 0xf8, 0x22, 0xef, 0xff, 0xff,
    0xff, 0xff, 0xff, 0xfe, 0x22, 0x8f, 0xff, 0xff,
    0xff, 0xb9, 0x99, 0x99, 0x99, 0x9b, 0xff, 0xff,
    0xff, 0xf9, 0x44, 0xff, 0x30, 0x0, 0x0, 0x0,
    0x3, 0xff, 0x44, 0x9f, 0xf6, 0x0, 0xef, 0x30,
    0x0, 0x0, 0x0, 0x3, 0xfe, 0x0, 0x6f, 0xf7,
    0x0, 0xef, 0x30, 0x0, 0x0, 0x0, 0x3, 0xfe,
    0x0, 0x7f, 0xff, 0xff, 0xff, 0x30, 0x0, 0x0,
    0x0, 0x3, 0xff, 0xff, 0xff, 0xfa, 0x66, 0xff,
    0x74, 0x44, 0x44, 0x44, 0x47, 0xff, 0x66, 0xaf,
    0xf6, 0x0, 0xef, 0xff, 0xff, 0xff, 0xff, 0xff,
    0xfe, 0x0, 0x6f, 0xf6, 0x0, 0xef, 0xdc, 0xcc,
    0xcc, 0xcc, 0xcd, 0xfe, 0x0, 0x6f, 0xff, 0xee,
    0xff, 0x30, 0x0, 0x0, 0x0, 0x3, 0xff, 0xee,
    0xff, 0xfc, 0x88, 0xff, 0x30, 0x0, 0x0, 0x0,
    0x3, 0xff, 0x88, 0xcf, 0xf6, 0x0, 0xef, 0x30,
    0x0, 0x0, 0x0, 0x3, 0xfe, 0x0, 0x6f, 0xf6,
    0x0, 0xef, 0x30, 0x0, 0x0, 0x0, 0x3, 0xfe,
    0x0, 0x6f, 0xfe, 0xcc, 0xff, 0x41, 0x11, 0x11,
    0x11, 0x14, 0xff, 0xcc, 0xef, 0xfd, 0xaa, 0xff,
    0xff, 0xff, 0xff, 0xff, 0xff, 0xff, 0xaa, 0xdf,
    0xc6, 0x0, 0xef, 0xff, 0xff, 0xff, 0xff, 0xff,
    0xfe, 0x0, 0x6c,

    /* U+F00B "" */
    0xbf, 0xff, 0xfe, 0x31, 0xdf, 0xff, 0xff, 0xff,
    0xff, 0xff, 0xfb, 0xff, 0xff, 0xff, 0x63, 0xff,
    0xff, 0xff, 0xff, 0xff, 0xff, 0xff, 0xff, 0xff,
    0xff, 0x63, 0xff, 0xff, 0xff, 0xff, 0xff, 0xff,
    0xff, 0xff, 0xff, 0xff, 0x63, 0xff, 0xff, 0xff,
    0xff, 0xff, 0xff, 0xff, 0xff, 0xff, 0xff, 0x63,
    0xff, 0xff, 0xff, 0xff, 0xff, 0xff, 0xff, 0x58,
    0x88, 0x87, 0x0, 0x78, 0x88, 0x88, 0x88, 0x88,
    0x88, 0x85, 0x0, 0x0, 0x0, 0x0, 0x0, 0x0,
    0x0, 0x0, 0x0, 0x0, 0x0, 0xcf, 0xff, 0xff,
    0x31, 0xef, 0xff, 0xff, 0xff, 0xff, 0xff, 0xfc,
    0xff, 0xff, 0xff, 0x63, 0xff, 0xff, 0xff, 0xff,
    0xff, 0xff, 0xff, 0xff, 0xff, 0xff, 0x63, 0xff,
    0xff, 0xff, 0xff, 0xff, 0xff, 0xff, 0xff, 0xff,
    0xff, 0x63, 0xff, 0xff, 0xff, 0xff, 0xff, 0xff,
    0xff, 0xff, 0xff, 0xff, 0x53, 0xff, 0xff, 0xff,
    0xff, 0xff, 0xff, 0xff, 0x47, 0x88, 0x87, 0x0,
    0x68, 0x88, 0x88, 0x88, 0x88, 0x88, 0x74, 0x0,
    0x0, 0x0, 0x0, 0x0, 0x0, 0x0, 0x0, 0x0,
    0x0, 0x0, 0xcf, 0xff, 0xff, 0x31, 0xef, 0xff,
    0xff, 0xff, 0xff, 0xff, 0xfc, 0xff, 0xff, 0xff,
    0x63, 0xff, 0xff, 0xff, 0xff, 0xff, 0xff, 0xff,
    0xff, 0xff, 0xff, 0x63, 0xff, 0xff, 0xff, 0xff,
    0xff, 0xff, 0xff, 0xff, 0xff, 0xff, 0x63, 0xff,
    0xff, 0xff, 0xff, 0xff, 0xff, 0xff, 0xff, 0xff,
    0xff, 0x52, 0xff, 0xff, 0xff, 0xff, 0xff, 0xff,
    0xff, 0x37, 0x77, 0x76, 0x0, 0x57, 0x77, 0x77,
    0x77, 0x77, 0x77, 0x74,

    /* U+F00C "" */
    0x0, 0x0, 0x0, 0x0, 0x0, 0x0, 0x0, 0x0,
    0x0, 0x16, 0x0, 0x0, 0x0, 0x0, 0x0, 0x0,
    0x0, 0x0, 0x0, 0x2, 0xef, 0xb0, 0x0, 0x0,
    0x0, 0x0, 0x0, 0x0, 0x0, 0x0, 0x2e, 0xff,
    0xfb, 0x0, 0x0, 0x0, 0x0, 0x0, 0x0, 0x0,
    0x2, 0xef, 0xff, 0xfe, 0x0, 0x0, 0x0, 0x0,
    0x0, 0x0, 0x0, 0x2e, 0xff, 0xff, 0xf3, 0x0,
    0x0, 0x0, 0x0, 0x0, 0x0, 0x2, 0xef, 0xff,
    0xff, 0x30, 0x4, 0xe8, 0x0, 0x0, 0x0, 0x0,
    0x2e, 0xff, 0xff, 0xf3, 0x0, 0x4f, 0xff, 0x80,
    0x0, 0x0, 0x2, 0xef, 0xff, 0xff, 0x30, 0x0,
    0xef, 0xff, 0xf8, 0x0, 0x0, 0x2e, 0xff, 0xff,
    0xf3, 0x0, 0x0, 0xaf, 0xff, 0xff, 0x80, 0x2,
    0xef, 0xff, 0xff, 0x30, 0x0, 0x0, 0xa, 0xff,
    0xff, 0xf8, 0x2e, 0xff, 0xff, 0xf3, 0x0, 0x0,
    0x0, 0x0, 0xaf, 0xff, 0xff, 0xff, 0xff, 0xff,
    0x30, 0x0, 0x0, 0x0, 0x0, 0xa, 0xff, 0xff,
    0xff, 0xff, 0xf3, 0x0, 0x0, 0x0, 0x0, 0x0,
    0x0, 0xaf, 0xff, 0xff, 0xff, 0x30, 0x0, 0x0,
    0x0, 0x0, 0x0, 0x0, 0xa, 0xff, 0xff, 0xf3,
    0x0, 0x0, 0x0, 0x0, 0x0, 0x0, 0x0, 0x0,
    0xaf, 0xfe, 0x30, 0x0, 0x0, 0x0, 0x0, 0x0,
    0x0, 0x0, 0x0, 0x9, 0xd3, 0x0, 0x0, 0x0,
    0x0, 0x0, 0x0,

    /* U+F00D "" */
    0x8, 0xc4, 0x0, 0x0, 0x0, 0x2, 0xc9, 0x0,
    0x9f, 0xff, 0x40, 0x0, 0x0, 0x2e, 0xff, 0xb0,
    0xff, 0xff, 0xf4, 0x0, 0x2, 0xef, 0xff, 0xf1,
    0x7f, 0xff, 0xff, 0x40, 0x2e, 0xff, 0xff, 0x90,
    0x8, 0xff, 0xff, 0xf6, 0xef, 0xff, 0xfa, 0x0,
    0x0, 0x8f, 0xff, 0xff, 0xff, 0xff, 0xa0, 0x0,
    0x0, 0x8, 0xff, 0xff, 0xff, 0xfa, 0x0, 0x0,
    0x0, 0x0, 0x9f, 0xff, 0xff, 0xb0, 0x0, 0x0,
    0x0, 0x2, 0xef, 0xff, 0xff, 0xf4, 0x0, 0x0,
    0x0, 0x2e, 0xff, 0xff, 0xff, 0xff, 0x40, 0x0,
    0x2, 0xef, 0xff, 0xfd, 0xff, 0xff, 0xf4, 0x0,
    0x2e, 0xff, 0xff, 0xa0, 0x8f, 0xff, 0xff, 0x40,
    0xdf, 0xff, 0xfa, 0x0, 0x8, 0xff, 0xff, 0xf0,
    0xdf, 0xff, 0xa0, 0x0, 0x0, 0x8f, 0xff, 0xe0,
    0x2e, 0xfa, 0x0, 0x0, 0x0, 0x8, 0xff, 0x30,
    0x0, 0x30, 0x0, 0x0, 0x0, 0x0, 0x21, 0x0,

    /* U+F011 "" */
    0x0, 0x0, 0x0, 0x0, 0x1, 0x33, 0x0, 0x0,
    0x0, 0x0, 0x0, 0x0, 0x0, 0x0, 0x0, 0xd,
    0xff, 0x60, 0x0, 0x0, 0x0, 0x0, 0x0, 0x0,
    0x0, 0x0, 0xe, 0xff, 0x80, 0x0, 0x0, 0x0,
    0x0, 0x0, 0x0, 0xaf, 0x50, 0xe, 0xff, 0x80,
    0xb, 0xf4, 0x0, 0x0, 0x0, 0xb, 0xff, 0xe0,
    0xe, 0xff, 0x80, 0x4f, 0xff, 0x50, 0x0, 0x0,
    0x9f, 0xff, 0xe0, 0xe, 0xff, 0x80, 0x5f, 0xff,
    0xf2, 0x0, 0x3, 0xff, 0xfe, 0x30, 0xe, 0xff,
    0x80, 0x8, 0xff, 0xfc, 0x0, 0xb, 0xff, 0xf3,
    0x0, 0xe, 0xff, 0x80, 0x0, 0xaf, 0xff, 0x50,
    0x1f, 0xff, 0x90, 0x0, 0xe, 0xff, 0x80, 0x0,
    0x1f, 0xff, 0xb0, 0x6f, 0xff, 0x30, 0x0, 0xe,
    0xff, 0x80, 0x0, 0x9, 0xff, 0xf0, 0x8f, 0xff,
    0x0, 0x0, 0xe, 0xff, 0x80, 0x0, 0x5, 0xff,
    0xf2, 0xaf, 0xfd, 0x0, 0x0, 0xe, 0xff, 0x80,
    0x0, 0x3, 0xff, 0xf3, 0x9f, 0xfd, 0x0, 0x0,
    0xc, 0xff, 0x50, 0x0, 0x4, 0xff, 0xf2, 0x8f,
    0xff, 0x0, 0x0, 0x0, 0x11, 0x0, 0x0, 0x6,
    0xff, 0xf1, 0x4f, 0xff, 0x50, 0x0, 0x0, 0x0,
    0x0, 0x0, 0xb, 0xff, 0xe0, 0xf, 0xff, 0xc0,
    0x0, 0x0, 0x0, 0x0, 0x0, 0x3f, 0xff, 0x90,
    0x8, 0xff, 0xf8, 0x0, 0x0, 0x0, 0x0, 0x1,
    0xef, 0xff, 0x20, 0x1, 0xef, 0xff, 0x90, 0x0,
    0x0, 0x0, 0x2d, 0xff, 0xf9, 0x0, 0x0, 0x4f,
    0xff, 0xfd, 0x62, 0x1, 0x49, 0xff, 0xff, 0xc0,
    0x0, 0x0, 0x6, 0xff, 0xff, 0xff, 0xff, 0xff,
    0xff, 0xfd, 0x10, 0x0, 0x0, 0x0, 0x4e, 0xff,
    0xff, 0xff, 0xff, 0xff, 0xa0, 0x0, 0x0, 0x0,
    0x0, 0x0, 0x7d, 0xff, 0xff, 0xff, 0xb4, 0x0,
    0x0, 0x0, 0x0, 0x0, 0x0, 0x0, 0x25, 0x65,
    0x30, 0x0, 0x0, 0x0, 0x0,

    /* U+F013 "" */
    0x0, 0x0, 0x0, 0x0, 0x0, 0x0, 0x0, 0x0,
    0x0, 0x0, 0x0, 0x0, 0x0, 0x0, 0x0, 0x6c,
    0xee, 0xc7, 0x0, 0x0, 0x0, 0x0, 0x0, 0x0,
    0x0, 0x0, 0xbf, 0xff, 0xfc, 0x0, 0x0, 0x0,
    0x0, 0x0, 0x0, 0x0, 0x0, 0xbf, 0xff, 0xfc,
    0x0, 0x0, 0x0, 0x0, 0x0, 0x8, 0x30, 0x2a,
    0xff, 0xff, 0xff, 0xb2, 0x3, 0x80, 0x0, 0x0,
    0x8f, 0xfb, 0xff, 0xff, 0xff, 0xff, 0xff, 0xbf,
    0xf8, 0x0, 0x3, 0xff, 0xff, 0xff, 0xff, 0xff,
    0xff, 0xff, 0xff, 0xff, 0x40, 0xb, 0xff, 0xff,
    0xff, 0xff, 0xff, 0xff, 0xff, 0xff, 0xff, 0xb0,
    0x1f, 0xff, 0xff, 0xff, 0xfa, 0x55, 0xaf, 0xff,
    0xff, 0xff, 0xf2, 0x6, 0xef, 0xff, 0xff, 0x70,
    0x0, 0x7, 0xff, 0xff, 0xff, 0x60, 0x0, 0x2f,
    0xff, 0xfd, 0x0, 0x0, 0x0, 0xcf, 0xff, 0xf3,
    0x0, 0x0, 0x3f, 0xff, 0xfa, 0x0, 0x0, 0x0,
    0x9f, 0xff, 0xf3, 0x0, 0x0, 0x2f, 0xff, 0xfb,
    0x0, 0x0, 0x0, 0xaf, 0xff, 0xf3, 0x0, 0x0,
    0x8f, 0xff, 0xff, 0x20, 0x0, 0x1, 0xff, 0xff,
    0xf9, 0x0, 0x1e, 0xff, 0xff, 0xff, 0xd3, 0x0,
    0x3d, 0xff, 0xff, 0xff, 0xe1, 0xe, 0xff, 0xff,
    0xff, 0xff, 0xee, 0xff, 0xff, 0xff, 0xff, 0xe0,
    0x7, 0xff, 0xff, 0xff, 0xff, 0xff, 0xff, 0xff,
    0xff, 0xff, 0x80, 0x0, 0xdf, 0xff, 0xff, 0xff,
    0xff, 0xff, 0xff, 0xff, 0xfd, 0x0, 0x0, 0x2f,
    0xb2, 0x9f, 0xff, 0xff, 0xff, 0xfa, 0x2a, 0xf3,
    0x0, 0x0, 0x1, 0x0, 0x2, 0xdf, 0xff, 0xfe,
    0x30, 0x0, 0x10, 0x0, 0x0, 0x0, 0x0, 0x0,
    0xbf, 0xff, 0xfc, 0x0, 0x0, 0x0, 0x0, 0x0,
    0x0, 0x0, 0x0, 0xbf, 0xff, 0xfb, 0x0, 0x0,
    0x0, 0x0, 0x0, 0x0, 0x0, 0x0, 0x14, 0x66,
    0x41, 0x0, 0x0, 0x0, 0x0,

    /* U+F015 "" */
    0x0, 0x0, 0x0, 0x0, 0x0, 0x1b, 0xe9, 0x0,
    0x5, 0xff, 0xd0, 0x0, 0x0, 0x0, 0x0, 0x0,
    0x0, 0x3e, 0xff, 0xfc, 0x10, 0x7f, 0xff, 0x0,
    0x0, 0x0, 0x0, 0x0, 0x0, 0x6f, 0xff, 0xff,
    0xfe, 0x37, 0xff, 0xf0, 0x0, 0x0, 0x0, 0x0,
    0x0, 0x9f, 0xff, 0xb4, 0xdf, 0xff, 0xbf, 0xff,
    0x0, 0x0, 0x0, 0x0, 0x1, 0xbf, 0xff, 0x80,
    0x1, 0xbf, 0xff, 0xff, 0xf0, 0x0, 0x0, 0x0,
    0x2, 0xdf, 0xff, 0x50, 0x8f, 0x50, 0x9f, 0xff,
    0xff, 0x0, 0x0, 0x0, 0x4, 0xff, 0xfe, 0x30,
    0xbf, 0xff, 0x70, 0x6f, 0xff, 0xf1, 0x0, 0x0,
    0x7, 0xff, 0xfc, 0x12, 0xdf, 0xff, 0xff, 0xa0,
    0x3e, 0xff, 0xe3, 0x0, 0xa, 0xff, 0xfa, 0x3,
    0xef, 0xff, 0xff, 0xff, 0xc1, 0x2d, 0xff, 0xf6,
    0xc, 0xff, 0xf7, 0x6, 0xff, 0xff, 0xff, 0xff,
    0xff, 0xe3, 0xb, 0xff, 0xf8, 0x9f, 0xf5, 0x9,
    0xff, 0xff, 0xff, 0xff, 0xff, 0xff, 0xf5, 0x8,
    0xff, 0x50, 0x93, 0xa, 0xff, 0xff, 0xff, 0xff,
    0xff, 0xff, 0xff, 0xf6, 0x5, 0x70, 0x0, 0x0,
    0xef, 0xff, 0xff, 0xff, 0xff, 0xff, 0xff, 0xff,
    0xa0, 0x0, 0x0, 0x0, 0xe, 0xff, 0xff, 0xff,
    0xcc, 0xcf, 0xff, 0xff, 0xfa, 0x0, 0x0, 0x0,
    0x0, 0xef, 0xff, 0xff, 0x50, 0x0, 0x9f, 0xff,
    0xff, 0xa0, 0x0, 0x0, 0x0, 0xe, 0xff, 0xff,
    0xf5, 0x0, 0x9, 0xff, 0xff, 0xfa, 0x0, 0x0,
    0x0, 0x0, 0xef, 0xff, 0xff, 0x50, 0x0, 0x9f,
    0xff, 0xff, 0xa0, 0x0, 0x0, 0x0, 0xe, 0xff,
    0xff, 0xf5, 0x0, 0x9, 0xff, 0xff, 0xfa, 0x0,
    0x0, 0x0, 0x0, 0xdf, 0xff, 0xff, 0x40, 0x0,
    0x8f, 0xff, 0xff, 0x90, 0x0, 0x0, 0x0, 0x2,
    0x44, 0x44, 0x40, 0x0, 0x1, 0x44, 0x44, 0x41,
    0x0, 0x0,

    /* U+F019 "" */
    0x0, 0x0, 0x0, 0x0, 0x2, 0x22, 0x20, 0x0,
    0x0, 0x0, 0x0, 0x0, 0x0, 0x0, 0x0, 0x9f,
    0xff, 0xf9, 0x0, 0x0, 0x0, 0x0, 0x0, 0x0,
    0x0, 0x0, 0xcf, 0xff, 0xfc, 0x0, 0x0, 0x0,
    0x0, 0x0, 0x0, 0x0, 0x0, 0xcf, 0xff, 0xfc,
    0x0, 0x0, 0x0, 0x0, 0x0, 0x0, 0x0, 0x0,
    0xcf, 0xff, 0xfc, 0x0, 0x0, 0x0, 0x0, 0x0,
    0x0, 0x0, 0x0, 0xcf, 0xff, 0xfc, 0x0, 0x0,
    0x0, 0x0, 0x0, 0x0, 0x0, 0x0, 0xcf, 0xff,
    0xfc, 0x0, 0x0, 0x0, 0x0, 0x0, 0x0, 0x0,
    0x0, 0xcf, 0xff, 0xfc, 0x0, 0x0, 0x0, 0x0,
    0x0, 0x0, 0x0, 0x0, 0xcf, 0xff, 0xfc, 0x0,
    0x0, 0x0, 0x0, 0x0, 0x3, 0xee, 0xee, 0xff,
    0xff, 0xff, 0xee, 0xee, 0x20, 0x0, 0x0, 0x2,
    0xff, 0xff, 0xff, 0xff, 0xff, 0xff, 0xff, 0x20,
    0x0, 0x0, 0x0, 0x3f, 0xff, 0xff, 0xff, 0xff,
    0xff, 0xf3, 0x0, 0x0, 0x0, 0x0, 0x3, 0xff,
    0xff, 0xff, 0xff, 0xff, 0x30, 0x0, 0x0, 0x0,
    0x0, 0x0, 0x3f, 0xff, 0xff, 0xff, 0xf3, 0x0,
    0x0, 0x0, 0x0, 0x0, 0x0, 0x3, 0xff, 0xff,
    0xff, 0x40, 0x0, 0x0, 0x0, 0x0, 0x0, 0x0,
    0x0, 0x4f, 0xff, 0xf4, 0x0, 0x0, 0x0, 0x0,
    0xcf, 0xff, 0xff, 0xfc, 0x4, 0xff, 0x40, 0xcf,
    0xff, 0xff, 0xfc, 0xff, 0xff, 0xff, 0xff, 0xc0,
    0x23, 0xc, 0xff, 0xff, 0xff, 0xff, 0xff, 0xff,
    0xff, 0xff, 0xfc, 0x44, 0xcf, 0xff, 0xff, 0xff,
    0xff, 0xff, 0xff, 0xff, 0xff, 0xff, 0xff, 0xff,
    0xff, 0xff, 0xff, 0xff, 0xff, 0xff, 0xff, 0xff,
    0xff, 0xff, 0xff, 0xf1, 0x6e, 0xb, 0xff, 0xff,
    0xff, 0xff, 0xff, 0xff, 0xff, 0xff, 0xf6, 0xaf,
    0x5d, 0xff, 0xbf, 0xff, 0xff, 0xff, 0xff, 0xff,
    0xff, 0xff, 0xff, 0xff, 0xfb,

    /* U+F01C "" */
    0x0, 0x0, 0x4, 0xab, 0xbb, 0xbb, 0xbb, 0xbb,
    0xbb, 0xa2, 0x0, 0x0, 0x0, 0x0, 0x4, 0xff,
    0xff, 0xff, 0xff, 0xff, 0xff, 0xff, 0xe1, 0x0,
    0x0, 0x0, 0x0, 0xef, 0xff, 0xff, 0xff, 0xff,
    0xff, 0xff, 0xff, 0xb0, 0x0, 0x0, 0x0, 0x9f,
    0xfa, 0x0, 0x0, 0x0, 0x0, 0x0, 0x1d, 0xff,
    0x50, 0x0, 0x0, 0x4f, 0xfe, 0x10, 0x0, 0x0,
    0x0, 0x0, 0x0, 0x4f, 0xfe, 0x10, 0x0, 0xd,
    0xff, 0x60, 0x0, 0x0, 0x0, 0x0, 0x0, 0x0,
    0xaf, 0xfa, 0x0, 0x9, 0xff, 0xc0, 0x0, 0x0,
    0x0, 0x0, 0x0, 0x0, 0x1, 0xef, 0xf5, 0x3,
    0xff, 0xf2, 0x0, 0x0, 0x0, 0x0, 0x0, 0x0,
    0x0, 0x5, 0xff, 0xe1, 0xdf, 0xfa, 0x44, 0x44,
    0x20, 0x0, 0x0, 0x0, 0x34, 0x44, 0x4d, 0xff,
    0x8f, 0xff, 0xff, 0xff, 0xfe, 0x0, 0x0, 0x0,
    0x3f, 0xff, 0xff, 0xff, 0xfb, 0xff, 0xff, 0xff,
    0xff, 0xf7, 0x0, 0x0, 0xb, 0xff, 0xff, 0xff,
    0xff, 0xcf, 0xff, 0xff, 0xff, 0xff, 0xe8, 0x88,
    0x88, 0xff, 0xff, 0xff, 0xff, 0xfc, 0xff, 0xff,
    0xff, 0xff, 0xff, 0xff, 0xff, 0xff, 0xff, 0xff,
    0xff, 0xff, 0xcf, 0xff, 0xff, 0xff, 0xff, 0xff,
    0xff, 0xff, 0xff, 0xff, 0xff, 0xff, 0xfc, 0xff,
    0xff, 0xff, 0xff, 0xff, 0xff, 0xff, 0xff, 0xff,
    0xff, 0xff, 0xff, 0xbd, 0xff, 0xff, 0xff, 0xff,
    0xff, 0xff, 0xff, 0xff, 0xff, 0xff, 0xff, 0xf9,
    0x4e, 0xff, 0xff, 0xff, 0xff, 0xff, 0xff, 0xff,
    0xff, 0xff, 0xff, 0xfc, 0x10,

    /* U+F021 "" */
    0x0, 0x0, 0x0, 0x0, 0x0, 0x0, 0x0, 0x0,
    0x0, 0x6, 0x76, 0x0, 0x0, 0x0, 0x5, 0x9c,
    0xdd, 0xb8, 0x30, 0x0, 0xf, 0xff, 0x0, 0x0,
    0x6, 0xef, 0xff, 0xff, 0xff, 0xfc, 0x40, 0xf,
    0xff, 0x0, 0x0, 0xbf, 0xff, 0xff, 0xff, 0xff,
    0xff, 0xf9, 0xf, 0xff, 0x0, 0xc, 0xff, 0xff,
    0xa5, 0x34, 0x6b, 0xff, 0xff, 0xce, 0xff, 0x0,
    0xaf, 0xff, 0xb2, 0x0, 0x0, 0x0, 0x2b, 0xff,
    0xff, 0xff, 0x5, 0xff, 0xf9, 0x0, 0x0, 0x0,
    0x0, 0x0, 0x8f, 0xff, 0xff, 0xd, 0xff, 0xb0,
    0x0, 0x0, 0x0, 0x7d, 0xdc, 0xbf, 0xff, 0xff,
    0x2f, 0xff, 0x20, 0x0, 0x0, 0x0, 0xaf, 0xff,
    0xff, 0xff, 0xff, 0x6f, 0xfb, 0x0, 0x0, 0x0,
    0x0, 0x9f, 0xff, 0xff, 0xff, 0xff, 0x2, 0x20,
    0x0, 0x0, 0x0, 0x0, 0x2, 0x22, 0x22, 0x22,
    0x21, 0x0, 0x0, 0x0, 0x0, 0x0, 0x0, 0x0,
    0x0, 0x0, 0x0, 0x0, 0x0, 0x0, 0x0, 0x0,
    0x0, 0x0, 0x0, 0x0, 0x0, 0x0, 0x0, 0xde,
    0xee, 0xee, 0xee, 0xe7, 0x0, 0x0, 0x0, 0x0,
    0x9e, 0xe5, 0xff, 0xff, 0xff, 0xff, 0xfa, 0x0,
    0x0, 0x0, 0x1, 0xff, 0xf3, 0xff, 0xff, 0xff,
    0xff, 0xf9, 0x0, 0x0, 0x0, 0x9, 0xff, 0xe0,
    0xff, 0xff, 0xf4, 0x0, 0x10, 0x0, 0x0, 0x0,
    0x5f, 0xff, 0x70, 0xff, 0xff, 0xff, 0x70, 0x0,
    0x0, 0x0, 0x7, 0xff, 0xfd, 0x0, 0xff, 0xff,
    0xff, 0xfd, 0x61, 0x0, 0x5, 0xcf, 0xff, 0xf2,
    0x0, 0xff, 0xe3, 0xef, 0xff, 0xff, 0xee, 0xff,
    0xff, 0xfe, 0x30, 0x0, 0xff, 0xf0, 0x19, 0xff,
    0xff, 0xff, 0xff, 0xff, 0xb1, 0x0, 0x0, 0xff,
    0xf0, 0x0, 0x28, 0xdf, 0xff, 0xfe, 0xa3, 0x0,
    0x0, 0x0, 0xab, 0xa0, 0x0, 0x0, 0x1, 0x33,
    0x10, 0x0, 0x0, 0x0, 0x0,

    /* U+F026 "" */
    0x0, 0x0, 0x0, 0x0, 0x3, 0x30, 0x0, 0x0,
    0x0, 0x6, 0xff, 0x0, 0x0, 0x0, 0x6, 0xff,
    0xf0, 0x0, 0x0, 0x6, 0xff, 0xff, 0x24, 0x44,
    0x47, 0xff, 0xff, 0xfe, 0xff, 0xff, 0xff, 0xff,
    0xff, 0xff, 0xff, 0xff, 0xff, 0xff, 0xff, 0xff,
    0xff, 0xff, 0xff, 0xff, 0xff, 0xff, 0xff, 0xff,
    0xff, 0xff, 0xff, 0xff, 0xff, 0xff, 0xff, 0xff,
    0xff, 0xff, 0xff, 0xff, 0xff, 0xff, 0xff, 0xff,
    0xff, 0xff, 0xbf, 0xff, 0xff, 0xff, 0xff, 0xf0,
    0x0, 0x0, 0x2e, 0xff, 0xff, 0x0, 0x0, 0x0,
    0x2e, 0xff, 0xf0, 0x0, 0x0, 0x0, 0x2e, 0xff,
    0x0, 0x0, 0x0, 0x0, 0x2e, 0xc0, 0x0, 0x0,
    0x0, 0x0, 0x0,

    /* U+F027 "" */
    0x0, 0x0, 0x0, 0x0, 0x3, 0x30, 0x0, 0x0,
    0x0, 0x0, 0x0, 0x0, 0x6, 0xff, 0x0, 0x0,
    0x0, 0x0, 0x0, 0x0, 0x6, 0xff, 0xf0, 0x0,
    0x0, 0x0, 0x0, 0x0, 0x6, 0xff, 0xff, 0x0,
    0x0, 0x0, 0x24, 0x44, 0x47, 0xff, 0xff, 0xf0,
    0x0, 0x0, 0xe, 0xff, 0xff, 0xff, 0xff, 0xff,
    0x0, 0x75, 0x0, 0xff, 0xff, 0xff, 0xff, 0xff,
    0xf0, 0x2f, 0xf7, 0xf, 0xff, 0xff, 0xff, 0xff,
    0xff, 0x0, 0x7f, 0xf0, 0xff, 0xff, 0xff, 0xff,
    0xff, 0xf0, 0x0, 0xdf, 0x3f, 0xff, 0xff, 0xff,
    0xff, 0xff, 0x0, 0xf, 0xf3, 0xff, 0xff, 0xff,
    0xff, 0xff, 0xf0, 0xc, 0xfd, 0xf, 0xff, 0xff,
    0xff, 0xff, 0xff, 0x1, 0xfe, 0x20, 0xbf, 0xff,
    0xff, 0xff, 0xff, 0xf0, 0x1, 0x0, 0x0, 0x0,
    0x0, 0x2e, 0xff, 0xff, 0x0, 0x0, 0x0, 0x0,
    0x0, 0x0, 0x2e, 0xff, 0xf0, 0x0, 0x0, 0x0,
    0x0, 0x0, 0x0, 0x2e, 0xff, 0x0, 0x0, 0x0,
    0x0, 0x0, 0x0, 0x0, 0x2d, 0xc0, 0x0, 0x0,
    0x0, 0x0, 0x0, 0x0, 0x0, 0x0, 0x0, 0x0,
    0x0,

    /* U+F028 "" */
    0x0, 0x0, 0x0, 0x0, 0x0, 0x0, 0x0, 0x0,
    0x0, 0x73, 0x0, 0x0, 0x0, 0x0, 0x0, 0x0,
    0x0, 0x0, 0x0, 0x0, 0x0, 0x4f, 0xf7, 0x0,
    0x0, 0x0, 0x0, 0x0, 0x0, 0x3, 0x30, 0x0,
    0x0, 0x0, 0x9f, 0xf7, 0x0, 0x0, 0x0, 0x0,
    0x0, 0x6, 0xff, 0x0, 0x0, 0x1, 0x0, 0x7f,
    0xf5, 0x0, 0x0, 0x0, 0x0, 0x6, 0xff, 0xf0,
    0x0, 0x5, 0xf9, 0x0, 0x9f, 0xe1, 0x0, 0x0,
    0x0, 0x6, 0xff, 0xff, 0x0, 0x0, 0x4f, 0xfb,
    0x0, 0xdf, 0x80, 0x24, 0x44, 0x47, 0xff, 0xff,
    0xf0, 0x0, 0x0, 0x3f, 0xf7, 0x4, 0xff, 0xe,
    0xff, 0xff, 0xff, 0xff, 0xff, 0x0, 0x86, 0x0,
    0x4f, 0xf1, 0xd, 0xf4, 0xff, 0xff, 0xff, 0xff,
    0xff, 0xf0, 0x2f, 0xf7, 0x0, 0xcf, 0x60, 0x9f,
    0x8f, 0xff, 0xff, 0xff, 0xff, 0xff, 0x0, 0x6f,
    0xf1, 0x7, 0xf9, 0x6, 0xfa, 0xff, 0xff, 0xff,
    0xff, 0xff, 0xf0, 0x0, 0xdf, 0x40, 0x5f, 0xb0,
    0x5f, 0xbf, 0xff, 0xff, 0xff, 0xff, 0xff, 0x0,
    0x1f, 0xf2, 0x5, 0xfa, 0x5, 0xfb, 0xff, 0xff,
    0xff, 0xff, 0xff, 0xf0, 0xd, 0xfc, 0x0, 0x9f,
    0x80, 0x7f, 0x9f, 0xff, 0xff, 0xff, 0xff, 0xff,
    0x1, 0xfd, 0x20, 0x1e, 0xf3, 0xb, 0xf6, 0xbf,
    0xff, 0xff, 0xff, 0xff, 0xf0, 0x1, 0x0, 0xa,
    0xfc, 0x1, 0xff, 0x20, 0x0, 0x0, 0x2e, 0xff,
    0xff, 0x0, 0x0, 0xb, 0xff, 0x20, 0x8f, 0xc0,
    0x0, 0x0, 0x0, 0x2e, 0xff, 0xf0, 0x0, 0x7,
    0xff, 0x40, 0x2f, 0xf4, 0x0, 0x0, 0x0, 0x0,
    0x2e, 0xff, 0x0, 0x0, 0x19, 0x20, 0x1d, 0xfa,
    0x0, 0x0, 0x0, 0x0, 0x0, 0x2e, 0xc0, 0x0,
    0x0, 0x0, 0x2d, 0xfd, 0x10, 0x0, 0x0, 0x0,
    0x0, 0x0, 0x0, 0x0, 0x0, 0x0, 0x2f, 0xfd,
    0x20, 0x0, 0x0, 0x0, 0x0, 0x0, 0x0, 0x0,
    0x0, 0x0, 0x2, 0xfb, 0x10, 0x0, 0x0, 0x0,
    0x0, 0x0, 0x0, 0x0, 0x0, 0x0, 0x0, 0x0,
    0x0, 0x0, 0x0,

    /* U+F03E "" */
    0x5, 0x77, 0x77, 0x77, 0x77, 0x77, 0x77, 0x77,
    0x77, 0x77, 0x50, 0x9f, 0xff, 0xff, 0xff, 0xff,
    0xff, 0xff, 0xff, 0xff, 0xff, 0xf9, 0xff, 0xff,
    0xff, 0xff, 0xff, 0xff, 0xff, 0xff, 0xff, 0xff,
    0xff, 0xff, 0xf6, 0x1, 0xbf, 0xff, 0xff, 0xff,
    0xff, 0xff, 0xff, 0xff, 0xff, 0x90, 0x0, 0xf,
    0xff, 0xff, 0xff, 0xff, 0xff, 0xff, 0xff, 0xff,
    0x70, 0x0, 0xd, 0xff, 0xff, 0xff, 0xdb, 0xff,
    0xff, 0xff, 0xff, 0xc0, 0x0, 0x2f, 0xff, 0xff,
    0xfd, 0x10, 0xaf, 0xff, 0xff, 0xff, 0xfb, 0x56,
    0xef, 0xff, 0xff, 0xd1, 0x0, 0xa, 0xff, 0xff,
    0xff, 0xff, 0xff, 0xff, 0xff, 0xfd, 0x10, 0x0,
    0x0, 0xaf, 0xff, 0xff, 0xff, 0xf7, 0x2e, 0xff,
    0xd1, 0x0, 0x0, 0x0, 0xd, 0xff, 0xff, 0xff,
    0x70, 0x2, 0xed, 0x10, 0x0, 0x0, 0x0, 0xc,
    0xff, 0xff, 0xf7, 0x0, 0x0, 0x21, 0x0, 0x0,
    0x0, 0x0, 0xc, 0xff, 0xff, 0xc0, 0x0, 0x0,
    0x0, 0x0, 0x0, 0x0, 0x0, 0xc, 0xff, 0xff,
    0xc0, 0x0, 0x0, 0x0, 0x0, 0x0, 0x0, 0x0,
    0xc, 0xff, 0xff, 0xfc, 0xcc, 0xcc, 0xcc, 0xcc,
    0xcc, 0xcc, 0xcc, 0xcf, 0xff, 0xef, 0xff, 0xff,
    0xff, 0xff, 0xff, 0xff, 0xff, 0xff, 0xff, 0xfd,
    0x4e, 0xff, 0xff, 0xff, 0xff, 0xff, 0xff, 0xff,
    0xff, 0xff, 0xe4,

    /* U+F043 "" */
    0x0, 0x0, 0x0, 0x1, 0x0, 0x0, 0x0, 0x0,
    0x0, 0x0, 0x0, 0x7f, 0x90, 0x0, 0x0, 0x0,
    0x0, 0x0, 0x0, 0xef, 0xf1, 0x0, 0x0, 0x0,
    0x0, 0x0, 0x5, 0xff, 0xf7, 0x0, 0x0, 0x0,
    0x0, 0x0, 0xc, 0xff, 0xfd, 0x0, 0x0, 0x0,
    0x0, 0x0, 0x4f, 0xff, 0xff, 0x60, 0x0, 0x0,
    0x0, 0x0, 0xcf, 0xff, 0xff, 0xe0, 0x0, 0x0,
    0x0, 0x6, 0xff, 0xff, 0xff, 0xf8, 0x0, 0x0,
    0x0, 0x2f, 0xff, 0xff, 0xff, 0xff, 0x30, 0x0,
    0x0, 0xcf, 0xff, 0xff, 0xff, 0xff, 0xd0, 0x0,
    0x7, 0xff, 0xff, 0xff, 0xff, 0xff, 0xf9, 0x0,
    0x1f, 0xff, 0xff, 0xff, 0xff, 0xff, 0xff, 0x20,
    0x7f, 0xff, 0xff, 0xff, 0xff, 0xff, 0xff, 0x90,
    0xcf, 0xff, 0xff, 0xff, 0xff, 0xff, 0xff, 0xe0,
    0xef, 0xfb, 0xff, 0xff, 0xff, 0xff, 0xff, 0xf0,
    0xff, 0xc0, 0xdf, 0xff, 0xff, 0xff, 0xff, 0xf1,
    0xdf, 0xe0, 0x9f, 0xff, 0xff, 0xff, 0xff, 0xf0,
    0x9f, 0xf5, 0x1e, 0xff, 0xff, 0xff, 0xff, 0xb0,
    0x3f, 0xfe, 0x21, 0x8b, 0xff, 0xff, 0xff, 0x50,
    0xa, 0xff, 0xf7, 0x20, 0xdf, 0xff, 0xfb, 0x0,
    0x0, 0xbf, 0xff, 0xff, 0xff, 0xff, 0xd1, 0x0,
    0x0, 0x8, 0xff, 0xff, 0xff, 0xfa, 0x0, 0x0,
    0x0, 0x0, 0x17, 0xab, 0xa7, 0x20, 0x0, 0x0,

    /* U+F048 "" */
    0x0, 0x0, 0x0, 0x0, 0x0, 0x0, 0x0, 0x1,
    0xef, 0xc0, 0x0, 0x0, 0x0, 0xb, 0xd3, 0x2f,
    0xfe, 0x0, 0x0, 0x0, 0x1d, 0xff, 0x82, 0xff,
    0xe0, 0x0, 0x0, 0x2d, 0xff, 0xf9, 0x2f, 0xfe,
    0x0, 0x0, 0x2e, 0xff, 0xff, 0x92, 0xff, 0xe0,
    0x0, 0x3e, 0xff, 0xff, 0xf9, 0x2f, 0xfe, 0x0,
    0x4f, 0xff, 0xff, 0xff, 0x92, 0xff, 0xe0, 0x5f,
    0xff, 0xff, 0xff, 0xf9, 0x2f, 0xfe, 0x6f, 0xff,
    0xff, 0xff, 0xff, 0x92, 0xff, 0xff, 0xff, 0xff,
    0xff, 0xff, 0xf9, 0x2f, 0xff, 0xff, 0xff, 0xff,
    0xff, 0xff, 0x92, 0xff, 0xff, 0xff, 0xff, 0xff,
    0xff, 0xf9, 0x2f, 0xff, 0xcf, 0xff, 0xff, 0xff,
    0xff, 0x92, 0xff, 0xe0, 0xbf, 0xff, 0xff, 0xff,
    0xf9, 0x2f, 0xfe, 0x0, 0xaf, 0xff, 0xff, 0xff,
    0x92, 0xff, 0xe0, 0x0, 0x8f, 0xff, 0xff, 0xf9,
    0x2f, 0xfe, 0x0, 0x0, 0x7f, 0xff, 0xff, 0x92,
    0xff, 0xe0, 0x0, 0x0, 0x6f, 0xff, 0xf9, 0x2f,
    0xfe, 0x0, 0x0, 0x0, 0x5f, 0xff, 0x92, 0xff,
    0xe0, 0x0, 0x0, 0x0, 0x4f, 0xf5, 0x4, 0x43,
    0x0, 0x0, 0x0, 0x0, 0x13, 0x0,

    /* U+F04B "" */
    0x2, 0x20, 0x0, 0x0, 0x0, 0x0, 0x0, 0x0,
    0x0, 0x0, 0x8f, 0xfb, 0x20, 0x0, 0x0, 0x0,
    0x0, 0x0, 0x0, 0x0, 0xff, 0xff, 0xf8, 0x0,
    0x0, 0x0, 0x0, 0x0, 0x0, 0x0, 0xff, 0xff,
    0xff, 0xe5, 0x0, 0x0, 0x0, 0x0, 0x0, 0x0,
    0xff, 0xff, 0xff, 0xff, 0xc2, 0x0, 0x0, 0x0,
    0x0, 0x0, 0xff, 0xff, 0xff, 0xff, 0xff, 0x91,
    0x0, 0x0, 0x0, 0x0, 0xff, 0xff, 0xff, 0xff,
    0xff, 0xfe, 0x60, 0x0, 0x0, 0x0, 0xff, 0xff,
    0xff, 0xff, 0xff, 0xff, 0xfc, 0x30, 0x0, 0x0,
    0xff, 0xff, 0xff, 0xff, 0xff, 0xff, 0xff, 0xf9,
    0x10, 0x0, 0xff, 0xff, 0xff, 0xff, 0xff, 0xff,
    0xff, 0xff, 0xf7, 0x0, 0xff, 0xff, 0xff, 0xff,
    0xff, 0xff, 0xff, 0xff, 0xff, 0xc0, 0xff, 0xff,
    0xff, 0xff, 0xff, 0xff, 0xff, 0xff, 0xff, 0xf3,
    0xff, 0xff, 0xff, 0xff, 0xff, 0xff, 0xff, 0xff,
    0xff, 0xf1, 0xff, 0xff, 0xff, 0xff, 0xff, 0xff,
    0xff, 0xff, 0xfe, 0x40, 0xff, 0xff, 0xff, 0xff,
    0xff, 0xff, 0xff, 0xff, 0x80, 0x0, 0xff, 0xff,
    0xff, 0xff, 0xff, 0xff, 0xff, 0xb2, 0x0, 0x0,
    0xff, 0xff, 0xff, 0xff, 0xff, 0xff, 0xd4, 0x0,
    0x0, 0x0, 0xff, 0xff, 0xff, 0xff, 0xff, 0xf7,
    0x0, 0x0, 0x0, 0x0, 0xff, 0xff, 0xff, 0xff,
    0xfa, 0x10, 0x0, 0x0, 0x0, 0x0, 0xff, 0xff,
    0xff, 0xfd, 0x40, 0x0, 0x0, 0x0, 0x0, 0x0,
    0xff, 0xff, 0xff, 0x70, 0x0, 0x0, 0x0, 0x0,
    0x0, 0x0, 0xcf, 0xff, 0x91, 0x0, 0x0, 0x0,
    0x0, 0x0, 0x0, 0x0, 0x2a, 0xa3, 0x0, 0x0,
    0x0, 0x0, 0x0, 0x0, 0x0, 0x0, 0x0, 0x0,
    0x0, 0x0, 0x0, 0x0, 0x0, 0x0, 0x0, 0x0,

    /* U+F04C "" */
    0x3d, 0xff, 0xff, 0xe6, 0x0, 0x3, 0xdf, 0xff,
    0xfe, 0x60, 0xdf, 0xff, 0xff, 0xff, 0x10, 0xd,
    0xff, 0xff, 0xff, 0xf1, 0xff, 0xff, 0xff, 0xff,
    0x30, 0xf, 0xff, 0xff, 0xff, 0xf3, 0xff, 0xff,
    0xff, 0xff, 0x40, 0xf, 0xff, 0xff, 0xff, 0xf4,
    0xff, 0xff, 0xff, 0xff, 0x40, 0xf, 0xff, 0xff,
    0xff, 0xf4, 0xff, 0xff, 0xff, 0xff, 0x40, 0xf,
    0xff, 0xff, 0xff, 0xf4, 0xff, 0xff, 0xff, 0xff,
    0x40, 0xf, 0xff, 0xff, 0xff, 0xf4, 0xff, 0xff,
    0xff, 0xff, 0x40, 0xf, 0xff, 0xff, 0xff, 0xf4,
    0xff, 0xff, 0xff, 0xff, 0x40, 0xf, 0xff, 0xff,
    0xff, 0xf4, 0xff, 0xff, 0xff, 0xff, 0x40, 0xf,
    0xff, 0xff, 0xff, 0xf4, 0xff, 0xff, 0xff, 0xff,
    0x40, 0xf, 0xff, 0xff, 0xff, 0xf4, 0xff, 0xff,
    0xff, 0xff, 0x40, 0xf, 0xff, 0xff, 0xff, 0xf4,
    0xff, 0xff, 0xff, 0xff, 0x40, 0xf, 0xff, 0xff,
    0xff, 0xf4, 0xff, 0xff, 0xff, 0xff, 0x40, 0xf,
    0xff, 0xff, 0xff, 0xf4, 0xff, 0xff, 0xff, 0xff,
    0x40, 0xf, 0xff, 0xff, 0xff, 0xf4, 0xff, 0xff,
    0xff, 0xff, 0x40, 0xf, 0xff, 0xff, 0xff, 0xf4,
    0xff, 0xff, 0xff, 0xff, 0x40, 0xf, 0xff, 0xff,
    0xff, 0xf4, 0xff, 0xff, 0xff, 0xff, 0x30, 0xf,
    0xff, 0xff, 0xff, 0xf3, 0x8f, 0xff, 0xff, 0xfb,
    0x0, 0x8, 0xff, 0xff, 0xff, 0xb0, 0x2, 0x44,
    0x44, 0x30, 0x0, 0x0, 0x24, 0x44, 0x43, 0x0,

    /* U+F04D "" */
    0x3d, 0xff, 0xff, 0xff, 0xff, 0xff, 0xff, 0xff,
    0xfe, 0x60, 0xdf, 0xff, 0xff, 0xff, 0xff, 0xff,
    0xff, 0xff, 0xff, 0xf1, 0xff, 0xff, 0xff, 0xff,
    0xff, 0xff, 0xff, 0xff, 0xff, 0xf3, 0xff, 0xff,
    0xff, 0xff, 0xff, 0xff, 0xff, 0xff, 0xff, 0xf4,
    0xff, 0xff, 0xff, 0xff, 0xff, 0xff, 0xff, 0xff,
    0xff, 0xf4, 0xff, 0xff, 0xff, 0xff, 0xff, 0xff,
    0xff, 0xff, 0xff, 0xf4, 0xff, 0xff, 0xff, 0xff,
    0xff, 0xff, 0xff, 0xff, 0xff, 0xf4, 0xff, 0xff,
    0xff, 0xff, 0xff, 0xff, 0xff, 0xff, 0xff, 0xf4,
    0xff, 0xff, 0xff, 0xff, 0xff, 0xff, 0xff, 0xff,
    0xff, 0xf4, 0xff, 0xff, 0xff, 0xff, 0xff, 0xff,
    0xff, 0xff, 0xff, 0xf4, 0xff, 0xff, 0xff, 0xff,
    0xff, 0xff, 0xff, 0xff, 0xff, 0xf4, 0xff, 0xff,
    0xff, 0xff, 0xff, 0xff, 0xff, 0xff, 0xff, 0xf4,
    0xff, 0xff, 0xff, 0xff, 0xff, 0xff, 0xff, 0xff,
    0xff, 0xf4, 0xff, 0xff, 0xff, 0xff, 0xff, 0xff,
    0xff, 0xff, 0xff, 0xf4, 0xff, 0xff, 0xff, 0xff,
    0xff, 0xff, 0xff, 0xff, 0xff, 0xf4, 0xff, 0xff,
    0xff, 0xff, 0xff, 0xff, 0xff, 0xff, 0xff, 0xf4,
    0xff, 0xff, 0xff, 0xff, 0xff, 0xff, 0xff, 0xff,
    0xff, 0xf4, 0xff, 0xff, 0xff, 0xff, 0xff, 0xff,
    0xff, 0xff, 0xff, 0xf3, 0x8f, 0xff, 0xff, 0xff,
    0xff, 0xff, 0xff, 0xff, 0xff, 0xb0, 0x2, 0x44,
    0x44, 0x44, 0x44, 0x44, 0x44, 0x44, 0x43, 0x0,

    /* U+F051 "" */
    0x0, 0x0, 0x0, 0x0, 0x0, 0x0, 0x0, 0x2,
    0xdc, 0x10, 0x0, 0x0, 0x0, 0xbf, 0xf3, 0x7f,
    0xfd, 0x20, 0x0, 0x0, 0xd, 0xff, 0x47, 0xff,
    0xfe, 0x30, 0x0, 0x0, 0xdf, 0xf4, 0x7f, 0xff,
    0xff, 0x40, 0x0, 0xd, 0xff, 0x47, 0xff, 0xff,
    0xff, 0x50, 0x0, 0xdf, 0xf4, 0x7f, 0xff, 0xff,
    0xff, 0x60, 0xd, 0xff, 0x47, 0xff, 0xff, 0xff,
    0xff, 0x70, 0xdf, 0xf4, 0x7f, 0xff, 0xff, 0xff,
    0xff, 0x8d, 0xff, 0x47, 0xff, 0xff, 0xff, 0xff,
    0xff, 0xff, 0xf4, 0x7f, 0xff, 0xff, 0xff, 0xff,
    0xff, 0xff, 0x47, 0xff, 0xff, 0xff, 0xff, 0xff,
    0xff, 0xf4, 0x7f, 0xff, 0xff, 0xff, 0xff, 0xcd,
    0xff, 0x47, 0xff, 0xff, 0xff, 0xff, 0xb0, 0xdf,
    0xf4, 0x7f, 0xff, 0xff, 0xff, 0xb0, 0xd, 0xff,
    0x47, 0xff, 0xff, 0xff, 0x90, 0x0, 0xdf, 0xf4,
    0x7f, 0xff, 0xff, 0x80, 0x0, 0xd, 0xff, 0x47,
    0xff, 0xff, 0x70, 0x0, 0x0, 0xdf, 0xf4, 0x7f,
    0xff, 0x60, 0x0, 0x0, 0xd, 0xff, 0x44, 0xff,
    0x50, 0x0, 0x0, 0x0, 0xcf, 0xf4, 0x2, 0x20,
    0x0, 0x0, 0x0, 0x2, 0x44, 0x0,

    /* U+F052 "" */
    0x0, 0x0, 0x0, 0x0, 0x8, 0xea, 0x10, 0x0,
    0x0, 0x0, 0x0, 0x0, 0x0, 0x0, 0x9, 0xff,
    0xfc, 0x0, 0x0, 0x0, 0x0, 0x0, 0x0, 0x0,
    0x7, 0xff, 0xff, 0xfb, 0x0, 0x0, 0x0, 0x0,
    0x0, 0x0, 0x6, 0xff, 0xff, 0xff, 0xfa, 0x0,
    0x0, 0x0, 0x0, 0x0, 0x5, 0xff, 0xff, 0xff,
    0xff, 0xf9, 0x0, 0x0, 0x0, 0x0, 0x4, 0xff,
    0xff, 0xff, 0xff, 0xff, 0xf7, 0x0, 0x0, 0x0,
    0x3, 0xff, 0xff, 0xff, 0xff, 0xff, 0xff, 0xf6,
    0x0, 0x0, 0x2, 0xef, 0xff, 0xff, 0xff, 0xff,
    0xff, 0xff, 0xf5, 0x0, 0x1, 0xef, 0xff, 0xff,
    0xff, 0xff, 0xff, 0xff, 0xff, 0xf4, 0x0, 0xcf,
    0xff, 0xff, 0xff, 0xff, 0xff, 0xff, 0xff, 0xff,
    0xe1, 0xf, 0xff, 0xff, 0xff, 0xff, 0xff, 0xff,
    0xff, 0xff, 0xff, 0x30, 0x9f, 0xff, 0xff, 0xff,
    0xff, 0xff, 0xff, 0xff, 0xff, 0xd0, 0x0, 0x56,
    0x66, 0x66, 0x66, 0x66, 0x66, 0x66, 0x66, 0x61,
    0x0, 0x0, 0x0, 0x0, 0x0, 0x0, 0x0, 0x0,
    0x0, 0x0, 0x0, 0xa, 0xff, 0xff, 0xff, 0xff,
    0xff, 0xff, 0xff, 0xff, 0xfd, 0x0, 0xff, 0xff,
    0xff, 0xff, 0xff, 0xff, 0xff, 0xff, 0xff, 0xf3,
    0xf, 0xff, 0xff, 0xff, 0xff, 0xff, 0xff, 0xff,
    0xff, 0xff, 0x40, 0xff, 0xff, 0xff, 0xff, 0xff,
    0xff, 0xff, 0xff, 0xff, 0xf4, 0xe, 0xff, 0xff,
    0xff, 0xff, 0xff, 0xff, 0xff, 0xff, 0xff, 0x20,
    0x27, 0x77, 0x77, 0x77, 0x77, 0x77, 0x77, 0x77,
    0x77, 0x30,

    /* U+F053 "" */
    0x0, 0x0, 0x0, 0x0, 0x19, 0x20, 0x0, 0x0,
    0x0, 0x1, 0xdf, 0xe2, 0x0, 0x0, 0x0, 0x1d,
    0xff, 0xf8, 0x0, 0x0, 0x1, 0xdf, 0xff, 0xd1,
    0x0, 0x0, 0x1d, 0xff, 0xfc, 0x10, 0x0, 0x1,
    0xdf, 0xff, 0xc1, 0x0, 0x0, 0x1d, 0xff, 0xfc,
    0x10, 0x0, 0x1, 0xdf, 0xff, 0xc1, 0x0, 0x0,
    0x1d, 0xff, 0xfc, 0x10, 0x0, 0x0, 0xbf, 0xff,
    0xd1, 0x0, 0x0, 0x0, 0x7f, 0xff, 0xf6, 0x0,
    0x0, 0x0, 0x7, 0xff, 0xff, 0x60, 0x0, 0x0,
    0x0, 0x7f, 0xff, 0xf6, 0x0, 0x0, 0x0, 0x7,
    0xff, 0xff, 0x60, 0x0, 0x0, 0x0, 0x7f, 0xff,
    0xf6, 0x0, 0x0, 0x0, 0x7, 0xff, 0xff, 0x60,
    0x0, 0x0, 0x0, 0x7f, 0xff, 0xf5, 0x0, 0x0,
    0x0, 0x7, 0xff, 0xf6, 0x0, 0x0, 0x0, 0x0,
    0x7f, 0x90, 0x0, 0x0, 0x0, 0x0, 0x1, 0x0,

    /* U+F054 "" */
    0x5, 0x80, 0x0, 0x0, 0x0, 0x0, 0x5f, 0xfb,
    0x0, 0x0, 0x0, 0x0, 0xcf, 0xff, 0xb0, 0x0,
    0x0, 0x0, 0x3e, 0xff, 0xfb, 0x0, 0x0, 0x0,
    0x3, 0xef, 0xff, 0xb0, 0x0, 0x0, 0x0, 0x3e,
    0xff, 0xfb, 0x0, 0x0, 0x0, 0x3, 0xef, 0xff,
    0xb0, 0x0, 0x0, 0x0, 0x3e, 0xff, 0xfb, 0x0,
    0x0, 0x0, 0x3, 0xef, 0xff, 0xb0, 0x0, 0x0,
    0x0, 0x3f, 0xff, 0xf7, 0x0, 0x0, 0x0, 0x9f,
    0xff, 0xf3, 0x0, 0x0, 0x9, 0xff, 0xff, 0x40,
    0x0, 0x0, 0x9f, 0xff, 0xf4, 0x0, 0x0, 0x9,
    0xff, 0xff, 0x40, 0x0, 0x0, 0x9f, 0xff, 0xf4,
    0x0, 0x0, 0x9, 0xff, 0xff, 0x40, 0x0, 0x0,
    0x8f, 0xff, 0xf4, 0x0, 0x0, 0x0, 0xaf, 0xff,
    0x40, 0x0, 0x0, 0x0, 0x1c, 0xf4, 0x0, 0x0,
    0x0, 0x0, 0x0, 0x0, 0x0, 0x0, 0x0, 0x0,

    /* U+F067 "" */
    0x0, 0x0, 0x0, 0x1, 0xbe, 0xd3, 0x0, 0x0,
    0x0, 0x0, 0x0, 0x0, 0x0, 0x6, 0xff, 0xfa,
    0x0, 0x0, 0x0, 0x0, 0x0, 0x0, 0x0, 0x7,
    0xff, 0xfb, 0x0, 0x0, 0x0, 0x0, 0x0, 0x0,
    0x0, 0x7, 0xff, 0xfb, 0x0, 0x0, 0x0, 0x0,
    0x0, 0x0, 0x0, 0x7, 0xff, 0xfb, 0x0, 0x0,
    0x0, 0x0, 0x0, 0x0, 0x0, 0x7, 0xff, 0xfb,
    0x0, 0x0, 0x0, 0x0, 0x0, 0x0, 0x0, 0x7,
    0xff, 0xfb, 0x0, 0x0, 0x0, 0x0, 0x14, 0x55,
    0x55, 0x59, 0xff, 0xfc, 0x55, 0x55, 0x54, 0x20,
    0xdf, 0xff, 0xff, 0xff, 0xff, 0xff, 0xff, 0xff,
    0xff, 0xf1, 0xff, 0xff, 0xff, 0xff, 0xff, 0xff,
    0xff, 0xff, 0xff, 0xf3, 0xff, 0xff, 0xff, 0xff,
    0xff, 0xff, 0xff, 0xff, 0xff, 0xf3, 0x6c, 0xdd,
    0xdd, 0xde, 0xff, 0xff, 0xdd, 0xdd, 0xdc, 0x90,
    0x0, 0x0, 0x0, 0x7, 0xff, 0xfb, 0x0, 0x0,
    0x0, 0x0, 0x0, 0x0, 0x0, 0x7, 0xff, 0xfb,
    0x0, 0x0, 0x0, 0x0, 0x0, 0x0, 0x0, 0x7,
    0xff, 0xfb, 0x0, 0x0, 0x0, 0x0, 0x0, 0x0,
    0x0, 0x7, 0xff, 0xfb, 0x0, 0x0, 0x0, 0x0,
    0x0, 0x0, 0x0, 0x7, 0xff, 0xfb, 0x0, 0x0,
    0x0, 0x0, 0x0, 0x0, 0x0, 0x7, 0xff, 0xfb,
    0x0, 0x0, 0x0, 0x0, 0x0, 0x0, 0x0, 0x4,
    0xff, 0xf8, 0x0, 0x0, 0x0, 0x0, 0x0, 0x0,
    0x0, 0x0, 0x36, 0x50, 0x0, 0x0, 0x0, 0x0,

    /* U+F068 "" */
    0x2, 0x22, 0x22, 0x22, 0x22, 0x22, 0x22, 0x22,
    0x22, 0x0, 0xbf, 0xff, 0xff, 0xff, 0xff, 0xff,
    0xff, 0xff, 0xff, 0xe1, 0xff, 0xff, 0xff, 0xff,
    0xff, 0xff, 0xff, 0xff, 0xff, 0xf3, 0xff, 0xff,
    0xff, 0xff, 0xff, 0xff, 0xff, 0xff, 0xff, 0xf3,
    0x8f, 0xff, 0xff, 0xff, 0xff, 0xff, 0xff, 0xff,
    0xff, 0xb0,

    /* U+F06E "" */
    0x0, 0x0, 0x0, 0x0, 0x0, 0x23, 0x43, 0x10,
    0x0, 0x0, 0x0, 0x0, 0x0, 0x0, 0x0, 0x0,
    0x5b, 0xff, 0xff, 0xff, 0xea, 0x40, 0x0, 0x0,
    0x0, 0x0, 0x0, 0x5, 0xef, 0xff, 0xfd, 0xce,
    0xff, 0xff, 0xc3, 0x0, 0x0, 0x0, 0x0, 0x1b,
    0xff, 0xff, 0x71, 0x0, 0x2, 0x9f, 0xff, 0xf8,
    0x0, 0x0, 0x0, 0x2d, 0xff, 0xfe, 0x20, 0x2,
    0x53, 0x0, 0x5f, 0xff, 0xfb, 0x0, 0x0, 0x1e,
    0xff, 0xff, 0x30, 0x0, 0x6f, 0xfc, 0x10, 0x7f,
    0xff, 0xfb, 0x0, 0xc, 0xff, 0xff, 0xa0, 0x0,
    0x6, 0xff, 0xfc, 0x0, 0xef, 0xff, 0xf8, 0x6,
    0xff, 0xff, 0xf5, 0x1, 0x3, 0xef, 0xff, 0xf4,
    0x9, 0xff, 0xff, 0xf3, 0xef, 0xff, 0xff, 0x30,
    0xbf, 0xff, 0xff, 0xff, 0x70, 0x7f, 0xff, 0xff,
    0xad, 0xff, 0xff, 0xf3, 0xa, 0xff, 0xff, 0xff,
    0xf6, 0x7, 0xff, 0xff, 0xf9, 0x3f, 0xff, 0xff,
    0x60, 0x5f, 0xff, 0xff, 0xff, 0x10, 0xaf, 0xff,
    0xfe, 0x10, 0x8f, 0xff, 0xfc, 0x0, 0xaf, 0xff,
    0xff, 0x60, 0x1f, 0xff, 0xff, 0x50, 0x0, 0xaf,
    0xff, 0xf6, 0x0, 0x6c, 0xdb, 0x40, 0xa, 0xff,
    0xff, 0x70, 0x0, 0x0, 0xaf, 0xff, 0xf6, 0x0,
    0x0, 0x0, 0x9, 0xff, 0xff, 0x70, 0x0, 0x0,
    0x0, 0x6f, 0xff, 0xfc, 0x52, 0x12, 0x6d, 0xff,
    0xfe, 0x40, 0x0, 0x0, 0x0, 0x0, 0x19, 0xff,
    0xff, 0xff, 0xff, 0xff, 0xf8, 0x0, 0x0, 0x0,
    0x0, 0x0, 0x0, 0x1, 0x5a, 0xde, 0xfe, 0xd9,
    0x50, 0x0, 0x0, 0x0, 0x0,

    /* U+F070 "" */
    0x0, 0x0, 0x0, 0x0, 0x0, 0x0, 0x0, 0x0,
    0x0, 0x0, 0x0, 0x0, 0x0, 0x0, 0x4e, 0x70,
    0x0, 0x0, 0x0, 0x0, 0x0, 0x0, 0x0, 0x0,
    0x0, 0x0, 0x0, 0x0, 0xef, 0xfb, 0x0, 0x0,
    0x0, 0x0, 0x0, 0x0, 0x0, 0x0, 0x0, 0x0,
    0x0, 0x0, 0x6f, 0xff, 0xd2, 0x0, 0x0, 0x0,
    0x24, 0x32, 0x0, 0x0, 0x0, 0x0, 0x0, 0x0,
    0x3, 0xef, 0xff, 0x60, 0x28, 0xcf, 0xff, 0xff,
    0xfb, 0x60, 0x0, 0x0, 0x0, 0x0, 0x0, 0x1b,
    0xff, 0xfc, 0xff, 0xff, 0xec, 0xdf, 0xff, 0xfe,
    0x70, 0x0, 0x0, 0x0, 0x0, 0x0, 0x8f, 0xff,
    0xff, 0xa3, 0x0, 0x0, 0x6e, 0xff, 0xfc, 0x20,
    0x0, 0x0, 0x0, 0x0, 0x4, 0xef, 0xff, 0x70,
    0x15, 0x40, 0x1, 0xdf, 0xff, 0xe3, 0x0, 0x0,
    0x0, 0x1, 0x0, 0x1c, 0xff, 0xfb, 0x1f, 0xfe,
    0x50, 0x2f, 0xff, 0xff, 0x20, 0x0, 0x0, 0x7e,
    0x30, 0x0, 0x9f, 0xff, 0xef, 0xff, 0xf3, 0x8,
    0xff, 0xff, 0xd0, 0x0, 0x2, 0xff, 0xf6, 0x0,
    0x5, 0xff, 0xff, 0xff, 0xfa, 0x3, 0xff, 0xff,
    0xf8, 0x0, 0x8, 0xff, 0xff, 0xa0, 0x0, 0x2d,
    0xff, 0xff, 0xfd, 0x1, 0xff, 0xff, 0xff, 0x0,
    0x6, 0xff, 0xff, 0xfa, 0x0, 0x0, 0xaf, 0xff,
    0xfb, 0x2, 0xff, 0xff, 0xfe, 0x0, 0x0, 0xdf,
    0xff, 0xfd, 0x0, 0x0, 0x6, 0xff, 0xff, 0x55,
    0xff, 0xff, 0xf5, 0x0, 0x0, 0x2f, 0xff, 0xff,
    0x40, 0x0, 0x0, 0x3d, 0xff, 0xfe, 0xff, 0xff,
    0x90, 0x0, 0x0, 0x4, 0xff, 0xff, 0xd0, 0x0,
    0x0, 0x0, 0xbf, 0xff, 0xff, 0xfb, 0x0, 0x0,
    0x0, 0x0, 0x4f, 0xff, 0xfb, 0x10, 0x0, 0x0,
    0x7, 0xff, 0xff, 0xc0, 0x0, 0x0, 0x0, 0x0,
    0x2, 0xdf, 0xff, 0xe8, 0x31, 0x20, 0x0, 0x3e,
    0xff, 0xf6, 0x0, 0x0, 0x0, 0x0, 0x0, 0x6,
    0xef, 0xff, 0xff, 0xfb, 0x0, 0x1, 0xbf, 0xff,
    0xa0, 0x0, 0x0, 0x0, 0x0, 0x0, 0x4, 0x9c,
    0xef, 0xfd, 0x80, 0x0, 0x8, 0xff, 0xfd, 0x20,
    0x0, 0x0, 0x0, 0x0, 0x0, 0x0, 0x0, 0x0,
    0x0, 0x0, 0x0, 0x4e, 0xff, 0xf3, 0x0, 0x0,
    0x0, 0x0, 0x0, 0x0, 0x0, 0x0, 0x0, 0x0,
    0x0, 0x1, 0xcf, 0xf4, 0x0, 0x0, 0x0, 0x0,
    0x0, 0x0, 0x0, 0x0, 0x0, 0x0, 0x0, 0x0,
    0x8, 0x60,

    /* U+F071 "" */
    0x0, 0x0, 0x0, 0x0, 0x0, 0x0, 0x0, 0x0,
    0x0, 0x0, 0x0, 0x0, 0x0, 0x0, 0x0, 0x0,
    0x0, 0x0, 0x0, 0x1d, 0xfb, 0x0, 0x0, 0x0,
    0x0, 0x0, 0x0, 0x0, 0x0, 0x0, 0x0, 0x0,
    0xb, 0xff, 0xf7, 0x0, 0x0, 0x0, 0x0, 0x0,
    0x0, 0x0, 0x0, 0x0, 0x0, 0x4, 0xff, 0xff,
    0xf1, 0x0, 0x0, 0x0, 0x0, 0x0, 0x0, 0x0,
    0x0, 0x0, 0x0, 0xdf, 0xff, 0xff, 0xa0, 0x0,
    0x0, 0x0, 0x0, 0x0, 0x0, 0x0, 0x0, 0x0,
    0x7f, 0xff, 0xff, 0xff, 0x30, 0x0, 0x0, 0x0,
    0x0, 0x0, 0x0, 0x0, 0x0, 0x1f, 0xff, 0xff,
    0xff, 0xfc, 0x0, 0x0, 0x0, 0x0, 0x0, 0x0,
    0x0, 0x0, 0xa, 0xff, 0xff, 0xff, 0xff, 0xf6,
    0x0, 0x0, 0x0, 0x0, 0x0, 0x0, 0x0, 0x3,
    0xff, 0xfd, 0x88, 0x8f, 0xff, 0xe0, 0x0, 0x0,
    0x0, 0x0, 0x0, 0x0, 0x0, 0xcf, 0xff, 0x80,
    0x0, 0xcf, 0xff, 0x80, 0x0, 0x0, 0x0, 0x0,
    0x0, 0x0, 0x6f, 0xff, 0xf9, 0x0, 0xd, 0xff,
    0xff, 0x20, 0x0, 0x0, 0x0, 0x0, 0x0, 0xe,
    0xff, 0xff, 0xa0, 0x0, 0xef, 0xff, 0xfb, 0x0,
    0x0, 0x0, 0x0, 0x0, 0x8, 0xff, 0xff, 0xfb,
    0x0, 0xf, 0xff, 0xff, 0xf4, 0x0, 0x0, 0x0,
    0x0, 0x2, 0xff, 0xff, 0xff, 0xc0, 0x0, 0xff,
    0xff, 0xff, 0xd0, 0x0, 0x0, 0x0, 0x0, 0xbf,
    0xff, 0xff, 0xfd, 0x0, 0x1f, 0xff, 0xff, 0xff,
    0x70, 0x0, 0x0, 0x0, 0x4f, 0xff, 0xff, 0xff,
    0xfd, 0xcd, 0xff, 0xff, 0xff, 0xff, 0x10, 0x0,
    0x0, 0xd, 0xff, 0xff, 0xff, 0xfe, 0x30, 0x6f,
    0xff, 0xff, 0xff, 0xfa, 0x0, 0x0, 0x7, 0xff,
    0xff, 0xff, 0xff, 0x80, 0x0, 0xbf, 0xff, 0xff,
    0xff, 0xf3, 0x0, 0x1, 0xff, 0xff, 0xff, 0xff,
    0xf8, 0x0, 0xc, 0xff, 0xff, 0xff, 0xff, 0xc0,
    0x0, 0x9f, 0xff, 0xff, 0xff, 0xff, 0xf4, 0x17,
    0xff, 0xff, 0xff, 0xff, 0xff, 0x50, 0xf, 0xff,
    0xff, 0xff, 0xff, 0xff, 0xff, 0xff, 0xff, 0xff,
    0xff, 0xff, 0xfb, 0x0, 0xdf, 0xff, 0xff, 0xff,
    0xff, 0xff, 0xff, 0xff, 0xff, 0xff, 0xff, 0xff,
    0x90, 0x2, 0xbc, 0xcc, 0xcc, 0xcc, 0xcc, 0xcc,
    0xcc, 0xcc, 0xcc, 0xcc, 0xcc, 0x90, 0x0,

    /* U+F074 "" */
    0x0, 0x0, 0x0, 0x0, 0x0, 0x0, 0x0, 0x0,
    0x0, 0x0, 0x0, 0x0, 0x0, 0x0, 0x0, 0x0,
    0x0, 0x0, 0x0, 0x3c, 0x50, 0x0, 0x0, 0x0,
    0x0, 0x0, 0x0, 0x0, 0x0, 0x0, 0x7f, 0xf5,
    0x0, 0x12, 0x22, 0x20, 0x0, 0x0, 0x0, 0x0,
    0x22, 0x9f, 0xff, 0x50, 0xff, 0xff, 0xfe, 0x20,
    0x0, 0x0, 0xc, 0xff, 0xff, 0xff, 0xf5, 0xff,
    0xff, 0xff, 0xe2, 0x0, 0x0, 0xcf, 0xff, 0xff,
    0xff, 0xff, 0xff, 0xff, 0xff, 0xfd, 0x10, 0xb,
    0xff, 0xff, 0xff, 0xff, 0xf8, 0x45, 0x55, 0xbf,
    0xff, 0x60, 0xaf, 0xff, 0xd5, 0xaf, 0xff, 0x80,
    0x0, 0x0, 0xb, 0xf8, 0xa, 0xff, 0xfe, 0x10,
    0x8f, 0xf8, 0x0, 0x0, 0x0, 0x0, 0x70, 0x9f,
    0xff, 0xe2, 0x0, 0x4f, 0x80, 0x0, 0x0, 0x0,
    0x0, 0x8, 0xff, 0xfe, 0x20, 0x0, 0x0, 0x0,
    0x0, 0x0, 0x0, 0x0, 0x7f, 0xff, 0xf3, 0x10,
    0x0, 0x2a, 0x30, 0x0, 0x0, 0x0, 0x6, 0xff,
    0xff, 0x41, 0xda, 0x0, 0x7f, 0xf3, 0x0, 0x0,
    0x0, 0x5f, 0xff, 0xf4, 0xc, 0xff, 0x90, 0x8f,
    0xff, 0x30, 0xef, 0xff, 0xff, 0xff, 0x50, 0x2e,
    0xff, 0xff, 0xff, 0xff, 0xf3, 0xff, 0xff, 0xff,
    0xf6, 0x0, 0x2, 0xef, 0xff, 0xff, 0xff, 0xfe,
    0xff, 0xff, 0xff, 0x70, 0x0, 0x0, 0x3f, 0xff,
    0xff, 0xff, 0xfa, 0x67, 0x77, 0x75, 0x0, 0x0,
    0x0, 0x3, 0x77, 0xbf, 0xff, 0xa0, 0x0, 0x0,
    0x0, 0x0, 0x0, 0x0, 0x0, 0x0, 0x8f, 0xfa,
    0x0, 0x0, 0x0, 0x0, 0x0, 0x0, 0x0, 0x0,
    0x0, 0x6f, 0xa0, 0x0, 0x0, 0x0, 0x0, 0x0,
    0x0, 0x0, 0x0, 0x0, 0x2, 0x0, 0x0,

    /* U+F077 "" */
    0x0, 0x0, 0x0, 0x0, 0x4e, 0x70, 0x0, 0x0,
    0x0, 0x0, 0x0, 0x0, 0x0, 0x4f, 0xff, 0x70,
    0x0, 0x0, 0x0, 0x0, 0x0, 0x0, 0x4f, 0xff,
    0xff, 0x70, 0x0, 0x0, 0x0, 0x0, 0x0, 0x4f,
    0xff, 0xff, 0xff, 0x70, 0x0, 0x0, 0x0, 0x0,
    0x4f, 0xff, 0xfc, 0xff, 0xff, 0x70, 0x0, 0x0,
    0x0, 0x4f, 0xff, 0xfa, 0x5, 0xff, 0xff, 0x70,
    0x0, 0x0, 0x4f, 0xff, 0xfa, 0x0, 0x5, 0xff,
    0xff, 0x70, 0x0, 0x4f, 0xff, 0xf9, 0x0, 0x0,
    0x6, 0xff, 0xff, 0x70, 0x3f, 0xff, 0xf9, 0x0,
    0x0, 0x0, 0x6, 0xff, 0xff, 0x7a, 0xff, 0xf9,
    0x0, 0x0, 0x0, 0x0, 0x6, 0xff, 0xff, 0x2e,
    0xf9, 0x0, 0x0, 0x0, 0x0, 0x0, 0x6, 0xff,
    0x50, 0x25, 0x0, 0x0, 0x0, 0x0, 0x0, 0x0,
    0x4, 0x40,

    /* U+F078 "" */
    0x9, 0xd3, 0x0, 0x0, 0x0, 0x0, 0x0, 0x1,
    0xcb, 0x18, 0xff, 0xe3, 0x0, 0x0, 0x0, 0x0,
    0x1, 0xcf, 0xfc, 0x9f, 0xff, 0xe3, 0x0, 0x0,
    0x0, 0x1, 0xcf, 0xff, 0xd0, 0xbf, 0xff, 0xe3,
    0x0, 0x0, 0x1, 0xcf, 0xff, 0xd1, 0x0, 0xbf,
    0xff, 0xe3, 0x0, 0x1, 0xcf, 0xff, 0xd1, 0x0,
    0x0, 0xbf, 0xff, 0xe3, 0x1, 0xcf, 0xff, 0xd1,
    0x0, 0x0, 0x0, 0xbf, 0xff, 0xe4, 0xcf, 0xff,
    0xd1, 0x0, 0x0, 0x0, 0x0, 0xbf, 0xff, 0xff,
    0xff, 0xd1, 0x0, 0x0, 0x0, 0x0, 0x0, 0xbf,
    0xff, 0xff, 0xd1, 0x0, 0x0, 0x0, 0x0, 0x0,
    0x0, 0xbf, 0xff, 0xd1, 0x0, 0x0, 0x0, 0x0,
    0x0, 0x0, 0x0, 0xbf, 0xd1, 0x0, 0x0, 0x0,
    0x0, 0x0, 0x0, 0x0, 0x0, 0x61, 0x0, 0x0,
    0x0, 0x0,

    /* U+F079 "" */
    0x0, 0x0, 0x27, 0x10, 0x0, 0x0, 0x0, 0x0,
    0x0, 0x0, 0x0, 0x0, 0x0, 0x0, 0x0, 0x2,
    0xef, 0xd1, 0x0, 0x0, 0x0, 0x0, 0x0, 0x0,
    0x0, 0x0, 0x0, 0x0, 0x0, 0x2e, 0xff, 0xfd,
    0x10, 0x3f, 0xff, 0xff, 0xff, 0xff, 0xff, 0xe0,
    0x0, 0x0, 0x2, 0xef, 0xff, 0xff, 0xd1, 0x3f,
    0xff, 0xff, 0xff, 0xff, 0xff, 0xf1, 0x0, 0x0,
    0x2e, 0xff, 0xff, 0xff, 0xfd, 0x15, 0xbb, 0xbb,
    0xbb, 0xbb, 0xef, 0xf1, 0x0, 0x0, 0xdf, 0xfb,
    0xef, 0xdc, 0xff, 0xb0, 0x0, 0x0, 0x0, 0x0,
    0xaf, 0xf1, 0x0, 0x0, 0x9f, 0xc0, 0xef, 0xd1,
    0xdf, 0x70, 0x0, 0x0, 0x0, 0x0, 0xaf, 0xf1,
    0x0, 0x0, 0x3, 0x0, 0xef, 0xd0, 0x3, 0x0,
    0x0, 0x0, 0x0, 0x0, 0xaf, 0xf1, 0x0, 0x0,
    0x0, 0x0, 0xef, 0xd0, 0x0, 0x0, 0x0, 0x0,
    0x0, 0x0, 0xaf, 0xf1, 0x0, 0x0, 0x0, 0x0,
    0xef, 0xd0, 0x0, 0x0, 0x0, 0x0, 0x0, 0x0,
    0xaf, 0xf1, 0x0, 0x0, 0x0, 0x0, 0xef, 0xd0,
    0x0, 0x0, 0x0, 0x0, 0x7, 0x50, 0xaf, 0xf1,
    0x19, 0x30, 0x0, 0x0, 0xef, 0xd0, 0x0, 0x0,
    0x0, 0x0, 0x8f, 0xf6, 0xaf, 0xf3, 0xdf, 0xe0,
    0x0, 0x0, 0xef, 0xd0, 0x0, 0x0, 0x0, 0x0,
    0x5f, 0xff, 0xef, 0xfe, 0xff, 0xd0, 0x0, 0x0,
    0xef, 0xff, 0xff, 0xff, 0xff, 0xfc, 0x16, 0xff,
    0xff, 0xff, 0xfd, 0x10, 0x0, 0x0, 0xef, 0xff,
    0xff, 0xff, 0xff, 0xff, 0x80, 0x6f, 0xff, 0xff,
    0xd1, 0x0, 0x0, 0x0, 0x6b, 0xbb, 0xbb, 0xbb,
    0xbb, 0xba, 0x30, 0x6, 0xff, 0xfd, 0x10, 0x0,
    0x0, 0x0, 0x0, 0x0, 0x0, 0x0, 0x0, 0x0,
    0x0, 0x0, 0x6f, 0xc1, 0x0, 0x0, 0x0, 0x0,
    0x0, 0x0, 0x0, 0x0, 0x0, 0x0, 0x0, 0x0,
    0x2, 0x0, 0x0, 0x0,

    /* U+F07B "" */
    0x5, 0x78, 0x88, 0x88, 0x71, 0x0, 0x0, 0x0,
    0x0, 0x0, 0x0, 0xaf, 0xff, 0xff, 0xff, 0xfd,
    0x10, 0x0, 0x0, 0x0, 0x0, 0x0, 0xff, 0xff,
    0xff, 0xff, 0xff, 0xd1, 0x0, 0x0, 0x0, 0x0,
    0x0, 0xff, 0xff, 0xff, 0xff, 0xff, 0xfe, 0xcc,
    0xcc, 0xcc, 0xcb, 0x91, 0xff, 0xff, 0xff, 0xff,
    0xff, 0xff, 0xff, 0xff, 0xff, 0xff, 0xfc, 0xff,
    0xff, 0xff, 0xff, 0xff, 0xff, 0xff, 0xff, 0xff,
    0xff, 0xff, 0xff, 0xff, 0xff, 0xff, 0xff, 0xff,
    0xff, 0xff, 0xff, 0xff, 0xff, 0xff, 0xff, 0xff,
    0xff, 0xff, 0xff, 0xff, 0xff, 0xff, 0xff, 0xff,
    0xff, 0xff, 0xff, 0xff, 0xff, 0xff, 0xff, 0xff,
    0xff, 0xff, 0xff, 0xff, 0xff, 0xff, 0xff, 0xff,
    0xff, 0xff, 0xff, 0xff, 0xff, 0xff, 0xff, 0xff,
    0xff, 0xff, 0xff, 0xff, 0xff, 0xff, 0xff, 0xff,
    0xff, 0xff, 0xff, 0xff, 0xff, 0xff, 0xff, 0xff,
    0xff, 0xff, 0xff, 0xff, 0xff, 0xff, 0xff, 0xff,
    0xff, 0xff, 0xff, 0xff, 0xff, 0xff, 0xff, 0xff,
    0xff, 0xff, 0xff, 0xff, 0xff, 0xff, 0xff, 0xff,
    0xff, 0xff, 0xff, 0xff, 0xff, 0xff, 0xff, 0xff,
    0xff, 0xff, 0xff, 0xff, 0xff, 0xef, 0xff, 0xff,
    0xff, 0xff, 0xff, 0xff, 0xff, 0xff, 0xff, 0xfd,
    0x4e, 0xff, 0xff, 0xff, 0xff, 0xff, 0xff, 0xff,
    0xff, 0xff, 0xe4,

    /* U+F093 "" */
    0x0, 0x0, 0x0, 0x0, 0x0, 0x0, 0x0, 0x0,
    0x0, 0x0, 0x0, 0x0, 0x0, 0x0, 0x0, 0x3,
    0xfc, 0x10, 0x0, 0x0, 0x0, 0x0, 0x0, 0x0,
    0x0, 0x0, 0x3f, 0xff, 0xc1, 0x0, 0x0, 0x0,
    0x0, 0x0, 0x0, 0x0, 0x3, 0xff, 0xff, 0xfc,
    0x10, 0x0, 0x0, 0x0, 0x0, 0x0, 0x0, 0x3f,
    0xff, 0xff, 0xff, 0xc1, 0x0, 0x0, 0x0, 0x0,
    0x0, 0x3, 0xff, 0xff, 0xff, 0xff, 0xfc, 0x10,
    0x0, 0x0, 0x0, 0x0, 0x3f, 0xff, 0xff, 0xff,
    0xff, 0xff, 0xc1, 0x0, 0x0, 0x0, 0x3, 0xff,
    0xff, 0xff, 0xff, 0xff, 0xff, 0xfc, 0x0, 0x0,
    0x0, 0x6, 0xff, 0xff, 0xff, 0xff, 0xff, 0xff,
    0xff, 0x10, 0x0, 0x0, 0x0, 0x11, 0x11, 0xef,
    0xff, 0xf9, 0x11, 0x10, 0x0, 0x0, 0x0, 0x0,
    0x0, 0x0, 0xef, 0xff, 0xf9, 0x0, 0x0, 0x0,
    0x0, 0x0, 0x0, 0x0, 0x0, 0xef, 0xff, 0xf9,
    0x0, 0x0, 0x0, 0x0, 0x0, 0x0, 0x0, 0x0,
    0xef, 0xff, 0xf9, 0x0, 0x0, 0x0, 0x0, 0x0,
    0x0, 0x0, 0x0, 0xef, 0xff, 0xf9, 0x0, 0x0,
    0x0, 0x0, 0x0, 0x0, 0x0, 0x0, 0xef, 0xff,
    0xf9, 0x0, 0x0, 0x0, 0x0, 0x0, 0x0, 0x0,
    0x0, 0xef, 0xff, 0xf9, 0x0, 0x0, 0x0, 0x0,
    0xcf, 0xff, 0xff, 0xe0, 0xdf, 0xff, 0xf8, 0xe,
    0xff, 0xff, 0xfc, 0xff, 0xff, 0xff, 0xf3, 0x26,
    0x66, 0x50, 0x3f, 0xff, 0xff, 0xff, 0xff, 0xff,
    0xff, 0xfe, 0x52, 0x22, 0x25, 0xef, 0xff, 0xff,
    0xff, 0xff, 0xff, 0xff, 0xff, 0xff, 0xff, 0xff,
    0xff, 0xff, 0xff, 0xff, 0xff, 0xff, 0xff, 0xff,
    0xff, 0xff, 0xff, 0xf1, 0x6e, 0xb, 0xff, 0xff,
    0xff, 0xff, 0xff, 0xff, 0xff, 0xff, 0xf6, 0xaf,
    0x5d, 0xff, 0xbf, 0xff, 0xff, 0xff, 0xff, 0xff,
    0xff, 0xff, 0xff, 0xff, 0xfb,

    /* U+F095 "" */
    0x0, 0x0, 0x0, 0x0, 0x0, 0x0, 0x0, 0x0,
    0x2, 0x0, 0x0, 0x0, 0x0, 0x0, 0x0, 0x0,
    0x0, 0x0, 0x0, 0x7, 0xff, 0xc8, 0x51, 0x0,
    0x0, 0x0, 0x0, 0x0, 0x0, 0x0, 0x0, 0xef,
    0xff, 0xff, 0xe0, 0x0, 0x0, 0x0, 0x0, 0x0,
    0x0, 0x0, 0x5f, 0xff, 0xff, 0xff, 0x0, 0x0,
    0x0, 0x0, 0x0, 0x0, 0x0, 0xc, 0xff, 0xff,
    0xff, 0xe0, 0x0, 0x0, 0x0, 0x0, 0x0, 0x0,
    0x3, 0xff, 0xff, 0xff, 0xfd, 0x0, 0x0, 0x0,
    0x0, 0x0, 0x0, 0x0, 0x8f, 0xff, 0xff, 0xff,
    0xa0, 0x0, 0x0, 0x0, 0x0, 0x0, 0x0, 0x2,
    0xdf, 0xff, 0xff, 0xf7, 0x0, 0x0, 0x0, 0x0,
    0x0, 0x0, 0x0, 0x1, 0xcf, 0xff, 0xff, 0x30,
    0x0, 0x0, 0x0, 0x0, 0x0, 0x0, 0x0, 0x0,
    0xdf, 0xff, 0xd0, 0x0, 0x0, 0x0, 0x0, 0x0,
    0x0, 0x0, 0x0, 0x3f, 0xff, 0xf8, 0x0, 0x0,
    0x0, 0x0, 0x0, 0x0, 0x0, 0x0, 0xc, 0xff,
    0xff, 0x10, 0x0, 0x0, 0x0, 0x0, 0x0, 0x0,
    0x0, 0x8, 0xff, 0xff, 0x80, 0x0, 0x0, 0x0,
    0x0, 0x0, 0x0, 0x0, 0x5, 0xff, 0xff, 0xd0,
    0x0, 0x0, 0x0, 0x5, 0xb8, 0x0, 0x0, 0x6,
    0xff, 0xff, 0xf3, 0x0, 0x0, 0x1, 0x7e, 0xff,
    0xf6, 0x0, 0x8, 0xff, 0xff, 0xf6, 0x0, 0x0,
    0x9, 0xff, 0xff, 0xff, 0xf4, 0x4d, 0xff, 0xff,
    0xf8, 0x0, 0x0, 0x0, 0xef, 0xff, 0xff, 0xff,
    0xff, 0xff, 0xff, 0xf8, 0x0, 0x0, 0x0, 0xb,
    0xff, 0xff, 0xff, 0xff, 0xff, 0xff, 0xf6, 0x0,
    0x0, 0x0, 0x0, 0x7f, 0xff, 0xff, 0xff, 0xff,
    0xff, 0xc2, 0x0, 0x0, 0x0, 0x0, 0x4, 0xff,
    0xff, 0xff, 0xff, 0xfe, 0x60, 0x0, 0x0, 0x0,
    0x0, 0x0, 0xf, 0xff, 0xff, 0xff, 0xb5, 0x0,
    0x0, 0x0, 0x0, 0x0, 0x0, 0x0, 0x7b, 0xb9,
    0x74, 0x0, 0x0, 0x0, 0x0, 0x0, 0x0, 0x0,
    0x0,

    /* U+F0C4 "" */
    0x1, 0x8c, 0xda, 0x20, 0x0, 0x0, 0x0, 0x0,
    0x20, 0x0, 0x1d, 0xff, 0xff, 0xf3, 0x0, 0x0,
    0x0, 0x8f, 0xff, 0x80, 0xaf, 0xff, 0xff, 0xfd,
    0x0, 0x0, 0xa, 0xff, 0xff, 0xf1, 0xef, 0xe1,
    0xc, 0xff, 0x20, 0x0, 0xbf, 0xff, 0xfe, 0x30,
    0xff, 0xd0, 0xa, 0xff, 0x30, 0xb, 0xff, 0xff,
    0xe3, 0x0, 0xbf, 0xfc, 0xbf, 0xff, 0x10, 0xcf,
    0xff, 0xfe, 0x30, 0x0, 0x3f, 0xff, 0xff, 0xff,
    0xdc, 0xff, 0xff, 0xe3, 0x0, 0x0, 0x3, 0xdf,
    0xff, 0xff, 0xff, 0xff, 0xfe, 0x20, 0x0, 0x0,
    0x0, 0x1, 0x2d, 0xff, 0xff, 0xff, 0xe2, 0x0,
    0x0, 0x0, 0x0, 0x0, 0x2, 0xff, 0xff, 0xff,
    0x30, 0x0, 0x0, 0x0, 0x0, 0x0, 0xb, 0xff,
    0xff, 0xff, 0xc0, 0x0, 0x0, 0x0, 0x1, 0x8c,
    0xef, 0xff, 0xff, 0xff, 0xfc, 0x0, 0x0, 0x0,
    0x1d, 0xff, 0xff, 0xff, 0xff, 0xff, 0xff, 0xc0,
    0x0, 0x0, 0xaf, 0xff, 0xff, 0xff, 0x33, 0xef,
    0xff, 0xfc, 0x0, 0x0, 0xef, 0xe1, 0xc, 0xff,
    0x20, 0x2e, 0xff, 0xff, 0xc1, 0x0, 0xff, 0xd0,
    0xa, 0xff, 0x30, 0x2, 0xef, 0xff, 0xfc, 0x10,
    0xbf, 0xfc, 0xbf, 0xff, 0x0, 0x0, 0x1d, 0xff,
    0xff, 0xc0, 0x3f, 0xff, 0xff, 0xf7, 0x0, 0x0,
    0x1, 0xcf, 0xff, 0xd1, 0x3, 0xdf, 0xfe, 0x60,
    0x0, 0x0, 0x0, 0x4, 0x75, 0x0, 0x0, 0x1,
    0x10, 0x0, 0x0, 0x0, 0x0, 0x0, 0x0, 0x0,

    /* U+F0C5 "" */
    0x0, 0x0, 0x0, 0x12, 0x22, 0x22, 0x22, 0x1,
    0x0, 0x0, 0x0, 0x0, 0x3, 0xff, 0xff, 0xff,
    0xfe, 0xe, 0x60, 0x0, 0x0, 0x0, 0x5, 0xff,
    0xff, 0xff, 0xfe, 0xe, 0xf6, 0x0, 0x0, 0x0,
    0x5, 0xff, 0xff, 0xff, 0xfe, 0xe, 0xff, 0x70,
    0x1, 0x22, 0x5, 0xff, 0xff, 0xff, 0xfe, 0xe,
    0xff, 0xf2, 0xdf, 0xff, 0x25, 0xff, 0xff, 0xff,
    0xff, 0x10, 0x0, 0x0, 0xff, 0xff, 0x25, 0xff,
    0xff, 0xff, 0xff, 0xff, 0xff, 0xf3, 0xff, 0xff,
    0x25, 0xff, 0xff, 0xff, 0xff, 0xff, 0xff, 0xf3,
    0xff, 0xff, 0x25, 0xff, 0xff, 0xff, 0xff, 0xff,
    0xff, 0xf3, 0xff, 0xff, 0x25, 0xff, 0xff, 0xff,
    0xff, 0xff, 0xff, 0xf3, 0xff, 0xff, 0x25, 0xff,
    0xff, 0xff, 0xff, 0xff, 0xff, 0xf3, 0xff, 0xff,
    0x25, 0xff, 0xff, 0xff, 0xff, 0xff, 0xff, 0xf3,
    0xff, 0xff, 0x25, 0xff, 0xff, 0xff, 0xff, 0xff,
    0xff, 0xf3, 0xff, 0xff, 0x25, 0xff, 0xff, 0xff,
    0xff, 0xff, 0xff, 0xf3, 0xff, 0xff, 0x25, 0xff,
    0xff, 0xff, 0xff, 0xff, 0xff, 0xf3, 0xff, 0xff,
    0x25, 0xff, 0xff, 0xff, 0xff, 0xff, 0xff, 0xf3,
    0xff, 0xff, 0x25, 0xff, 0xff, 0xff, 0xff, 0xff,
    0xff, 0xf3, 0xff, 0xff, 0x24, 0xff, 0xff, 0xff,
    0xff, 0xff, 0xff, 0xf2, 0xff, 0xff, 0x50, 0x56,
    0x66, 0x66, 0x66, 0x66, 0x66, 0x50, 0xff, 0xff,
    0xe4, 0x0, 0x0, 0x0, 0x0, 0x0, 0x0, 0x0,
    0xff, 0xff, 0xff, 0xff, 0xff, 0xff, 0xfe, 0x0,
    0x0, 0x0, 0xff, 0xff, 0xff, 0xff, 0xff, 0xff,
    0xfe, 0x0, 0x0, 0x0, 0x8b, 0xcc, 0xcc, 0xcc,
    0xcc, 0xcc, 0xb7, 0x0, 0x0, 0x0,

    /* U+F0C7 "" */
    0x2a, 0xcc, 0xcc, 0xcc, 0xcc, 0xcc, 0xcc, 0x91,
    0x0, 0x0, 0xcf, 0xff, 0xff, 0xff, 0xff, 0xff,
    0xff, 0xfd, 0x10, 0x0, 0xff, 0xff, 0xff, 0xff,
    0xff, 0xff, 0xff, 0xff, 0xd1, 0x0, 0xff, 0xc0,
    0x0, 0x0, 0x0, 0x0, 0x3, 0xff, 0xfd, 0x10,
    0xff, 0xc0, 0x0, 0x0, 0x0, 0x0, 0x1, 0xff,
    0xff, 0xd0, 0xff, 0xc0, 0x0, 0x0, 0x0, 0x0,
    0x1, 0xff, 0xff, 0xf5, 0xff, 0xc0, 0x0, 0x0,
    0x0, 0x0, 0x1, 0xff, 0xff, 0xf6, 0xff, 0xc0,
    0x0, 0x0, 0x0, 0x0, 0x1, 0xff, 0xff, 0xf6,
    0xff, 0xfb, 0xbb, 0xbb, 0xbb, 0xbb, 0xbc, 0xff,
    0xff, 0xf6, 0xff, 0xff, 0xff, 0xff, 0xff, 0xff,
    0xff, 0xff, 0xff, 0xf6, 0xff, 0xff, 0xff, 0xff,
    0xff, 0xff, 0xff, 0xff, 0xff, 0xf6, 0xff, 0xff,
    0xff, 0xfe, 0x51, 0x3b, 0xff, 0xff, 0xff, 0xf6,
    0xff, 0xff, 0xff, 0xf3, 0x0, 0x0, 0xcf, 0xff,
    0xff, 0xf6, 0xff, 0xff, 0xff, 0xe0, 0x0, 0x0,
    0x8f, 0xff, 0xff, 0xf6, 0xff, 0xff, 0xff, 0xf0,
    0x0, 0x0, 0x9f, 0xff, 0xff, 0xf6, 0xff, 0xff,
    0xff, 0xf9, 0x0, 0x4, 0xff, 0xff, 0xff, 0xf6,
    0xff, 0xff, 0xff, 0xff, 0xda, 0xbf, 0xff, 0xff,
    0xff, 0xf6, 0xef, 0xff, 0xff, 0xff, 0xff, 0xff,
    0xff, 0xff, 0xff, 0xf5, 0x6f, 0xff, 0xff, 0xff,
    0xff, 0xff, 0xff, 0xff, 0xff, 0xb0, 0x0, 0x22,
    0x22, 0x22, 0x22, 0x22, 0x22, 0x22, 0x21, 0x0,

    /* U+F0C9 "" */
    0xce, 0xee, 0xee, 0xee, 0xee, 0xee, 0xee, 0xee,
    0xee, 0xd1, 0xff, 0xff, 0xff, 0xff, 0xff, 0xff,
    0xff, 0xff, 0xff, 0xf4, 0xff, 0xff, 0xff, 0xff,
    0xff, 0xff, 0xff, 0xff, 0xff, 0xf3, 0x13, 0x33,
    0x33, 0x33, 0x33, 0x33, 0x33, 0x33, 0x33, 0x20,
    0x0, 0x0, 0x0, 0x0, 0x0, 0x0, 0x0, 0x0,
    0x0, 0x0, 0x0, 0x0, 0x0, 0x0, 0x0, 0x0,
    0x0, 0x0, 0x0, 0x0, 0x0, 0x0, 0x0, 0x0,
    0x0, 0x0, 0x0, 0x0, 0x0, 0x0, 0xdf, 0xff,
    0xff, 0xff, 0xff, 0xff, 0xff, 0xff, 0xff, 0xe2,
    0xff, 0xff, 0xff, 0xff, 0xff, 0xff, 0xff, 0xff,
    0xff, 0xf4, 0xff, 0xff, 0xff, 0xff, 0xff, 0xff,
    0xff, 0xff, 0xff, 0xf3, 0x12, 0x22, 0x22, 0x22,
    0x22, 0x22, 0x22, 0x22, 0x22, 0x10, 0x0, 0x0,
    0x0, 0x0, 0x0, 0x0, 0x0, 0x0, 0x0, 0x0,
    0x0, 0x0, 0x0, 0x0, 0x0, 0x0, 0x0, 0x0,
    0x0, 0x0, 0x0, 0x0, 0x0, 0x0, 0x0, 0x0,
    0x0, 0x0, 0x0, 0x0, 0xdf, 0xff, 0xff, 0xff,
    0xff, 0xff, 0xff, 0xff, 0xff, 0xe2, 0xff, 0xff,
    0xff, 0xff, 0xff, 0xff, 0xff, 0xff, 0xff, 0xf4,
    0xff, 0xff, 0xff, 0xff, 0xff, 0xff, 0xff, 0xff,
    0xff, 0xf3, 0x12, 0x22, 0x22, 0x22, 0x22, 0x22,
    0x22, 0x22, 0x22, 0x10,

    /* U+F0E0 "" */
    0x2, 0x44, 0x44, 0x44, 0x44, 0x44, 0x44, 0x44,
    0x44, 0x44, 0x20, 0x7f, 0xff, 0xff, 0xff, 0xff,
    0xff, 0xff, 0xff, 0xff, 0xff, 0xf7, 0xff, 0xff,
    0xff, 0xff, 0xff, 0xff, 0xff, 0xff, 0xff, 0xff,
    0xff, 0xff, 0xff, 0xff, 0xff, 0xff, 0xff, 0xff,
    0xff, 0xff, 0xff, 0xff, 0x7f, 0xff, 0xff, 0xff,
    0xff, 0xff, 0xff, 0xff, 0xff, 0xff, 0xf7, 0x4,
    0xef, 0xff, 0xff, 0xff, 0xff, 0xff, 0xff, 0xff,
    0xfe, 0x40, 0xb1, 0x1b, 0xff, 0xff, 0xff, 0xff,
    0xff, 0xff, 0xff, 0xb1, 0x3e, 0xfe, 0x50, 0x7f,
    0xff, 0xff, 0xff, 0xff, 0xff, 0xf7, 0x7, 0xff,
    0xff, 0xfa, 0x3, 0xef, 0xff, 0xff, 0xff, 0xfe,
    0x31, 0xbf, 0xff, 0xff, 0xff, 0xd3, 0x1b, 0xff,
    0xff, 0xff, 0xb1, 0x4e, 0xff, 0xff, 0xff, 0xff,
    0xff, 0x80, 0x6f, 0xff, 0xf6, 0x9, 0xff, 0xff,
    0xff, 0xff, 0xff, 0xff, 0xfb, 0x12, 0x99, 0x22,
    0xcf, 0xff, 0xff, 0xff, 0xff, 0xff, 0xff, 0xff,
    0xf8, 0x33, 0x8f, 0xff, 0xff, 0xff, 0xff, 0xff,
    0xff, 0xff, 0xff, 0xff, 0xff, 0xff, 0xff, 0xff,
    0xff, 0xff, 0xff, 0xff, 0xff, 0xff, 0xff, 0xff,
    0xff, 0xff, 0xff, 0xff, 0xff, 0xef, 0xff, 0xff,
    0xff, 0xff, 0xff, 0xff, 0xff, 0xff, 0xff, 0xfd,
    0x4e, 0xff, 0xff, 0xff, 0xff, 0xff, 0xff, 0xff,
    0xff, 0xff, 0xe4,

    /* U+F0E7 "" */
    0x0, 0x3, 0x44, 0x44, 0x43, 0x0, 0x0, 0x0,
    0x8, 0xff, 0xff, 0xff, 0xf8, 0x0, 0x0, 0x0,
    0xbf, 0xff, 0xff, 0xff, 0x60, 0x0, 0x0, 0xd,
    0xff, 0xff, 0xff, 0xf1, 0x0, 0x0, 0x0, 0xff,
    0xff, 0xff, 0xfc, 0x0, 0x0, 0x0, 0x2f, 0xff,
    0xff, 0xff, 0x70, 0x0, 0x0, 0x4, 0xff, 0xff,
    0xff, 0xf2, 0x0, 0x0, 0x0, 0x6f, 0xff, 0xff,
    0xfe, 0x66, 0x66, 0x51, 0x8, 0xff, 0xff, 0xff,
    0xff, 0xff, 0xff, 0xa0, 0xaf, 0xff, 0xff, 0xff,
    0xff, 0xff, 0xf6, 0xc, 0xff, 0xff, 0xff, 0xff,
    0xff, 0xfd, 0x0, 0xff, 0xff, 0xff, 0xff, 0xff,
    0xff, 0x40, 0xd, 0xff, 0xff, 0xff, 0xff, 0xff,
    0xb0, 0x0, 0x1, 0x22, 0x22, 0xff, 0xff, 0xf2,
    0x0, 0x0, 0x0, 0x0, 0x2f, 0xff, 0xf8, 0x0,
    0x0, 0x0, 0x0, 0x6, 0xff, 0xfe, 0x0, 0x0,
    0x0, 0x0, 0x0, 0xaf, 0xff, 0x60, 0x0, 0x0,
    0x0, 0x0, 0xe, 0xff, 0xc0, 0x0, 0x0, 0x0,
    0x0, 0x2, 0xff, 0xf3, 0x0, 0x0, 0x0, 0x0,
    0x0, 0x5f, 0xfa, 0x0, 0x0, 0x0, 0x0, 0x0,
    0x9, 0xff, 0x10, 0x0, 0x0, 0x0, 0x0, 0x0,
    0xcf, 0x70, 0x0, 0x0, 0x0, 0x0, 0x0, 0x6,
    0x90, 0x0, 0x0, 0x0, 0x0,

    /* U+F0EA "" */
    0x0, 0x0, 0x0, 0x10, 0x0, 0x0, 0x0, 0x0,
    0x0, 0x0, 0x0, 0x0, 0x1c, 0xff, 0x90, 0x0,
    0x0, 0x0, 0x0, 0x0, 0x8c, 0xcc, 0xdf, 0xbc,
    0xfc, 0xcc, 0xc6, 0x0, 0x0, 0x0, 0xff, 0xff,
    0xfe, 0x1, 0xff, 0xff, 0xfc, 0x0, 0x0, 0x0,
    0xff, 0xff, 0xff, 0xde, 0xff, 0xff, 0xfc, 0x0,
    0x0, 0x0, 0xff, 0xff, 0xff, 0xff, 0xff, 0xff,
    0xfc, 0x0, 0x0, 0x0, 0xff, 0xff, 0xff, 0x92,
    0x0, 0x0, 0x0, 0x0, 0x0, 0x0, 0xff, 0xff,
    0xfc, 0x1, 0x22, 0x22, 0x22, 0x1, 0x0, 0x0,
    0xff, 0xff, 0xf8, 0xe, 0xff, 0xff, 0xfc, 0xe,
    0x60, 0x0, 0xff, 0xff, 0xf8, 0x1f, 0xff, 0xff,
    0xfc, 0xe, 0xf6, 0x0, 0xff, 0xff, 0xf8, 0x1f,
    0xff, 0xff, 0xfc, 0xe, 0xff, 0x70, 0xff, 0xff,
    0xf8, 0x1f, 0xff, 0xff, 0xfc, 0xe, 0xff, 0xf2,
    0xff, 0xff, 0xf8, 0x1f, 0xff, 0xff, 0xfe, 0x10,
    0x0, 0x0, 0xff, 0xff, 0xf8, 0x1f, 0xff, 0xff,
    0xff, 0xff, 0xff, 0xf3, 0xff, 0xff, 0xf8, 0x1f,
    0xff, 0xff, 0xff, 0xff, 0xff, 0xf3, 0xff, 0xff,
    0xf8, 0x1f, 0xff, 0xff, 0xff, 0xff, 0xff, 0xf3,
    0xff, 0xff, 0xf8, 0x1f, 0xff, 0xff, 0xff, 0xff,
    0xff, 0xf3, 0xff, 0xff, 0xf8, 0x1f, 0xff, 0xff,
    0xff, 0xff, 0xff, 0xf3, 0x58, 0x88, 0x84, 0x1f,
    0xff, 0xff, 0xff, 0xff, 0xff, 0xf3, 0x0, 0x0,
    0x0, 0x1f, 0xff, 0xff, 0xff, 0xff, 0xff, 0xf3,
    0x0, 0x0, 0x0, 0x1f, 0xff, 0xff, 0xff, 0xff,
    0xff, 0xf3, 0x0, 0x0, 0x0, 0x1f, 0xff, 0xff,
    0xff, 0xff, 0xff, 0xf3, 0x0, 0x0, 0x0, 0x8,
    0xaa, 0xaa, 0xaa, 0xaa, 0xaa, 0x80,

    /* U+F0F3 "" */
    0x0, 0x0, 0x0, 0x0, 0x0, 0x0, 0x0, 0x0,
    0x0, 0x0, 0x0, 0x0, 0x0, 0x0, 0x6f, 0xa0,
    0x0, 0x0, 0x0, 0x0, 0x0, 0x0, 0x0, 0x0,
    0xbf, 0xf0, 0x0, 0x0, 0x0, 0x0, 0x0, 0x0,
    0x0, 0x28, 0xef, 0xf9, 0x40, 0x0, 0x0, 0x0,
    0x0, 0x0, 0x8, 0xff, 0xff, 0xff, 0xfb, 0x10,
    0x0, 0x0, 0x0, 0x0, 0xaf, 0xff, 0xff, 0xff,
    0xff, 0xc0, 0x0, 0x0, 0x0, 0x5, 0xff, 0xff,
    0xff, 0xff, 0xff, 0xf8, 0x0, 0x0, 0x0, 0xd,
    0xff, 0xff, 0xff, 0xff, 0xff, 0xff, 0x0, 0x0,
    0x0, 0x1f, 0xff, 0xff, 0xff, 0xff, 0xff, 0xff,
    0x50, 0x0, 0x0, 0x3f, 0xff, 0xff, 0xff, 0xff,
    0xff, 0xff, 0x70, 0x0, 0x0, 0x4f, 0xff, 0xff,
    0xff, 0xff, 0xff, 0xff, 0x80, 0x0, 0x0, 0x5f,
    0xff, 0xff, 0xff, 0xff, 0xff, 0xff, 0x90, 0x0,
    0x0, 0x8f, 0xff, 0xff, 0xff, 0xff, 0xff, 0xff,
    0xc0, 0x0, 0x0, 0xcf, 0xff, 0xff, 0xff, 0xff,
    0xff, 0xff, 0xf0, 0x0, 0x2, 0xff, 0xff, 0xff,
    0xff, 0xff, 0xff, 0xff, 0xf6, 0x0, 0xb, 0xff,
    0xff, 0xff, 0xff, 0xff, 0xff, 0xff, 0xfe, 0x10,
    0x9f, 0xff, 0xff, 0xff, 0xff, 0xff, 0xff, 0xff,
    0xff, 0xc0, 0xff, 0xff, 0xff, 0xff, 0xff, 0xff,
    0xff, 0xff, 0xff, 0xf3, 0x6c, 0xdd, 0xdd, 0xdd,
    0xdd, 0xdd, 0xdd, 0xdd, 0xdd, 0x90, 0x0, 0x0,
    0x0, 0x0, 0x0, 0x0, 0x0, 0x0, 0x0, 0x0,
    0x0, 0x0, 0x0, 0xf, 0xff, 0xff, 0x40, 0x0,
    0x0, 0x0, 0x0, 0x0, 0x0, 0x9, 0xff, 0xfd,
    0x0, 0x0, 0x0, 0x0, 0x0, 0x0, 0x0, 0x0,
    0x7b, 0x81, 0x0, 0x0, 0x0, 0x0,

    /* U+F11C "" */
    0x19, 0xbb, 0xbb, 0xbb, 0xbb, 0xbb, 0xbb, 0xbb,
    0xbb, 0xbb, 0xbb, 0xb7, 0xc, 0xff, 0xff, 0xff,
    0xff, 0xff, 0xff, 0xff, 0xff, 0xff, 0xff, 0xff,
    0xf7, 0xff, 0xff, 0xff, 0xff, 0xff, 0xff, 0xff,
    0xff, 0xff, 0xff, 0xff, 0xff, 0xbf, 0xfd, 0x0,
    0x8f, 0x10, 0x7f, 0x10, 0x5f, 0x30, 0x3f, 0x50,
    0x1f, 0xfc, 0xff, 0xc0, 0x7, 0xe0, 0x6, 0xf0,
    0x4, 0xf2, 0x2, 0xf4, 0x0, 0xff, 0xcf, 0xfc,
    0x0, 0x8f, 0x0, 0x7f, 0x10, 0x5f, 0x30, 0x3f,
    0x50, 0x1f, 0xfc, 0xff, 0xff, 0xff, 0xff, 0xff,
    0xff, 0xff, 0xff, 0xff, 0xff, 0xff, 0xff, 0xcf,
    0xff, 0xfe, 0x66, 0xbf, 0x66, 0xaf, 0x76, 0x8f,
    0x86, 0x7f, 0xff, 0xfc, 0xff, 0xff, 0xd0, 0x6,
    0xf0, 0x5, 0xf1, 0x3, 0xf3, 0x1, 0xff, 0xff,
    0xcf, 0xff, 0xfd, 0x0, 0x7f, 0x0, 0x5f, 0x10,
    0x3f, 0x30, 0x1f, 0xff, 0xfc, 0xff, 0xff, 0xff,
    0xff, 0xff, 0xff, 0xff, 0xff, 0xff, 0xff, 0xff,
    0xff, 0xcf, 0xfe, 0x66, 0xcf, 0x76, 0x66, 0x66,
    0x66, 0x66, 0x9f, 0xa6, 0x7f, 0xfc, 0xff, 0xc0,
    0x7, 0xe0, 0x0, 0x0, 0x0, 0x0, 0x2, 0xf4,
    0x0, 0xff, 0xcf, 0xfc, 0x0, 0x7e, 0x0, 0x0,
    0x0, 0x0, 0x0, 0x2f, 0x40, 0xf, 0xfc, 0xff,
    0xfc, 0xce, 0xfc, 0xcc, 0xcc, 0xcc, 0xcc, 0xcd,
    0xfd, 0xcc, 0xff, 0xbd, 0xff, 0xff, 0xff, 0xff,
    0xff, 0xff, 0xff, 0xff, 0xff, 0xff, 0xff, 0xf9,
    0x4e, 0xff, 0xff, 0xff, 0xff, 0xff, 0xff, 0xff,
    0xff, 0xff, 0xff, 0xfc, 0x10,

    /* U+F124 "" */
    0x0, 0x0, 0x0, 0x0, 0x0, 0x0, 0x0, 0x0,
    0x0, 0x0, 0x21, 0x0, 0x0, 0x0, 0x0, 0x0,
    0x0, 0x0, 0x0, 0x0, 0x0, 0x5c, 0xff, 0x50,
    0x0, 0x0, 0x0, 0x0, 0x0, 0x0, 0x0, 0x0,
    0x6d, 0xff, 0xff, 0xe0, 0x0, 0x0, 0x0, 0x0,
    0x0, 0x0, 0x1, 0x7e, 0xff, 0xff, 0xff, 0xd0,
    0x0, 0x0, 0x0, 0x0, 0x0, 0x2, 0x9f, 0xff,
    0xff, 0xff, 0xff, 0x60, 0x0, 0x0, 0x0, 0x0,
    0x3, 0xaf, 0xff, 0xff, 0xff, 0xff, 0xfe, 0x0,
    0x0, 0x0, 0x0, 0x4, 0xbf, 0xff, 0xff, 0xff,
    0xff, 0xff, 0xf8, 0x0, 0x0, 0x0, 0x5, 0xdf,
    0xff, 0xff, 0xff, 0xff, 0xff, 0xff, 0xf1, 0x0,
    0x0, 0x7, 0xef, 0xff, 0xff, 0xff, 0xff, 0xff,
    0xff, 0xff, 0x90, 0x0, 0x4, 0xef, 0xff, 0xff,
    0xff, 0xff, 0xff, 0xff, 0xff, 0xff, 0x20, 0x0,
    0xe, 0xff, 0xff, 0xff, 0xff, 0xff, 0xff, 0xff,
    0xff, 0xfa, 0x0, 0x0, 0xe, 0xff, 0xff, 0xff,
    0xff, 0xff, 0xff, 0xff, 0xff, 0xf3, 0x0, 0x0,
    0x5, 0xff, 0xff, 0xff, 0xff, 0xff, 0xff, 0xff,
    0xff, 0xc0, 0x0, 0x0, 0x0, 0x1, 0x22, 0x22,
    0x22, 0x7f, 0xff, 0xff, 0xff, 0x40, 0x0, 0x0,
    0x0, 0x0, 0x0, 0x0, 0x0, 0x6f, 0xff, 0xff,
    0xfd, 0x0, 0x0, 0x0, 0x0, 0x0, 0x0, 0x0,
    0x0, 0x6f, 0xff, 0xff, 0xf6, 0x0, 0x0, 0x0,
    0x0, 0x0, 0x0, 0x0, 0x0, 0x6f, 0xff, 0xff,
    0xe0, 0x0, 0x0, 0x0, 0x0, 0x0, 0x0, 0x0,
    0x0, 0x6f, 0xff, 0xff, 0x70, 0x0, 0x0, 0x0,
    0x0, 0x0, 0x0, 0x0, 0x0, 0x6f, 0xff, 0xff,
    0x0, 0x0, 0x0, 0x0, 0x0, 0x0, 0x0, 0x0,
    0x0, 0x6f, 0xff, 0xf8, 0x0, 0x0, 0x0, 0x0,
    0x0, 0x0, 0x0, 0x0, 0x0, 0x5f, 0xff, 0xf1,
    0x0, 0x0, 0x0, 0x0, 0x0, 0x0, 0x0, 0x0,
    0x0, 0x2f, 0xff, 0x90, 0x0, 0x0, 0x0, 0x0,
    0x0, 0x0, 0x0, 0x0, 0x0, 0x5, 0xb8, 0x0,
    0x0, 0x0, 0x0, 0x0,

    /* U+F15B "" */
    0x37, 0x77, 0x77, 0x77, 0x74, 0x5, 0x0, 0x0,
    0xf, 0xff, 0xff, 0xff, 0xff, 0xa0, 0xfa, 0x0,
    0x0, 0xff, 0xff, 0xff, 0xff, 0xfa, 0xf, 0xfa,
    0x0, 0xf, 0xff, 0xff, 0xff, 0xff, 0xa0, 0xff,
    0xfa, 0x0, 0xff, 0xff, 0xff, 0xff, 0xfa, 0xf,
    0xff, 0xfa, 0xf, 0xff, 0xff, 0xff, 0xff, 0xa0,
    0xff, 0xff, 0xf6, 0xff, 0xff, 0xff, 0xff, 0xfa,
    0x0, 0x0, 0x0, 0xf, 0xff, 0xff, 0xff, 0xff,
    0xe3, 0x22, 0x22, 0x21, 0xff, 0xff, 0xff, 0xff,
    0xff, 0xff, 0xff, 0xff, 0x8f, 0xff, 0xff, 0xff,
    0xff, 0xff, 0xff, 0xff, 0xf8, 0xff, 0xff, 0xff,
    0xff, 0xff, 0xff, 0xff, 0xff, 0x8f, 0xff, 0xff,
    0xff, 0xff, 0xff, 0xff, 0xff, 0xf8, 0xff, 0xff,
    0xff, 0xff, 0xff, 0xff, 0xff, 0xff, 0x8f, 0xff,
    0xff, 0xff, 0xff, 0xff, 0xff, 0xff, 0xf8, 0xff,
    0xff, 0xff, 0xff, 0xff, 0xff, 0xff, 0xff, 0x8f,
    0xff, 0xff, 0xff, 0xff, 0xff, 0xff, 0xff, 0xf8,
    0xff, 0xff, 0xff, 0xff, 0xff, 0xff, 0xff, 0xff,
    0x8f, 0xff, 0xff, 0xff, 0xff, 0xff, 0xff, 0xff,
    0xf8, 0xff, 0xff, 0xff, 0xff, 0xff, 0xff, 0xff,
    0xff, 0x8f, 0xff, 0xff, 0xff, 0xff, 0xff, 0xff,
    0xff, 0xf8, 0xff, 0xff, 0xff, 0xff, 0xff, 0xff,
    0xff, 0xff, 0x8f, 0xff, 0xff, 0xff, 0xff, 0xff,
    0xff, 0xff, 0xf7, 0xbf, 0xff, 0xff, 0xff, 0xff,
    0xff, 0xff, 0xfe, 0x40,

    /* U+F1EB "" */
    0x0, 0x0, 0x0, 0x0, 0x0, 0x0, 0x0, 0x0,
    0x0, 0x0, 0x0, 0x0, 0x0, 0x0, 0x0, 0x0,
    0x0, 0x0, 0x26, 0x9c, 0xde, 0xdc, 0xb8, 0x50,
    0x0, 0x0, 0x0, 0x0, 0x0, 0x0, 0x1, 0x8d,
    0xff, 0xff, 0xff, 0xff, 0xff, 0xff, 0xb5, 0x0,
    0x0, 0x0, 0x0, 0x1, 0x9f, 0xff, 0xff, 0xff,
    0xff, 0xff, 0xff, 0xff, 0xff, 0xd5, 0x0, 0x0,
    0x0, 0x6f, 0xff, 0xff, 0xff, 0xdb, 0x99, 0x9a,
    0xcf, 0xff, 0xff, 0xff, 0xb1, 0x0, 0xa, 0xff,
    0xff, 0xfc, 0x61, 0x0, 0x0, 0x0, 0x0, 0x39,
    0xef, 0xff, 0xfe, 0x40, 0xcf, 0xff, 0xfb, 0x30,
    0x0, 0x0, 0x0, 0x0, 0x0, 0x0, 0x7, 0xff,
    0xff, 0xf4, 0xaf, 0xff, 0x60, 0x0, 0x0, 0x0,
    0x0, 0x0, 0x0, 0x0, 0x0, 0x1b, 0xff, 0xf2,
    0xa, 0xd2, 0x0, 0x0, 0x4, 0x9c, 0xef, 0xed,
    0xb6, 0x20, 0x0, 0x0, 0x8e, 0x30, 0x0, 0x0,
    0x0, 0x6, 0xef, 0xff, 0xff, 0xff, 0xff, 0xfa,
    0x20, 0x0, 0x0, 0x0, 0x0, 0x0, 0x2, 0xcf,
    0xff, 0xff, 0xff, 0xff, 0xff, 0xff, 0xf7, 0x0,
    0x0, 0x0, 0x0, 0x0, 0x1f, 0xff, 0xff, 0xfb,
    0x87, 0x89, 0xdf, 0xff, 0xff, 0x80, 0x0, 0x0,
    0x0, 0x0, 0xb, 0xff, 0xe6, 0x0, 0x0, 0x0,
    0x3, 0xaf, 0xff, 0x40, 0x0, 0x0, 0x0, 0x0,
    0x0, 0xba, 0x10, 0x0, 0x0, 0x0, 0x0, 0x5,
    0xd4, 0x0, 0x0, 0x0, 0x0, 0x0, 0x0, 0x0,
    0x0, 0x0, 0x1, 0x0, 0x0, 0x0, 0x0, 0x0,
    0x0, 0x0, 0x0, 0x0, 0x0, 0x0, 0x0, 0x1,
    0xcf, 0xf6, 0x0, 0x0, 0x0, 0x0, 0x0, 0x0,
    0x0, 0x0, 0x0, 0x0, 0x0, 0xb, 0xff, 0xff,
    0x30, 0x0, 0x0, 0x0, 0x0, 0x0, 0x0, 0x0,
    0x0, 0x0, 0x0, 0xf, 0xff, 0xff, 0x70, 0x0,
    0x0, 0x0, 0x0, 0x0, 0x0, 0x0, 0x0, 0x0,
    0x0, 0xd, 0xff, 0xff, 0x50, 0x0, 0x0, 0x0,
    0x0, 0x0, 0x0, 0x0, 0x0, 0x0, 0x0, 0x3,
    0xff, 0xfa, 0x0, 0x0, 0x0, 0x0, 0x0, 0x0,
    0x0, 0x0, 0x0, 0x0, 0x0, 0x0, 0x15, 0x30,
    0x0, 0x0, 0x0, 0x0, 0x0, 0x0,

    /* U+F240 "" */
    0x0, 0x0, 0x0, 0x0, 0x0, 0x0, 0x0, 0x0,
    0x0, 0x0, 0x0, 0x0, 0x0, 0x0, 0x4e, 0xff,
    0xff, 0xff, 0xff, 0xff, 0xff, 0xff, 0xff, 0xff,
    0xff, 0xff, 0xf6, 0x0, 0xef, 0xff, 0xff, 0xff,
    0xff, 0xff, 0xff, 0xff, 0xff, 0xff, 0xff, 0xff,
    0xff, 0x0, 0xff, 0xeb, 0xbb, 0xbb, 0xbb, 0xbb,
    0xbb, 0xbb, 0xbb, 0xbb, 0xbb, 0xbd, 0xff, 0x50,
    0xff, 0xc0, 0x0, 0x0, 0x0, 0x0, 0x0, 0x0,
    0x0, 0x0, 0x0, 0x7, 0xff, 0xf9, 0xff, 0xc0,
    0xef, 0xff, 0xff, 0xff, 0xff, 0xff, 0xff, 0xff,
    0xff, 0x7, 0xff, 0xfa, 0xff, 0xc0, 0xef, 0xff,
    0xff, 0xff, 0xff, 0xff, 0xff, 0xff, 0xff, 0x3,
    0x7f, 0xfa, 0xff, 0xc0, 0xef, 0xff, 0xff, 0xff,
    0xff, 0xff, 0xff, 0xff, 0xff, 0x0, 0x1f, 0xfa,
    0xff, 0xc0, 0xef, 0xff, 0xff, 0xff, 0xff, 0xff,
    0xff, 0xff, 0xff, 0x0, 0x1f, 0xfa, 0xff, 0xc0,
    0xef, 0xff, 0xff, 0xff, 0xff, 0xff, 0xff, 0xff,
    0xff, 0x5, 0xdf, 0xfa, 0xff, 0xc0, 0x78, 0x88,
    0x88, 0x88, 0x88, 0x88, 0x88, 0x88, 0x88, 0x7,
    0xff, 0xfa, 0xff, 0xc0, 0x0, 0x0, 0x0, 0x0,
    0x0, 0x0, 0x0, 0x0, 0x0, 0x7, 0xff, 0xf6,
    0xff, 0xff, 0xff, 0xff, 0xff, 0xff, 0xff, 0xff,
    0xff, 0xff, 0xff, 0xff, 0xff, 0x10, 0xcf, 0xff,
    0xff, 0xff, 0xff, 0xff, 0xff, 0xff, 0xff, 0xff,
    0xff, 0xff, 0xfe, 0x0, 0x19, 0xbb, 0xbb, 0xbb,
    0xbb, 0xbb, 0xbb, 0xbb, 0xbb, 0xbb, 0xbb, 0xbb,
    0x92, 0x0,

    /* U+F241 "" */
    0x0, 0x0, 0x0, 0x0, 0x0, 0x0, 0x0, 0x0,
    0x0, 0x0, 0x0, 0x0, 0x0, 0x0, 0x4e, 0xff,
    0xff, 0xff, 0xff, 0xff, 0xff, 0xff, 0xff, 0xff,
    0xff, 0xff, 0xf6, 0x0, 0xef, 0xff, 0xff, 0xff,
    0xff, 0xff, 0xff, 0xff, 0xff, 0xff, 0xff, 0xff,
    0xff, 0x0, 0xff, 0xeb, 0xbb, 0xbb, 0xbb, 0xbb,
    0xbb, 0xbb, 0xbb, 0xbb, 0xbb, 0xbd, 0xff, 0x50,
    0xff, 0xc0, 0x0, 0x0, 0x0, 0x0, 0x0, 0x0,
    0x0, 0x0, 0x0, 0x7, 0xff, 0xf9, 0xff, 0xc0,
    0xef, 0xff, 0xff, 0xff, 0xff, 0xff, 0xfd, 0x0,
    0x0, 0x7, 0xff, 0xfa, 0xff, 0xc0, 0xef, 0xff,
    0xff, 0xff, 0xff, 0xff, 0xfd, 0x0, 0x0, 0x3,
    0x7f, 0xfa, 0xff, 0xc0, 0xef, 0xff, 0xff, 0xff,
    0xff, 0xff, 0xfd, 0x0, 0x0, 0x0, 0x1f, 0xfa,
    0xff, 0xc0, 0xef, 0xff, 0xff, 0xff, 0xff, 0xff,
    0xfd, 0x0, 0x0, 0x0, 0x1f, 0xfa, 0xff, 0xc0,
    0xef, 0xff, 0xff, 0xff, 0xff, 0xff, 0xfd, 0x0,
    0x0, 0x5, 0xdf, 0xfa, 0xff, 0xc0, 0x78, 0x88,
    0x88, 0x88, 0x88, 0x88, 0x86, 0x0, 0x0, 0x7,
    0xff, 0xfa, 0xff, 0xc0, 0x0, 0x0, 0x0, 0x0,
    0x0, 0x0, 0x0, 0x0, 0x0, 0x7, 0xff, 0xf6,
    0xff, 0xff, 0xff, 0xff, 0xff, 0xff, 0xff, 0xff,
    0xff, 0xff, 0xff, 0xff, 0xff, 0x10, 0xcf, 0xff,
    0xff, 0xff, 0xff, 0xff, 0xff, 0xff, 0xff, 0xff,
    0xff, 0xff, 0xfe, 0x0, 0x19, 0xbb, 0xbb, 0xbb,
    0xbb, 0xbb, 0xbb, 0xbb, 0xbb, 0xbb, 0xbb, 0xbb,
    0x92, 0x0,

    /* U+F242 "" */
    0x0, 0x0, 0x0, 0x0, 0x0, 0x0, 0x0, 0x0,
    0x0, 0x0, 0x0, 0x0, 0x0, 0x0, 0x4e, 0xff,
    0xff, 0xff, 0xff, 0xff, 0xff, 0xff, 0xff, 0xff,
    0xff, 0xff, 0xf6, 0x0, 0xef, 0xff, 0xff, 0xff,
    0xff, 0xff, 0xff, 0xff, 0xff, 0xff, 0xff, 0xff,
    0xff, 0x0, 0xff, 0xeb, 0xbb, 0xbb, 0xbb, 0xbb,
    0xbb, 0xbb, 0xbb, 0xbb, 0xbb, 0xbd, 0xff, 0x50,
    0xff, 0xc0, 0x0, 0x0, 0x0, 0x0, 0x0, 0x0,
    0x0, 0x0, 0x0, 0x7, 0xff, 0xf9, 0xff, 0xc0,
    0xef, 0xff, 0xff, 0xff, 0xfb, 0x0, 0x0, 0x0,
    0x0, 0x7, 0xff, 0xfa, 0xff, 0xc0, 0xef, 0xff,
    0xff, 0xff, 0xfb, 0x0, 0x0, 0x0, 0x0, 0x3,
    0x7f, 0xfa, 0xff, 0xc0, 0xef, 0xff, 0xff, 0xff,
    0xfb, 0x0, 0x0, 0x0, 0x0, 0x0, 0x1f, 0xfa,
    0xff, 0xc0, 0xef, 0xff, 0xff, 0xff, 0xfb, 0x0,
    0x0, 0x0, 0x0, 0x0, 0x1f, 0xfa, 0xff, 0xc0,
    0xef, 0xff, 0xff, 0xff, 0xfb, 0x0, 0x0, 0x0,
    0x0, 0x5, 0xdf, 0xfa, 0xff, 0xc0, 0x78, 0x88,
    0x88, 0x88, 0x85, 0x0, 0x0, 0x0, 0x0, 0x7,
    0xff, 0xfa, 0xff, 0xc0, 0x0, 0x0, 0x0, 0x0,
    0x0, 0x0, 0x0, 0x0, 0x0, 0x7, 0xff, 0xf6,
    0xff, 0xff, 0xff, 0xff, 0xff, 0xff, 0xff, 0xff,
    0xff, 0xff, 0xff, 0xff, 0xff, 0x10, 0xcf, 0xff,
    0xff, 0xff, 0xff, 0xff, 0xff, 0xff, 0xff, 0xff,
    0xff, 0xff, 0xfe, 0x0, 0x19, 0xbb, 0xbb, 0xbb,
    0xbb, 0xbb, 0xbb, 0xbb, 0xbb, 0xbb, 0xbb, 0xbb,
    0x92, 0x0,

    /* U+F243 "" */
    0x0, 0x0, 0x0, 0x0, 0x0, 0x0, 0x0, 0x0,
    0x0, 0x0, 0x0, 0x0, 0x0, 0x0, 0x4e, 0xff,
    0xff, 0xff, 0xff, 0xff, 0xff, 0xff, 0xff, 0xff,
    0xff, 0xff, 0xf6, 0x0, 0xef, 0xff, 0xff, 0xff,
    0xff, 0xff, 0xff, 0xff, 0xff, 0xff, 0xff, 0xff,
    0xff, 0x0, 0xff, 0xeb, 0xbb, 0xbb, 0xbb, 0xbb,
    0xbb, 0xbb, 0xbb, 0xbb, 0xbb, 0xbd, 0xff, 0x50,
    0xff, 0xc0, 0x0, 0x0, 0x0, 0x0, 0x0, 0x0,
    0x0, 0x0, 0x0, 0x7, 0xff, 0xf9, 0xff, 0xc0,
    0xef, 0xff, 0xf9, 0x0, 0x0, 0x0, 0x0, 0x0,
    0x0, 0x7, 0xff, 0xfa, 0xff, 0xc0, 0xef, 0xff,
    0xf9, 0x0, 0x0, 0x0, 0x0, 0x0, 0x0, 0x3,
    0x7f, 0xfa, 0xff, 0xc0, 0xef, 0xff, 0xf9, 0x0,
    0x0, 0x0, 0x0, 0x0, 0x0, 0x0, 0x1f, 0xfa,
    0xff, 0xc0, 0xef, 0xff, 0xf9, 0x0, 0x0, 0x0,
    0x0, 0x0, 0x0, 0x0, 0x1f, 0xfa, 0xff, 0xc0,
    0xef, 0xff, 0xf9, 0x0, 0x0, 0x0, 0x0, 0x0,
    0x0, 0x5, 0xdf, 0xfa, 0xff, 0xc0, 0x78, 0x88,
    0x84, 0x0, 0x0, 0x0, 0x0, 0x0, 0x0, 0x7,
    0xff, 0xfa, 0xff, 0xc0, 0x0, 0x0, 0x0, 0x0,
    0x0, 0x0, 0x0, 0x0, 0x0, 0x7, 0xff, 0xf6,
    0xff, 0xff, 0xff, 0xff, 0xff, 0xff, 0xff, 0xff,
    0xff, 0xff, 0xff, 0xff, 0xff, 0x10, 0xcf, 0xff,
    0xff, 0xff, 0xff, 0xff, 0xff, 0xff, 0xff, 0xff,
    0xff, 0xff, 0xfe, 0x0, 0x19, 0xbb, 0xbb, 0xbb,
    0xbb, 0xbb, 0xbb, 0xbb, 0xbb, 0xbb, 0xbb, 0xbb,
    0x92, 0x0,

    /* U+F244 "" */
    0x0, 0x0, 0x0, 0x0, 0x0, 0x0, 0x0, 0x0,
    0x0, 0x0, 0x0, 0x0, 0x0, 0x0, 0x4e, 0xff,
    0xff, 0xff, 0xff, 0xff, 0xff, 0xff, 0xff, 0xff,
    0xff, 0xff, 0xf6, 0x0, 0xef, 0xff, 0xff, 0xff,
    0xff, 0xff, 0xff, 0xff, 0xff, 0xff, 0xff, 0xff,
    0xff, 0x0, 0xff, 0xeb, 0xbb, 0xbb, 0xbb, 0xbb,
    0xbb, 0xbb, 0xbb, 0xbb, 0xbb, 0xbd, 0xff, 0x50,
    0xff, 0xc0, 0x0, 0x0, 0x0, 0x0, 0x0, 0x0,
    0x0, 0x0, 0x0, 0x7, 0xff, 0xf9, 0xff, 0xc0,
    0x0, 0x0, 0x0, 0x0, 0x0, 0x0, 0x0, 0x0,
    0x0, 0x7, 0xff, 0xfa, 0xff, 0xc0, 0x0, 0x0,
    0x0, 0x0, 0x0, 0x0, 0x0, 0x0, 0x0, 0x3,
    0x7f, 0xfa, 0xff, 0xc0, 0x0, 0x0, 0x0, 0x0,
    0x0, 0x0, 0x0, 0x0, 0x0, 0x0, 0x1f, 0xfa,
    0xff, 0xc0, 0x0, 0x0, 0x0, 0x0, 0x0, 0x0,
    0x0, 0x0, 0x0, 0x0, 0x1f, 0xfa, 0xff, 0xc0,
    0x0, 0x0, 0x0, 0x0, 0x0, 0x0, 0x0, 0x0,
    0x0, 0x5, 0xdf, 0xfa, 0xff, 0xc0, 0x0, 0x0,
    0x0, 0x0, 0x0, 0x0, 0x0, 0x0, 0x0, 0x7,
    0xff, 0xfa, 0xff, 0xc0, 0x0, 0x0, 0x0, 0x0,
    0x0, 0x0, 0x0, 0x0, 0x0, 0x7, 0xff, 0xf6,
    0xff, 0xff, 0xff, 0xff, 0xff, 0xff, 0xff, 0xff,
    0xff, 0xff, 0xff, 0xff, 0xff, 0x10, 0xcf, 0xff,
    0xff, 0xff, 0xff, 0xff, 0xff, 0xff, 0xff, 0xff,
    0xff, 0xff, 0xfe, 0x0, 0x19, 0xbb, 0xbb, 0xbb,
    0xbb, 0xbb, 0xbb, 0xbb, 0xbb, 0xbb, 0xbb, 0xbb,
    0x92, 0x0,

    /* U+F287 "" */
    0x0, 0x0, 0x0, 0x0, 0x0, 0x0, 0x0, 0x18,
    0x92, 0x0, 0x0, 0x0, 0x0, 0x0, 0x0, 0x0,
    0x0, 0x0, 0x0, 0x0, 0x12, 0xdf, 0xfe, 0x10,
    0x0, 0x0, 0x0, 0x0, 0x0, 0x0, 0x0, 0x0,
    0x0, 0x1c, 0xff, 0xff, 0xff, 0x50, 0x0, 0x0,
    0x0, 0x0, 0x0, 0x0, 0x0, 0x0, 0x0, 0xcf,
    0x76, 0xff, 0xff, 0x20, 0x0, 0x0, 0x0, 0x0,
    0x0, 0x0, 0x0, 0x0, 0x5, 0xf6, 0x0, 0x4c,
    0xd5, 0x0, 0x0, 0x0, 0x0, 0x0, 0x0, 0x33,
    0x0, 0x0, 0xd, 0xd0, 0x0, 0x0, 0x0, 0x0,
    0x0, 0x0, 0x0, 0x0, 0x1c, 0xff, 0xd2, 0x0,
    0x4f, 0x60, 0x0, 0x0, 0x0, 0x0, 0x0, 0xc,
    0x40, 0x0, 0xaf, 0xff, 0xfc, 0x1, 0xde, 0x0,
    0x0, 0x0, 0x0, 0x0, 0x0, 0x1f, 0xfa, 0x10,
    0xff, 0xff, 0xff, 0xff, 0xff, 0xff, 0xff, 0xff,
    0xff, 0xff, 0xff, 0xff, 0xff, 0xf5, 0xdf, 0xff,
    0xff, 0x88, 0x88, 0x9f, 0xe8, 0x88, 0x88, 0x88,
    0x88, 0x8f, 0xff, 0x91, 0x5f, 0xff, 0xf8, 0x0,
    0x0, 0x7, 0xf3, 0x0, 0x0, 0x0, 0x0, 0xf,
    0xc3, 0x0, 0x4, 0xbb, 0x60, 0x0, 0x0, 0x0,
    0xeb, 0x0, 0x0, 0x0, 0x0, 0x4, 0x0, 0x0,
    0x0, 0x0, 0x0, 0x0, 0x0, 0x0, 0x8f, 0x30,
    0x8, 0x88, 0x83, 0x0, 0x0, 0x0, 0x0, 0x0,
    0x0, 0x0, 0x0, 0x0, 0x1e, 0xc1, 0x2f, 0xff,
    0xf7, 0x0, 0x0, 0x0, 0x0, 0x0, 0x0, 0x0,
    0x0, 0x0, 0x4, 0xff, 0xff, 0xff, 0xf7, 0x0,
    0x0, 0x0, 0x0, 0x0, 0x0, 0x0, 0x0, 0x0,
    0x0, 0x27, 0x9f, 0xff, 0xf7, 0x0, 0x0, 0x0,
    0x0, 0x0, 0x0, 0x0, 0x0, 0x0, 0x0, 0x0,
    0x2f, 0xff, 0xf6, 0x0, 0x0, 0x0, 0x0, 0x0,
    0x0, 0x0, 0x0, 0x0, 0x0, 0x0, 0x0, 0x0,
    0x0, 0x0, 0x0, 0x0,

    /* U+F293 "" */
    0x0, 0x0, 0x0, 0x0, 0x11, 0x0, 0x0, 0x0,
    0x0, 0x0, 0x2, 0x9e, 0xff, 0xff, 0xc7, 0x0,
    0x0, 0x0, 0x7, 0xff, 0xff, 0xdf, 0xff, 0xfd,
    0x20, 0x0, 0x8, 0xff, 0xff, 0xf2, 0xdf, 0xff,
    0xfe, 0x0, 0x3, 0xff, 0xff, 0xff, 0x11, 0xdf,
    0xff, 0xf9, 0x0, 0xaf, 0xff, 0xff, 0xf1, 0x1,
    0xef, 0xff, 0xf0, 0xf, 0xff, 0xff, 0xff, 0x12,
    0x12, 0xef, 0xff, 0x53, 0xff, 0xf4, 0x7f, 0xf1,
    0x3d, 0x13, 0xff, 0xf8, 0x6f, 0xff, 0x40, 0x7f,
    0x13, 0xf5, 0xc, 0xff, 0xb8, 0xff, 0xff, 0x40,
    0x71, 0x35, 0xa, 0xff, 0xfd, 0x9f, 0xff, 0xff,
    0x40, 0x0, 0x8, 0xff, 0xff, 0xea, 0xff, 0xff,
    0xff, 0x30, 0x6, 0xff, 0xff, 0xfe, 0xaf, 0xff,
    0xff, 0xf4, 0x0, 0x6f, 0xff, 0xff, 0xe9, 0xff,
    0xff, 0xf4, 0x0, 0x0, 0x7f, 0xff, 0xfe, 0x8f,
    0xff, 0xf4, 0x6, 0x13, 0x50, 0x8f, 0xff, 0xd6,
    0xff, 0xf4, 0x7, 0xf1, 0x3f, 0x40, 0x9f, 0xfb,
    0x3f, 0xff, 0x47, 0xff, 0x13, 0xd1, 0x1d, 0xff,
    0x90, 0xff, 0xff, 0xff, 0xf1, 0x21, 0x1d, 0xff,
    0xf5, 0xa, 0xff, 0xff, 0xff, 0x20, 0x1d, 0xff,
    0xff, 0x0, 0x2f, 0xff, 0xff, 0xf2, 0x2e, 0xff,
    0xff, 0x80, 0x0, 0x6f, 0xff, 0xff, 0x4e, 0xff,
    0xff, 0xe0, 0x0, 0x0, 0x4e, 0xff, 0xff, 0xff,
    0xff, 0xc2, 0x0, 0x0, 0x0, 0x5, 0x9c, 0xdd,
    0xc9, 0x40, 0x0, 0x0,

    /* U+F2ED "" */
    0x0, 0x0, 0x0, 0x2, 0x22, 0x22, 0x10, 0x0,
    0x0, 0x0, 0x0, 0x0, 0x0, 0xcf, 0xff, 0xff,
    0xe1, 0x0, 0x0, 0x0, 0xac, 0xcc, 0xcd, 0xff,
    0xff, 0xff, 0xfd, 0xcc, 0xcc, 0xc1, 0xff, 0xff,
    0xff, 0xff, 0xff, 0xff, 0xff, 0xff, 0xff, 0xf4,
    0xdf, 0xff, 0xff, 0xff, 0xff, 0xff, 0xff, 0xff,
    0xff, 0xe2, 0x0, 0x0, 0x0, 0x0, 0x0, 0x0,
    0x0, 0x0, 0x0, 0x0, 0x7, 0xcc, 0xcc, 0xcc,
    0xcc, 0xcc, 0xcc, 0xcc, 0xca, 0x0, 0xa, 0xff,
    0xff, 0xff, 0xff, 0xff, 0xff, 0xff, 0xfe, 0x0,
    0xa, 0xff, 0xff, 0xff, 0xff, 0xff, 0xff, 0xff,
    0xfe, 0x0, 0xa, 0xff, 0xe1, 0xef, 0xf2, 0xcf,
    0xf3, 0xbf, 0xfe, 0x0, 0xa, 0xff, 0xd0, 0xdf,
    0xf0, 0xbf, 0xf1, 0x9f, 0xfe, 0x0, 0xa, 0xff,
    0xd0, 0xdf, 0xf0, 0xbf, 0xf1, 0x9f, 0xfe, 0x0,
    0xa, 0xff, 0xd0, 0xdf, 0xf0, 0xbf, 0xf1, 0x9f,
    0xfe, 0x0, 0xa, 0xff, 0xd0, 0xdf, 0xf0, 0xbf,
    0xf1, 0x9f, 0xfe, 0x0, 0xa, 0xff, 0xd0, 0xdf,
    0xf0, 0xbf, 0xf1, 0x9f, 0xfe, 0x0, 0xa, 0xff,
    0xd0, 0xdf, 0xf0, 0xbf, 0xf1, 0x9f, 0xfe, 0x0,
    0xa, 0xff, 0xd0, 0xdf, 0xf0, 0xbf, 0xf1, 0x9f,
    0xfe, 0x0, 0xa, 0xff, 0xd0, 0xdf, 0xf0, 0xbf,
    0xf1, 0x9f, 0xfe, 0x0, 0xa, 0xff, 0xd0, 0xdf,
    0xf0, 0xbf, 0xf1, 0x9f, 0xfe, 0x0, 0xa, 0xff,
    0xe1, 0xef, 0xf1, 0xcf, 0xf3, 0xaf, 0xfe, 0x0,
    0x9, 0xff, 0xff, 0xff, 0xff, 0xff, 0xff, 0xff,
    0xfd, 0x0, 0x6, 0xff, 0xff, 0xff, 0xff, 0xff,
    0xff, 0xff, 0xfa, 0x0, 0x0, 0x7b, 0xcc, 0xcc,
    0xcc, 0xcc, 0xcc, 0xcb, 0x91, 0x0,

    /* U+F304 "" */
    0x0, 0x0, 0x0, 0x0, 0x0, 0x0, 0x0, 0x0,
    0x1, 0x30, 0x0, 0x0, 0x0, 0x0, 0x0, 0x0,
    0x0, 0x0, 0x0, 0x4, 0xff, 0xd1, 0x0, 0x0,
    0x0, 0x0, 0x0, 0x0, 0x0, 0x0, 0x4, 0xff,
    0xff, 0xd1, 0x0, 0x0, 0x0, 0x0, 0x0, 0x0,
    0x0, 0x3, 0xff, 0xff, 0xff, 0xd1, 0x0, 0x0,
    0x0, 0x0, 0x0, 0x0, 0x1, 0xc, 0xff, 0xff,
    0xff, 0xb0, 0x0, 0x0, 0x0, 0x0, 0x0, 0x4,
    0xe4, 0xc, 0xff, 0xff, 0xff, 0x0, 0x0, 0x0,
    0x0, 0x0, 0x4, 0xff, 0xf4, 0xc, 0xff, 0xff,
    0xa0, 0x0, 0x0, 0x0, 0x0, 0x4, 0xff, 0xff,
    0xf4, 0xc, 0xff, 0xb0, 0x0, 0x0, 0x0, 0x0,
    0x4, 0xff, 0xff, 0xff, 0xf4, 0xc, 0xb0, 0x0,
    0x0, 0x0, 0x0, 0x4, 0xff, 0xff, 0xff, 0xff,
    0xf4, 0x0, 0x0, 0x0, 0x0, 0x0, 0x4, 0xff,
    0xff, 0xff, 0xff, 0xff, 0xa0, 0x0, 0x0, 0x0,
    0x0, 0x4, 0xff, 0xff, 0xff, 0xff, 0xff, 0xb0,
    0x0, 0x0, 0x0, 0x0, 0x4, 0xff, 0xff, 0xff,
    0xff, 0xff, 0xb0, 0x0, 0x0, 0x0, 0x0, 0x4,
    0xff, 0xff, 0xff, 0xff, 0xff, 0xb0, 0x0, 0x0,
    0x0, 0x0, 0x4, 0xff, 0xff, 0xff, 0xff, 0xff,
    0xb0, 0x0, 0x0, 0x0, 0x0, 0x4, 0xff, 0xff,
    0xff, 0xff, 0xff, 0xb0, 0x0, 0x0, 0x0, 0x0,
    0x3, 0xff, 0xff, 0xff, 0xff, 0xff, 0xb0, 0x0,
    0x0, 0x0, 0x0, 0x0, 0x8f, 0xff, 0xff, 0xff,
    0xff, 0xb0, 0x0, 0x0, 0x0, 0x0, 0x0, 0xa,
    0xff, 0xff, 0xff, 0xff, 0xb0, 0x0, 0x0, 0x0,
    0x0, 0x0, 0x0, 0xcf, 0xff, 0xff, 0xff, 0xb0,
    0x0, 0x0, 0x0, 0x0, 0x0, 0x0, 0xe, 0xff,
    0xff, 0xff, 0xb0, 0x0, 0x0, 0x0, 0x0, 0x0,
    0x0, 0x0, 0xff, 0xff, 0xff, 0xb0, 0x0, 0x0,
    0x0, 0x0, 0x0, 0x0, 0x0, 0x8, 0xb9, 0x75,
    0x40, 0x0, 0x0, 0x0, 0x0, 0x0, 0x0, 0x0,
    0x0,

    /* U+F55A "" */
    0x0, 0x0, 0x0, 0x2, 0x68, 0x88, 0x88, 0x88,
    0x88, 0x88, 0x88, 0x88, 0x75, 0x0, 0x0, 0x0,
    0x0, 0x5f, 0xff, 0xff, 0xff, 0xff, 0xff, 0xff,
    0xff, 0xff, 0xff, 0xc0, 0x0, 0x0, 0x5, 0xff,
    0xff, 0xff, 0xff, 0xff, 0xff, 0xff, 0xff, 0xff,
    0xff, 0xf5, 0x0, 0x0, 0x5f, 0xff, 0xff, 0xff,
    0xff, 0xff, 0xff, 0xff, 0xff, 0xff, 0xff, 0xf7,
    0x0, 0x5, 0xff, 0xff, 0xff, 0xff, 0x80, 0xcf,
    0xff, 0xc0, 0x8f, 0xff, 0xff, 0xf8, 0x0, 0x5f,
    0xff, 0xff, 0xff, 0xfc, 0x0, 0xc, 0xfc, 0x0,
    0xc, 0xff, 0xff, 0xf8, 0x5, 0xff, 0xff, 0xff,
    0xff, 0xff, 0x50, 0x0, 0x90, 0x0, 0x5f, 0xff,
    0xff, 0xf8, 0x5f, 0xff, 0xff, 0xff, 0xff, 0xff,
    0xf5, 0x0, 0x0, 0x5, 0xff, 0xff, 0xff, 0xf8,
    0xef, 0xff, 0xff, 0xff, 0xff, 0xff, 0xff, 0x40,
    0x0, 0x4f, 0xff, 0xff, 0xff, 0xf8, 0xbf, 0xff,
    0xff, 0xff, 0xff, 0xff, 0xfc, 0x0, 0x0, 0xc,
    0xff, 0xff, 0xff, 0xf8, 0xc, 0xff, 0xff, 0xff,
    0xff, 0xff, 0xc0, 0x0, 0x10, 0x0, 0xcf, 0xff,
    0xff, 0xf8, 0x0, 0xcf, 0xff, 0xff, 0xff, 0xfd,
    0x0, 0x5, 0xf5, 0x0, 0xd, 0xff, 0xff, 0xf8,
    0x0, 0xc, 0xff, 0xff, 0xff, 0xfe, 0x10, 0x5f,
    0xff, 0x50, 0x1e, 0xff, 0xff, 0xf8, 0x0, 0x0,
    0xcf, 0xff, 0xff, 0xff, 0xe8, 0xff, 0xff, 0xf8,
    0xef, 0xff, 0xff, 0xf8, 0x0, 0x0, 0xc, 0xff,
    0xff, 0xff, 0xff, 0xff, 0xff, 0xff, 0xff, 0xff,
    0xff, 0xf7, 0x0, 0x0, 0x0, 0xcf, 0xff, 0xff,
    0xff, 0xff, 0xff, 0xff, 0xff, 0xff, 0xff, 0xf2,
    0x0, 0x0, 0x0, 0x9, 0xef, 0xff, 0xff, 0xff,
    0xff, 0xff, 0xff, 0xff, 0xfd, 0x50,

    /* U+F7C2 "" */
    0x0, 0x0, 0x0, 0x0, 0x0, 0x0, 0x0, 0x0,
    0x0, 0x0, 0x2, 0xef, 0xff, 0xff, 0xff, 0xfe,
    0x70, 0x0, 0x2, 0xef, 0xff, 0xff, 0xff, 0xff,
    0xff, 0x50, 0x2, 0xef, 0xbb, 0xfc, 0xbf, 0xdb,
    0xbf, 0xf9, 0x2, 0xef, 0xd0, 0x2f, 0x40, 0xe7,
    0x1, 0xff, 0xa2, 0xef, 0xfd, 0x2, 0xf4, 0xe,
    0x70, 0x1f, 0xfa, 0xef, 0xff, 0xd0, 0x2f, 0x40,
    0xe7, 0x1, 0xff, 0xaf, 0xff, 0xfd, 0x24, 0xf6,
    0x2e, 0x82, 0x3f, 0xfa, 0xff, 0xff, 0xff, 0xff,
    0xff, 0xff, 0xff, 0xff, 0xaf, 0xff, 0xff, 0xff,
    0xff, 0xff, 0xff, 0xff, 0xfa, 0xff, 0xff, 0xff,
    0xff, 0xff, 0xff, 0xff, 0xff, 0xaf, 0xff, 0xff,
    0xff, 0xff, 0xff, 0xff, 0xff, 0xfa, 0xff, 0xff,
    0xff, 0xff, 0xff, 0xff, 0xff, 0xff, 0xaf, 0xff,
    0xff, 0xff, 0xff, 0xff, 0xff, 0xff, 0xfa, 0xff,
    0xff, 0xff, 0xff, 0xff, 0xff, 0xff, 0xff, 0xaf,
    0xff, 0xff, 0xff, 0xff, 0xff, 0xff, 0xff, 0xfa,
    0xff, 0xff, 0xff, 0xff, 0xff, 0xff, 0xff, 0xff,
    0xaf, 0xff, 0xff, 0xff, 0xff, 0xff, 0xff, 0xff,
    0xfa, 0xff, 0xff, 0xff, 0xff, 0xff, 0xff, 0xff,
    0xff, 0xaf, 0xff, 0xff, 0xff, 0xff, 0xff, 0xff,
    0xff, 0xfa, 0xff, 0xff, 0xff, 0xff, 0xff, 0xff,
    0xff, 0xff, 0x99, 0xff, 0xff, 0xff, 0xff, 0xff,
    0xff, 0xff, 0xf4, 0x9, 0xef, 0xff, 0xff, 0xff,
    0xff, 0xff, 0xd5, 0x0,

    /* U+F8A2 "" */
    0x0, 0x0, 0x0, 0x0, 0x0, 0x0, 0x0, 0x0,
    0x0, 0x0, 0x1c, 0x0, 0x0, 0x0, 0x0, 0x0,
    0x0, 0x0, 0x0, 0x0, 0x0, 0x1e, 0xf1, 0x0,
    0x0, 0x0, 0x0, 0x0, 0x0, 0x0, 0x0, 0x0,
    0x1e, 0xff, 0x10, 0x0, 0x3, 0xed, 0x0, 0x0,
    0x0, 0x0, 0x0, 0x5, 0xff, 0xf1, 0x0, 0x4,
    0xff, 0xf0, 0x0, 0x0, 0x0, 0x0, 0x0, 0x5f,
    0xff, 0x10, 0x5, 0xff, 0xff, 0x0, 0x0, 0x0,
    0x0, 0x0, 0x5, 0xff, 0xf1, 0x6, 0xff, 0xff,
    0xf6, 0x66, 0x66, 0x66, 0x66, 0x66, 0x9f, 0xff,
    0x17, 0xff, 0xff, 0xff, 0xff, 0xff, 0xff, 0xff,
    0xff, 0xff, 0xff, 0xf1, 0xdf, 0xff, 0xff, 0xff,
    0xff, 0xff, 0xff, 0xff, 0xff, 0xff, 0xff, 0x13,
    0xef, 0xff, 0xff, 0xff, 0xff, 0xff, 0xff, 0xff,
    0xff, 0xff, 0xd0, 0x2, 0xef, 0xff, 0xf1, 0x11,
    0x11, 0x11, 0x11, 0x11, 0x11, 0x10, 0x0, 0x2,
    0xdf, 0xff, 0x0, 0x0, 0x0, 0x0, 0x0, 0x0,
    0x0, 0x0, 0x0, 0x1, 0xdf, 0xf0, 0x0, 0x0,
    0x0, 0x0, 0x0, 0x0, 0x0, 0x0, 0x0, 0x1,
    0xb8, 0x0, 0x0, 0x0, 0x0, 0x0, 0x0, 0x0,
    0x0
};


/*---------------------
 *  GLYPH DESCRIPTION
 *--------------------*/

static const lv_font_fmt_txt_glyph_dsc_t glyph_dsc[] = {
    {.bitmap_index = 0, .adv_w = 0, .box_w = 0, .box_h = 0, .ofs_x = 0, .ofs_y = 0} /* id = 0 reserved */,
    {.bitmap_index = 0, .adv_w = 70, .box_w = 0, .box_h = 0, .ofs_x = 0, .ofs_y = 0},
    {.bitmap_index = 0, .adv_w = 92, .box_w = 4, .box_h = 16, .ofs_x = 1, .ofs_y = 0},
    {.bitmap_index = 32, .adv_w = 150, .box_w = 8, .box_h = 6, .ofs_x = 1, .ofs_y = 10},
    {.bitmap_index = 56, .adv_w = 226, .box_w = 14, .box_h = 16, .ofs_x = 0, .ofs_y = 0},
    {.bitmap_index = 168, .adv_w = 206, .box_w = 11, .box_h = 20, .ofs_x = 1, .ofs_y = -2},
    {.bitmap_index = 278, .adv_w = 232, .box_w = 14, .box_h = 16, .ofs_x = 0, .ofs_y = 0},
    {.bitmap_index = 390, .adv_w = 235, .box_w = 14, .box_h = 16, .ofs_x = 1, .ofs_y = 0},
    {.bitmap_index = 502, .adv_w = 85, .box_w = 3, .box_h = 6, .ofs_x = 1, .ofs_y = 10},
    {.bitmap_index = 511, .adv_w = 105, .box_w = 7, .box_h = 20, .ofs_x = 0, .ofs_y = -3},
    {.bitmap_index = 581, .adv_w = 105, .box_w = 6, .box_h = 20, .ofs_x = 0, .ofs_y = -3},
    {.bitmap_index = 641, .adv_w = 173, .box_w = 10, .box_h = 10, .ofs_x = 0, .ofs_y = 6},
    {.bitmap_index = 691, .adv_w = 193, .box_w = 10, .box_h = 11, .ofs_x = 1, .ofs_y = 2},
    {.bitmap_index = 746, .adv_w = 97, .box_w = 4, .box_h = 8, .ofs_x = 1, .ofs_y = -4},
    {.bitmap_index = 762, .adv_w = 162, .box_w = 8, .box_h = 3, .ofs_x = 1, .ofs_y = 5},
    {.bitmap_index = 774, .adv_w = 102, .box_w = 4, .box_h = 4, .ofs_x = 1, .ofs_y = 0},
    {.bitmap_index = 782, .adv_w = 141, .box_w = 9, .box_h = 18, .ofs_x = 0, .ofs_y = -1},
    {.bitmap_index = 863, .adv_w = 231, .box_w = 14, .box_h = 16, .ofs_x = 0, .ofs_y = 0},
    {.bitmap_index = 975, .adv_w = 125, .box_w = 7, .box_h = 16, .ofs_x = 0, .ofs_y = 0},
    {.bitmap_index = 1031, .adv_w = 190, .box_w = 12, .box_h = 16, .ofs_x = 0, .ofs_y = 0},
    {.bitmap_index = 1127, .adv_w = 190, .box_w = 11, .box_h = 16, .ofs_x = 0, .ofs_y = 0},
    {.bitmap_index = 1215, .adv_w = 211, .box_w = 13, .box_h = 16, .ofs_x = 0, .ofs_y = 0},
    {.bitmap_index = 1319, .adv_w = 192, .box_w = 12, .box_h = 16, .ofs_x = 0, .ofs_y = 0},
    {.bitmap_index = 1415, .adv_w = 198, .box_w = 12, .box_h = 16, .ofs_x = 0, .ofs_y = 0},
    {.bitmap_index = 1511, .adv_w = 184, .box_w = 11, .box_h = 16, .ofs_x = 0, .ofs_y = 0},
    {.bitmap_index = 1599, .adv_w = 193, .box_w = 12, .box_h = 16, .ofs_x = 0, .ofs_y = 0},
    {.bitmap_index = 1695, .adv_w = 198, .box_w = 12, .box_h = 16, .ofs_x = 0, .ofs_y = 0},
    {.bitmap_index = 1791, .adv_w = 95, .box_w = 4, .box_h = 11, .ofs_x = 1, .ofs_y = 0},
    {.bitmap_index = 1813, .adv_w = 95, .box_w = 4, .box_h = 15, .ofs_x = 1, .ofs_y = -4},
    {.bitmap_index = 1843, .adv_w = 193, .box_w = 10, .box_h = 11, .ofs_x = 1, .ofs_y = 2},
    {.bitmap_index = 1898, .adv_w = 193, .box_w = 10, .box_h = 8, .ofs_x = 1, .ofs_y = 3},
    {.bitmap_index = 1938, .adv_w = 193, .box_w = 10, .box_h = 11, .ofs_x = 1, .ofs_y = 2},
    {.bitmap_index = 1993, .adv_w = 178, .box_w = 11, .box_h = 16, .ofs_x = 0, .ofs_y = 0},
    {.bitmap_index = 2081, .adv_w = 259, .box_w = 16, .box_h = 15, .ofs_x = 0, .ofs_y = -2},
    {.bitmap_index = 2201, .adv_w = 247, .box_w = 15, .box_h = 16, .ofs_x = 0, .ofs_y = 0},
    {.bitmap_index = 2321, .adv_w = 219, .box_w = 12, .box_h = 16, .ofs_x = 1, .ofs_y = 0},
    {.bitmap_index = 2417, .adv_w = 240, .box_w = 15, .box_h = 16, .ofs_x = 0, .ofs_y = 0},
    {.bitmap_index = 2537, .adv_w = 260, .box_w = 15, .box_h = 16, .ofs_x = 1, .ofs_y = 0},
    {.bitmap_index = 2657, .adv_w = 208, .box_w = 12, .box_h = 16, .ofs_x = 1, .ofs_y = 0},
    {.bitmap_index = 2753, .adv_w = 199, .box_w = 11, .box_h = 16, .ofs_x = 1, .ofs_y = 0},
    {.bitmap_index = 2841, .adv_w = 272, .box_w = 17, .box_h = 16, .ofs_x = 0, .ofs_y = 0},
    {.bitmap_index = 2977, .adv_w = 251, .box_w = 13, .box_h = 16, .ofs_x = 1, .ofs_y = 0},
    {.bitmap_index = 3081, .adv_w = 94, .box_w = 4, .box_h = 16, .ofs_x = 1, .ofs_y = 0},
    {.bitmap_index = 3113, .adv_w = 174, .box_w = 10, .box_h = 16, .ofs_x = 0, .ofs_y = 0},
    {.bitmap_index = 3193, .adv_w = 237, .box_w = 14, .box_h = 16, .ofs_x = 1, .ofs_y = 0},
    {.bitmap_index = 3305, .adv_w = 194, .box_w = 11, .box_h = 16, .ofs_x = 1, .ofs_y = 0},
    {.bitmap_index = 3393, .adv_w = 296, .box_w = 16, .box_h = 16, .ofs_x = 1, .ofs_y = 0},
    {.bitmap_index = 3521, .adv_w = 252, .box_w = 14, .box_h = 16, .ofs_x = 1, .ofs_y = 0},
    {.bitmap_index = 3633, .adv_w = 279, .box_w = 17, .box_h = 16, .ofs_x = 0, .ofs_y = 0},
    {.bitmap_index = 3769, .adv_w = 213, .box_w = 12, .box_h = 16, .ofs_x = 1, .ofs_y = 0},
    {.bitmap_index = 3865, .adv_w = 289, .box_w = 18, .box_h = 17, .ofs_x = 0, .ofs_y = -1},
    {.bitmap_index = 4018, .adv_w = 221, .box_w = 13, .box_h = 16, .ofs_x = 1, .ofs_y = 0},
    {.bitmap_index = 4122, .adv_w = 196, .box_w = 12, .box_h = 16, .ofs_x = 0, .ofs_y = 0},
    {.bitmap_index = 4218, .adv_w = 218, .box_w = 14, .box_h = 16, .ofs_x = 0, .ofs_y = 0},
    {.bitmap_index = 4330, .adv_w = 243, .box_w = 13, .box_h = 16, .ofs_x = 1, .ofs_y = 0},
    {.bitmap_index = 4434, .adv_w = 245, .box_w = 15, .box_h = 16, .ofs_x = 0, .ofs_y = 0},
    {.bitmap_index = 4554, .adv_w = 346, .box_w = 22, .box_h = 16, .ofs_x = 0, .ofs_y = 0},
    {.bitmap_index = 4730, .adv_w = 246, .box_w = 15, .box_h = 16, .ofs_x = 0, .ofs_y = 0},
    {.bitmap_index = 4850, .adv_w = 237, .box_w = 15, .box_h = 16, .ofs_x = 0, .ofs_y = 0},
    {.bitmap_index = 4970, .adv_w = 207, .box_w = 13, .box_h = 16, .ofs_x = 0, .ofs_y = 0},
    {.bitmap_index = 5074, .adv_w = 120, .box_w = 6, .box_h = 18, .ofs_x = 1, .ofs_y = -2},
    {.bitmap_index = 5128, .adv_w = 141, .box_w = 9, .box_h = 18, .ofs_x = 0, .ofs_y = -1},
    {.bitmap_index = 5209, .adv_w = 120, .box_w = 6, .box_h = 18, .ofs_x = 0, .ofs_y = -2},
    {.bitmap_index = 5263, .adv_w = 159, .box_w = 9, .box_h = 6, .ofs_x = 0, .ofs_y = 10},
    {.bitmap_index = 5290, .adv_w = 169, .box_w = 11, .box_h = 3, .ofs_x = 0, .ofs_y = -3},
    {.bitmap_index = 5307, .adv_w = 103, .box_w = 6, .box_h = 5, .ofs_x = 0, .ofs_y = 12},
    {.bitmap_index = 5322, .adv_w = 204, .box_w = 12, .box_h = 11, .ofs_x = 0, .ofs_y = 0},
    {.bitmap_index = 5388, .adv_w = 204, .box_w = 12, .box_h = 16, .ofs_x = 1, .ofs_y = 0},
    {.bitmap_index = 5484, .adv_w = 171, .box_w = 11, .box_h = 11, .ofs_x = 0, .ofs_y = 0},
    {.bitmap_index = 5545, .adv_w = 204, .box_w = 12, .box_h = 16, .ofs_x = 0, .ofs_y = 0},
    {.bitmap_index = 5641, .adv_w = 188, .box_w = 12, .box_h = 11, .ofs_x = 0, .ofs_y = 0},
    {.bitmap_index = 5707, .adv_w = 142, .box_w = 10, .box_h = 16, .ofs_x = 0, .ofs_y = 0},
    {.bitmap_index = 5787, .adv_w = 202, .box_w = 12, .box_h = 15, .ofs_x = 0, .ofs_y = -4},
    {.bitmap_index = 5877, .adv_w = 194, .box_w = 10, .box_h = 16, .ofs_x = 1, .ofs_y = 0},
    {.bitmap_index = 5957, .adv_w = 82, .box_w = 3, .box_h = 16, .ofs_x = 1, .ofs_y = 0},
    {.bitmap_index = 5981, .adv_w = 85, .box_w = 8, .box_h = 20, .ofs_x = -3, .ofs_y = -4},
    {.bitmap_index = 6061, .adv_w = 180, .box_w = 11, .box_h = 16, .ofs_x = 1, .ofs_y = 0},
    {.bitmap_index = 6149, .adv_w = 82, .box_w = 3, .box_h = 16, .ofs_x = 1, .ofs_y = 0},
    {.bitmap_index = 6173, .adv_w = 303, .box_w = 17, .box_h = 11, .ofs_x = 1, .ofs_y = 0},
    {.bitmap_index = 6267, .adv_w = 194, .box_w = 10, .box_h = 11, .ofs_x = 1, .ofs_y = 0},
    {.bitmap_index = 6322, .adv_w = 198, .box_w = 12, .box_h = 11, .ofs_x = 0, .ofs_y = 0},
    {.bitmap_index = 6388, .adv_w = 204, .box_w = 12, .box_h = 15, .ofs_x = 1, .ofs_y = -4},
    {.bitmap_index = 6478, .adv_w = 204, .box_w = 12, .box_h = 15, .ofs_x = 0, .ofs_y = -4},
    {.bitmap_index = 6568, .adv_w = 150, .box_w = 9, .box_h = 11, .ofs_x = 1, .ofs_y = 0},
    {.bitmap_index = 6618, .adv_w = 151, .box_w = 9, .box_h = 11, .ofs_x = 0, .ofs_y = 0},
    {.bitmap_index = 6668, .adv_w = 133, .box_w = 8, .box_h = 16, .ofs_x = 0, .ofs_y = 0},
    {.bitmap_index = 6732, .adv_w = 182, .box_w = 10, .box_h = 11, .ofs_x = 1, .ofs_y = 0},
    {.bitmap_index = 6787, .adv_w = 180, .box_w = 12, .box_h = 11, .ofs_x = 0, .ofs_y = 0},
    {.bitmap_index = 6853, .adv_w = 265, .box_w = 17, .box_h = 11, .ofs_x = 0, .ofs_y = 0},
    {.bitmap_index = 6947, .adv_w = 179, .box_w = 11, .box_h = 11, .ofs_x = 0, .ofs_y = 0},
    {.bitmap_index = 7008, .adv_w = 182, .box_w = 12, .box_h = 15, .ofs_x = 0, .ofs_y = -4},
    {.bitmap_index = 7098, .adv_w = 159, .box_w = 10, .box_h = 11, .ofs_x = 0, .ofs_y = 0},
    {.bitmap_index = 7153, .adv_w = 115, .box_w = 7, .box_h = 18, .ofs_x = 0, .ofs_y = -2},
    {.bitmap_index = 7216, .adv_w = 99, .box_w = 3, .box_h = 21, .ofs_x = 2, .ofs_y = -3},
    {.bitmap_index = 7248, .adv_w = 115, .box_w = 7, .box_h = 18, .ofs_x = 0, .ofs_y = -2},
    {.bitmap_index = 7311, .adv_w = 193, .box_w = 10, .box_h = 4, .ofs_x = 1, .ofs_y = 6},
    {.bitmap_index = 7331, .adv_w = 352, .box_w = 23, .box_h = 23, .ofs_x = -1, .ofs_y = -3},
    {.bitmap_index = 7596, .adv_w = 352, .box_w = 22, .box_h = 17, .ofs_x = 0, .ofs_y = 0},
    {.bitmap_index = 7783, .adv_w = 352, .box_w = 22, .box_h = 20, .ofs_x = 0, .ofs_y = -2},
    {.bitmap_index = 8003, .adv_w = 352, .box_w = 22, .box_h = 17, .ofs_x = 0, .ofs_y = 0},
    {.bitmap_index = 8190, .adv_w = 242, .box_w = 16, .box_h = 16, .ofs_x = 0, .ofs_y = 0},
    {.bitmap_index = 8318, .adv_w = 352, .box_w = 22, .box_h = 23, .ofs_x = 0, .ofs_y = -3},
    {.bitmap_index = 8571, .adv_w = 352, .box_w = 22, .box_h = 23, .ofs_x = 0, .ofs_y = -3},
    {.bitmap_index = 8824, .adv_w = 396, .box_w = 25, .box_h = 20, .ofs_x = 0, .ofs_y = -2},
    {.bitmap_index = 9074, .adv_w = 352, .box_w = 22, .box_h = 23, .ofs_x = 0, .ofs_y = -3},
    {.bitmap_index = 9327, .adv_w = 396, .box_w = 25, .box_h = 17, .ofs_x = 0, .ofs_y = 0},
    {.bitmap_index = 9540, .adv_w = 352, .box_w = 22, .box_h = 23, .ofs_x = 0, .ofs_y = -3},
    {.bitmap_index = 9793, .adv_w = 176, .box_w = 11, .box_h = 18, .ofs_x = 0, .ofs_y = -1},
    {.bitmap_index = 9892, .adv_w = 264, .box_w = 17, .box_h = 18, .ofs_x = 0, .ofs_y = -1},
    {.bitmap_index = 10045, .adv_w = 396, .box_w = 25, .box_h = 22, .ofs_x = 0, .ofs_y = -3},
    {.bitmap_index = 10320, .adv_w = 352, .box_w = 22, .box_h = 17, .ofs_x = 0, .ofs_y = 0},
    {.bitmap_index = 10507, .adv_w = 242, .box_w = 16, .box_h = 23, .ofs_x = 0, .ofs_y = -3},
    {.bitmap_index = 10691, .adv_w = 308, .box_w = 15, .box_h = 21, .ofs_x = 2, .ofs_y = -2},
    {.bitmap_index = 10849, .adv_w = 308, .box_w = 20, .box_h = 24, .ofs_x = 0, .ofs_y = -4},
    {.bitmap_index = 11089, .adv_w = 308, .box_w = 20, .box_h = 20, .ofs_x = 0, .ofs_y = -2},
    {.bitmap_index = 11289, .adv_w = 308, .box_w = 20, .box_h = 20, .ofs_x = 0, .ofs_y = -2},
    {.bitmap_index = 11489, .adv_w = 308, .box_w = 15, .box_h = 21, .ofs_x = 2, .ofs_y = -2},
    {.bitmap_index = 11647, .adv_w = 308, .box_w = 21, .box_h = 20, .ofs_x = -1, .ofs_y = -2},
    {.bitmap_index = 11857, .adv_w = 220, .box_w = 12, .box_h = 20, .ofs_x = 1, .ofs_y = -2},
    {.bitmap_index = 11977, .adv_w = 220, .box_w = 12, .box_h = 20, .ofs_x = 1, .ofs_y = -2},
    {.bitmap_index = 12097, .adv_w = 308, .box_w = 20, .box_h = 20, .ofs_x = 0, .ofs_y = -2},
    {.bitmap_index = 12297, .adv_w = 308, .box_w = 20, .box_h = 5, .ofs_x = 0, .ofs_y = 6},
    {.bitmap_index = 12347, .adv_w = 396, .box_w = 25, .box_h = 17, .ofs_x = 0, .ofs_y = 0},
    {.bitmap_index = 12560, .adv_w = 440, .box_w = 28, .box_h = 23, .ofs_x = 0, .ofs_y = -3},
    {.bitmap_index = 12882, .adv_w = 396, .box_w = 27, .box_h = 23, .ofs_x = -1, .ofs_y = -3},
    {.bitmap_index = 13193, .adv_w = 352, .box_w = 22, .box_h = 21, .ofs_x = 0, .ofs_y = -2},
    {.bitmap_index = 13424, .adv_w = 308, .box_w = 19, .box_h = 12, .ofs_x = 0, .ofs_y = 2},
    {.bitmap_index = 13538, .adv_w = 308, .box_w = 19, .box_h = 12, .ofs_x = 0, .ofs_y = 2},
    {.bitmap_index = 13652, .adv_w = 440, .box_w = 28, .box_h = 18, .ofs_x = 0, .ofs_y = -1},
    {.bitmap_index = 13904, .adv_w = 352, .box_w = 22, .box_h = 17, .ofs_x = 0, .ofs_y = 0},
    {.bitmap_index = 14091, .adv_w = 352, .box_w = 22, .box_h = 23, .ofs_x = 0, .ofs_y = -3},
    {.bitmap_index = 14344, .adv_w = 352, .box_w = 23, .box_h = 23, .ofs_x = -1, .ofs_y = -3},
    {.bitmap_index = 14609, .adv_w = 308, .box_w = 20, .box_h = 20, .ofs_x = 0, .ofs_y = -2},
    {.bitmap_index = 14809, .adv_w = 308, .box_w = 20, .box_h = 23, .ofs_x = 0, .ofs_y = -3},
    {.bitmap_index = 15039, .adv_w = 308, .box_w = 20, .box_h = 20, .ofs_x = 0, .ofs_y = -2},
    {.bitmap_index = 15239, .adv_w = 308, .box_w = 20, .box_h = 18, .ofs_x = 0, .ofs_y = -1},
    {.bitmap_index = 15419, .adv_w = 352, .box_w = 22, .box_h = 17, .ofs_x = 0, .ofs_y = 0},
    {.bitmap_index = 15606, .adv_w = 220, .box_w = 15, .box_h = 23, .ofs_x = -1, .ofs_y = -3},
    {.bitmap_index = 15779, .adv_w = 308, .box_w = 20, .box_h = 23, .ofs_x = 0, .ofs_y = -3},
    {.bitmap_index = 16009, .adv_w = 308, .box_w = 20, .box_h = 23, .ofs_x = 0, .ofs_y = -3},
    {.bitmap_index = 16239, .adv_w = 396, .box_w = 25, .box_h = 17, .ofs_x = 0, .ofs_y = 0},
    {.bitmap_index = 16452, .adv_w = 352, .box_w = 24, .box_h = 23, .ofs_x = -1, .ofs_y = -3},
    {.bitmap_index = 16728, .adv_w = 264, .box_w = 17, .box_h = 23, .ofs_x = 0, .ofs_y = -3},
    {.bitmap_index = 16924, .adv_w = 440, .box_w = 28, .box_h = 21, .ofs_x = 0, .ofs_y = -2},
    {.bitmap_index = 17218, .adv_w = 440, .box_w = 28, .box_h = 15, .ofs_x = 0, .ofs_y = 1},
    {.bitmap_index = 17428, .adv_w = 440, .box_w = 28, .box_h = 15, .ofs_x = 0, .ofs_y = 1},
    {.bitmap_index = 17638, .adv_w = 440, .box_w = 28, .box_h = 15, .ofs_x = 0, .ofs_y = 1},
    {.bitmap_index = 17848, .adv_w = 440, .box_w = 28, .box_h = 15, .ofs_x = 0, .ofs_y = 1},
    {.bitmap_index = 18058, .adv_w = 440, .box_w = 28, .box_h = 15, .ofs_x = 0, .ofs_y = 1},
    {.bitmap_index = 18268, .adv_w = 440, .box_w = 28, .box_h = 18, .ofs_x = 0, .ofs_y = -1},
    {.bitmap_index = 18520, .adv_w = 308, .box_w = 17, .box_h = 23, .ofs_x = 1, .ofs_y = -3},
    {.bitmap_index = 18716, .adv_w = 308, .box_w = 20, .box_h = 23, .ofs_x = 0, .ofs_y = -3},
    {.bitmap_index = 18946, .adv_w = 352, .box_w = 23, .box_h = 23, .ofs_x = -1, .ofs_y = -3},
    {.bitmap_index = 19211, .adv_w = 440, .box_w = 28, .box_h = 17, .ofs_x = 0, .ofs_y = 0},
    {.bitmap_index = 19449, .adv_w = 264, .box_w = 17, .box_h = 23, .ofs_x = 0, .ofs_y = -3},
    {.bitmap_index = 19645, .adv_w = 354, .box_w = 23, .box_h = 14, .ofs_x = 0, .ofs_y = 1}
};

/*---------------------
 *  CHARACTER MAPPING
 *--------------------*/

static const uint16_t unicode_list_1[] = {
    0x0, 0x7, 0xa, 0xb, 0xc, 0x10, 0x12, 0x14,
    0x18, 0x1b, 0x20, 0x25, 0x26, 0x27, 0x3d, 0x42,
    0x47, 0x4a, 0x4b, 0x4c, 0x50, 0x51, 0x52, 0x53,
    0x66, 0x67, 0x6d, 0x6f, 0x70, 0x73, 0x76, 0x77,
    0x78, 0x7a, 0x92, 0x94, 0xc3, 0xc4, 0xc6, 0xc8,
    0xdf, 0xe6, 0xe9, 0xf2, 0x11b, 0x123, 0x15a, 0x1ea,
    0x23f, 0x240, 0x241, 0x242, 0x243, 0x286, 0x292, 0x2ec,
    0x303, 0x559, 0x7c1, 0x8a1
};

/*Collect the unicode lists and glyph_id offsets*/
static const lv_font_fmt_txt_cmap_t cmaps[] =
{
    {
        .range_start = 32, .range_length = 95, .glyph_id_start = 1,
        .unicode_list = NULL, .glyph_id_ofs_list = NULL, .list_length = 0, .type = LV_FONT_FMT_TXT_CMAP_FORMAT0_TINY
    },
    {
        .range_start = 61441, .range_length = 2210, .glyph_id_start = 96,
        .unicode_list = unicode_list_1, .glyph_id_ofs_list = NULL, .list_length = 60, .type = LV_FONT_FMT_TXT_CMAP_SPARSE_TINY
    }
};

/*-----------------
 *    KERNING
 *----------------*/


/*Map glyph_ids to kern left classes*/
static const uint8_t kern_left_class_mapping[] =
{
    0, 1, 0, 2, 0, 3, 0, 4,
    2, 5, 0, 0, 0, 6, 7, 6,
    8, 9, 0, 10, 11, 12, 13, 14,
    15, 16, 17, 0, 0, 0, 0, 0,
    0, 18, 19, 20, 21, 0, 22, 23,
    24, 25, 25, 26, 27, 28, 25, 25,
    29, 30, 31, 32, 33, 34, 26, 35,
    36, 37, 38, 39, 40, 0, 0, 0,
    0, 0, 0, 18, 41, 0, 42, 43,
    44, 45, 46, 47, 48, 0, 45, 45,
    18, 18, 49, 50, 51, 52, 53, 54,
    55, 56, 57, 58, 59, 25, 0, 0,
    0, 0, 0, 0, 0, 0, 0, 0,
    0, 0, 0, 0, 0, 0, 0, 0,
    0, 0, 0, 0, 0, 0, 0, 0,
    0, 0, 0, 0, 0, 0, 0, 0,
    0, 0, 0, 0, 0, 0, 0, 0,
    0, 0, 0, 0, 0, 0, 0, 0,
    0, 0, 0, 0, 0, 0, 0, 0,
    0, 0, 0, 0
};

/*Map glyph_ids to kern right classes*/
static const uint8_t kern_right_class_mapping[] =
{
    0, 1, 0, 2, 0, 0, 0, 3,
    2, 0, 4, 5, 0, 6, 7, 6,
    8, 9, 10, 11, 12, 13, 14, 15,
    16, 17, 18, 19, 19, 0, 0, 0,
    20, 21, 22, 23, 24, 23, 23, 23,
    24, 23, 23, 25, 23, 23, 23, 23,
    24, 23, 24, 23, 26, 27, 28, 29,
    30, 31, 32, 33, 0, 0, 34, 0,
    0, 0, 21, 35, 21, 21, 21, 36,
    21, 37, 38, 39, 37, 37, 40, 40,
    41, 40, 21, 40, 42, 36, 43, 44,
    45, 46, 47, 48, 0, 23, 49, 0,
    0, 0, 0, 0, 0, 0, 0, 0,
    0, 0, 0, 0, 0, 0, 0, 0,
    0, 0, 0, 0, 0, 0, 0, 0,
    0, 0, 0, 0, 0, 0, 0, 0,
    0, 0, 0, 0, 0, 0, 0, 0,
    0, 0, 0, 0, 0, 0, 0, 0,
    0, 0, 0, 0, 0, 0, 0, 0,
    0, 0, 0, 0
};

/*Kern values between classes*/
static const int8_t kern_class_values[] =
{
    0, 0, 0, 0, 0, 0, 0, 0,
    0, 0, 0, 0, 0, 0, 0, 0,
    0, 0, 0, 0, 0, -10, 0, 0,
    -10, 0, -6, 0, 0, 0, 0, -10,
    0, 0, 0, 0, 0, 0, 0, 0,
    0, 0, 0, 0, 0, 0, 0, 0,
    0, 0, 0, 0, 0, 0, 0, 0,
    0, -11, 0, 0, 0, -24, 0, -18,
    9, -8, -1, 0, 0, -23, -42, 0,
    -13, -40, -10, 10, 0, 0, 0, 0,
    0, 0, 0, 0, 4, 0, 0, 0,
    -6, -23, -14, -4, 0, 0, 0, 0,
    0, 0, 0, 0, 0, 0, 0, 0,
    0, 0, 0, 0, 0, 0, 0, 0,
    0, -6, 0, 0, 0, 0, 0, 0,
    0, 0, 0, 0, 0, 0, 0, 0,
    0, 0, 0, 0, 0, 0, 0, 0,
    0, 0, 0, 0, 0, 0, 0, 0,
    0, 0, 0, -13, 0, 0, 0, 0,
    0, 0, 0, 0, 0, 0, 0, 0,
    0, 0, 0, 0, 0, 0, 0, -6,
    -31, -10, -25, 0, -9, -33, -15, -27,
    -24, -24, -32, -18, 0, 0, -15, 0,
    0, 0, 0, -6, -6, -6, -20, -13,
    0, -20, 0, 0, 0, 0, 0, 0,
    0, 0, 0, 0, 0, 0, 0, 0,
    0, 0, 0, 0, 0, 0, 0, 0,
    0, 0, 0, -4, -6, 0, 0, 0,
    0, 0, 0, 0, 0, 0, 0, 0,
    0, 0, 34, 0, 0, 0, 0, -13,
    -10, 0, -13, 0, 0, 0, 0, 0,
    0, -24, 0, 0, 0, -8, -28, 0,
    0, -10, 0, -9, -20, 0, -17, 0,
    0, -6, 0, 0, -12, 0, 0, -23,
    0, -27, -19, 0, -38, 0, 0, 0,
    -12, 0, 0, 13, 0, -6, 0, 0,
    -17, -11, 0, -17, 0, 0, 0, 0,
    0, 0, 0, 0, 0, 0, 0, -18,
    -8, -19, 0, 0, 0, -26, 0, 0,
    0, 0, 6, -13, 0, 5, -19, -9,
    -25, 0, -23, -16, -20, -29, -10, 0,
    0, -6, 0, 0, 0, 0, 6, 0,
    0, -8, 0, -9, -8, -7, 0, 0,
    0, 0, 0, 0, 0, 0, 0, 0,
    0, 0, 0, 0, 0, 0, 0, 0,
    0, 0, 0, -17, -20, 6, -8, -27,
    0, 0, 0, 0, 0, 0, 0, 0,
    0, 0, -6, 0, 0, 0, -13, -17,
    -15, -8, -11, -11, 0, -11, -10, 0,
    0, -11, 0, 0, 0, -8, 0, 0,
    0, 0, 0, 0, 0, 0, 0, -12,
    0, 0, 0, 0, 0, 0, 0, 0,
    0, 0, 0, 0, 0, 0, 0, 0,
    0, 0, 0, 0, 0, 0, 0, 0,
    0, 0, 0, 0, 0, 0, 0, 0,
    0, 0, 0, 0, 0, 0, 0, -10,
    0, 0, 0, 0, 0, 0, 0, 0,
    -8, 0, 0, 0, 0, 0, 0, 0,
    0, 0, 0, 0, 0, 0, 0, 0,
    0, 0, 0, 0, 0, 0, 0, 0,
    0, 0, 0, 0, 0, 0, 0, 0,
    0, 0, 0, 0, 0, 0, 0, -9,
    0, 0, 0, 0, 0, 0, 0, 0,
    0, -6, 0, 0, 0, 0, 0, 0,
    0, 0, 0, 0, 0, 0, 0, 0,
    0, 0, 0, 0, 0, 0, 0, 0,
    0, 0, 0, 0, 0, 0, 0, 0,
    0, 0, 0, 0, -20, 0, 0, 0,
    -13, 0, 0, 0, -13, -4, 0, -6,
    -4, 0, -16, 0, -8, 0, 0, 0,
    0, 0, 0, 0, 0, 0, 0, 0,
    0, 0, 0, 0, 0, 0, 0, 0,
    0, 0, 0, 0, 0, 0, 0, 0,
    0, 0, 0, 0, 0, 0, 0, 0,
    0, -9, 0, 0, 0, 0, 0, 0,
    0, 0, 0, -10, 0, 0, 0, 0,
    0, 0, 0, 0, 0, 0, 0, 0,
    0, 0, 0, 0, 0, 0, 0, 0,
    0, 0, 0, 0, 0, 0, 0, 0,
    0, 0, 0, 0, 0, 0, -18, 0,
    0, 0, 0, 0, 0, 0, -8, 0,
    -4, 0, 0, 0, -10, 0, -6, 0,
    0, 0, 0, 0, 0, 0, 0, 0,
    0, 0, 0, 0, 0, 0, 0, 0,
    0, 0, 0, 0, 0, 0, 0, 0,
    0, 0, 0, 0, 0, 0, 0, 8,
    0, 0, 0, -23, -17, 0, -6, 0,
    -3, -6, -13, 0, -11, -5, -6, -6,
    0, 0, 0, 0, 0, 0, 0, 0,
    0, 0, 0, 0, 0, 0, 0, 0,
    0, 0, 0, 0, 0, 0, 0, 0,
    0, 0, 0, 0, 0, 0, 0, 0,
    -8, 0, 0, 0, 0, 0, 0, 0,
    -6, -3, -6, 0, 0, 0, -8, 0,
    -4, 0, 0, 0, 0, 0, 0, 0,
    0, 0, 0, 0, 0, 0, 0, 0,
    0, 0, 0, 0, 0, 0, 0, 0,
    0, 0, 0, 0, 0, 0, 0, 0,
    0, -1, 0, 0, 0, -24, 0, 0,
    0, -2, -3, -3, -6, 0, -9, -10,
    -5, 0, 0, 0, 0, 0, 0, 0,
    0, 0, 0, 0, 0, 0, 0, 0,
    0, 0, 0, 0, 0, 0, 0, 0,
    0, 0, 0, 0, 0, 0, 0, 0,
    0, 0, -23, 0, 0, 0, -6, 6,
    0, 0, 0, 0, 0, 0, 0, 0,
    0, 0, 0, 0, 0, 0, 0, 0,
    0, 0, 0, 0, 0, 0, 0, 0,
    0, 0, 0, 0, -5, 0, 0, 0,
    0, 0, 0, 0, -6, -4, -5, -6,
    -6, 0, -10, -42, 0, 0, -44, 0,
    -13, 0, 0, 0, 0, 0, 0, 0,
    0, 0, 0, 0, -5, -20, -10, -13,
    -3, -18, -6, -8, -34, -6, -33, -30,
    -13, -36, -6, 0, 0, -14, 0, 0,
    -3, 0, -10, 0, -6, -24, -20, -15,
    -18, 0, 0, 0, 0, 0, 0, 0,
    0, 0, 0, 0, 0, 0, 0, 0,
    0, 0, 0, 0, 0, 0, 0, 0,
    0, 0, 0, -13, -5, -6, 0, -6,
    -3, -8, -11, 0, 0, 0, 0, 0,
    0, 0, 0, 0, 0, 0, 0, 0,
    0, 0, 0, 0, 0, 0, 0, 0,
    0, 0, -6, 0, 0, 0, 0, 0,
    0, 0, 0, 0, 0, 0, 0, 0,
    -5, -6, 0, -10, -17, -4, -5, 0,
    0, 0, 0, -10, 0, 0, 0, -9,
    0, 0, 0, 0, -5, 0, 0, -13,
    -13, -6, -13, 0, 8, 0, 0, 0,
    9, 0, 0, -11, 0, 0, 0, 0,
    0, 0, 0, 0, 0, 0, 0, 0,
    0, -3, 0, 0, -5, -12, -6, -8,
    0, -5, 0, 0, -5, 0, 9, 0,
    0, 0, 0, 0, 0, -3, 0, 0,
    0, 0, 0, 0, 0, 9, -4, 0,
    -4, 10, 0, -18, -7, -15, 0, 0,
    0, 0, 0, 0, 0, 0, 0, 0,
    0, 0, -6, -21, 0, -4, -50, -6,
    -8, 0, 0, 0, -8, 0, -4, 9,
    0, 0, 0, 0, 0, 0, -6, -6,
    0, -4, -2, -8, -4, -6, 9, 0,
    -11, 0, 0, 0, -15, 0, 0, 0,
    0, 0, 0, 0, 0, 0, 0, 0,
    0, 0, 0, 0, -11, 0, 3, -13,
    -5, -10, 0, -9, -6, -9, -15, 0,
    0, 0, 0, 0, 0, 0, 0, 0,
    0, 0, 0, 0, 0, 0, 0, 4,
    0, 0, 0, 0, 0, 0, 0, 6,
    0, 0, 0, 0, 0, 0, 0, 0,
    0, 0, 0, 0, 0, 0, 0, 0,
    0, -5, 0, 0, 0, 0, 0, 0,
    0, 0, 0, 0, 0, 0, 0, 0,
    0, 0, 0, 0, 0, -4, 0, 0,
    0, 0, 0, 0, 0, 0, 0, 0,
    -6, 0, 0, 0, 0, 0, 0, 0,
    0, 0, 0, 0, 0, 0, -8, 0,
    0, -16, -3, -3, 0, 0, 0, -6,
    -4, 0, 0, 0, 0, 0, 0, 0,
    0, 0, 0, 0, 0, 0, 0, 0,
    0, 0, -10, 0, 0, 0, -13, 0,
    -25, 0, 0, 0, 0, 0, 0, 0,
    0, 0, 0, 0, -4, 0, -17, -13,
    -6, -23, -10, -17, -23, -11, -20, -13,
    -23, -19, -13, 0, 0, -17, 0, 0,
    0, 0, -17, -12, -17, -30, -20, -13,
    -30, 0, 0, -3, -30, 0, 0, -30,
    0, -13, 0, 0, 0, 0, 0, 0,
    0, 0, 0, 0, 0, 0, -10, -6,
    -8, 0, -19, -4, -11, -30, -8, -27,
    -23, 0, -34, 0, 0, 0, -12, 0,
    0, 0, 0, -6, 0, 0, -9, -7,
    -5, -9, 0, 0, 0, -13, 0, -4,
    0, -12, 5, -8, 0, 0, 0, 0,
    0, 0, 0, 0, 0, 0, 0, 0,
    0, -18, 0, 3, -20, -6, -16, 0,
    -13, -11, -14, -20, -5, -4, 0, 0,
    0, 0, 8, 0, 0, 0, 0, 0,
    0, -4, 0, 0, 0, -6, 0, 0,
    0, 0, -30, -16, -18, 0, 0, 0,
    0, 0, 0, 0, 0, 0, 0, 0,
    0, -8, -23, -3, 0, -43, 0, -6,
    0, -4, 0, -12, -9, -10, 0, 0,
    0, 0, 0, 0, 0, -8, -6, 0,
    0, 0, 0, 0, 0, 0, 0, 0,
    0, 0, 0, -8, 0, 6, 0, 0,
    0, 0, 0, 0, 0, 0, 0, 0,
    0, 0, 0, 0, 0, 0, 0, 0,
    -16, 0, 0, -11, -4, -20, 0, 0,
    0, 0, 0, 0, 0, 0, 0, 0,
    0, 0, 0, 0, 0, 0, 7, 0,
    -6, 0, 0, 0, 0, -20, 0, 0,
    0, 0, 0, 0, 0, 0, 0, 0,
    0, 0, 0, -10, -13, -5, -8, -9,
    -12, -17, -6, -13, -9, -13, -19, -9,
    0, 0, -6, 0, 0, 0, 0, -10,
    -10, -4, -8, -7, -13, -8, -6, 0,
    0, 0, 0, 0, 0, 0, 4, 0,
    0, 0, 0, 0, 0, 0, 0, 0,
    0, 0, 0, 0, -2, -8, 0, 2,
    -13, -6, -11, 4, -6, -4, -5, -13,
    0, 0, 0, 0, 0, 0, 0, 0,
    -2, 0, 0, -5, -4, -5, -5, 0,
    0, -6, 10, -10, 0, 0, -23, -25,
    -17, 0, 0, 0, 0, 0, 0, 0,
    0, 0, 0, -32, 4, -44, -34, 0,
    -16, -51, -14, -14, -3, -13, -10, -15,
    -15, -13, 0, 0, -19, 0, 0, 0,
    -36, -44, -42, -34, -40, -37, -44, -40,
    -37, 0, 0, 0, -10, 0, 0, -27,
    -23, -11, 0, 0, 0, 0, 0, 0,
    0, 0, 0, 0, -22, 3, -34, -33,
    0, -13, -44, -15, -13, 0, -12, -10,
    -13, -11, -8, 0, 0, -16, 0, 0,
    0, -25, -37, -34, -23, -23, -19, -37,
    -23, -26, 0, 0, 0, -10, 0, 0,
    -19, -16, -11, 0, 0, 0, 0, 0,
    0, 0, 0, 0, 0, -11, 3, -25,
    -30, 0, -11, -38, -11, -10, 0, -10,
    -10, -10, -13, -6, 0, 0, -13, 0,
    0, 0, -23, -25, -27, -18, -20, -16,
    -22, -20, -20, 0, 0, 0, -3, 0,
    0, 0, -20, 0, 0, 0, 0, 0,
    0, 0, 0, 0, 0, 0, 0, 0,
    -15, -13, -5, -14, -13, -13, -15, -6,
    -13, -10, -16, -15, -6, 0, -6, -19,
    -6, 0, 0, -8, -15, -8, -11, -20,
    -18, -13, -20, -8, 0, -10, 0, -20,
    0, 0, -38, -29, -24, 0, 0, 0,
    0, 0, 0, 0, 0, 0, 0, -30,
    -4, -51, -36, -8, -20, -51, -24, -15,
    -4, -11, -13, -15, -15, -8, 0, -8,
    -23, -8, -13, -15, -33, -51, -48, -33,
    -35, -31, -40, -35, -33, 0, 0, 0,
    0, 0, 0, 0, -10, 0, 0, 0,
    0, 0, 0, 0, 0, 0, 0, 0,
    0, 3, -10, -10, 0, -8, -8, 0,
    -8, 0, -8, -4, -6, -8, -10, 0,
    0, -10, 0, 0, 0, 0, -10, 0,
    0, -10, -8, 0, -10, 0, 0, 0,
    0, 0, 0, 0, 0, 0, 0, 0,
    0, 0, 0, 0, 0, 0, 0, 0,
    0, 0, 0, 0, 0, 0, -4, 0,
    0, 0, 0, 0, 0, 0, 0, 0,
    0, 0, 0, 0, 0, 29, 0, 0,
    0, 0, 0, 0, 0, 0, 0, 0,
    0, 0, 0, 0, 0, 0, -8, 0,
    0, 0, 0, 0, 0, 0, 0, 0,
    0, 0, 0, 0, -4, 0, 0, 0,
    0, 0, 0, 0, 0, 0, 0, 0,
    0, 0, 0, -3, 0, 0, 0, 0,
    -4, 0, 0, 0, 0, -1, 0, 0,
    0, 0, 0, 0, 0, 0, 0, 6,
    0, 0, 0, 0, 0, 0, 0, 0,
    0, 0, 0, 0, 0, 0, 0, 0,
    0, 0, 0, 0, 0, 0, 0, 0,
    0, 0, 0, 0, -4, 0, 0, 0,
    0, 0, 0, 0, -3, -2, -5, -3,
    0, 0, 0, 24, 0, 20, 6, -18,
    -17, -6, 0, 0, 0, 0, 0, 0,
    0, 0, 0, 0, 0, 16, -8, 0,
    0, 0, 0, 0, 0, 0, 0, 0,
    0, 0, 0, 20, 8, -10, 8, 0,
    0, -6, -8, -6, 0, -4, -4, -8,
    -4, -6, 19, 0, 0, 0, 0, 0,
    0, 0, 0, 0, 0, 0, 0, 0,
    0, 0, 0, 0, 0, 0, 0, 0,
    0, 0, 0, 0, 0, 0, 0, 0,
    0, 0, 0, 0, 0, 0, 0, 0,
    0, 18, 0, 0, 0, 0, 0, 0,
    0, 0, 0, 0, 0, -11, 0, 0,
    0, 0, 0, 0, 0, 0, 0, 0,
    0, 0, 0, 0, 0, 0, 0, 0,
    0, 0, 0, 0, 0, 0, 0, 0,
    0, 0, 0, 0, 0, 0, 0, -2,
    0, 0, 0, 0, 0, 0, 0, 0,
    0, 0, 0, 0, 0, 0, 0, 0,
    0, 0, 0, 0, 0, 0, 0, 0,
    0, 0, 0, 0, 0, 0, 0, 0,
    0, 0, 0, 0, 0, 0, 0, 0,
    0, 0, 0, 0, 0, 0, 0, 0,
    0, 0, 0, 0, 0, 0, 0, 0,
    0, -3, 0, 0, 0, 0, 0, 0,
    0, 0, 0, 0, 0, 0, 0, 0,
    0, 0, 0, 0, 0, 0, 0, 0,
    0, 0, 0, 0, 0, 0, 0, 0,
    0, 0, 0, 0, 0, 0, 0, 0,
    0, 0, 0, 0, 22, 0, 0, 0,
    0, 0, 0, 0, 0, 0, 0, 0,
    0, 0, 0, 0, -6, -19, 0, 0,
    0, 0, 0, 0, 0, 0, 0, 0,
    0, 0, -10, -8, 0, 0, 0, 0,
    0, 0, 0, 0, 0, 0, 0, 0,
    0, 0, -11, 0, -6, -6, -6, -8,
    -10, -6, -11, -11, -12, -11, -10, 0,
    0, -6, 0, 0, 0, 0, 0, 0,
    0, 0, 0, 0, 0, 0, 0, 0,
    0, 0, 0, 0, 0, 0, 0, 0,
    0, 0, 0, 0, 0, 0, 0, 0,
    0, 0, 0, 0, 0, 0, 29, 0,
    0, 0, 0, 0, 0, 0, 0, 0,
    0, 0, 0, -6, 0, 0, -27, -16,
    -23, 0, 0, 0, 0, 0, 0, 0,
    0, 0, 0, 0, 0, -11, 0, 0,
    0, 0, 0, 0, 0, 0, 0, 0,
    0, 0, 0, -10, -6, -6, -6, -6,
    -6, -11, -10, -6, -8, -8, -8, -8,
    -10, 0, 0, -8, 0, 0, 0, 0,
    0, 0, 0, 0, 0, 0, 0, 0,
    0, 0, 0, 0, 0, 0, 0, 0,
    0, 0, 0, 0, 0, 0, 0, 0,
    0, 0, 0, 0, 0, 0, 0, 0,
    0, 0, 0, 0, 0, 0, 0, 0,
    0, 0, 0, 0, 0, 0, 0, 0,
    -12, -6, 0, 0, 0, 0, 0, 0,
    0, 0, 0, 0, 0, 0, 0, -5,
    0, 0, 0, 0, 0, 0, 0, 0,
    0, 0, 0, 0, 0, 0, -6, 0,
    0, 0, 0, -5, -4, 0, 0, 0,
    -2, 0, -5, 0, 0, -4, 0, 0,
    0, 0, 0, 0, 0, 0, 0, 0,
    0, 0, 0, 0, 0, 0, 0, 0,
    0, 0, 0, 0, 0, 0, 0, 0,
    0, 0, 0, 0, 0, 0, 0, 0,
    0, 0, 0, 0, 0, 0, 0, 0,
    0, 0, 0, 0, 0, 0, 0, 0,
    -13, 0, -17, -8, 0, 0, 0, 0,
    0, 0, 0, 0, 0, 0, 0, 0,
    0, -6, 0, 0, 0, 0, 0, 0,
    0, 0, 0, 0, 0, 0, 0, 0,
    0, 0, 0, 0, 0, -6, -5, 0,
    -6, -6, -7, -6, -3, 0, 0, 0,
    0, -10, 0, -11, 0, 0, 0, 0,
    0, 0, 0, 0, 0, 0, 0, 0,
    0, 0, -4, 0, 0, 0, 0, 0,
    0, 0, 0, 0, 0, 0, 0, 0,
    0, 0, 0, -3, 0, 0, -4, -4,
    0, -6, -8, -5, -6, -3, 0, 0,
    0, 0, 0, 0, 0, -9, 0, 0,
    0, 0, 0, 0, 0, 0, 0, 0,
    0, 0, 0, -5, 0, 0, 0, 0,
    0, 0, 0, 0, 0, 0, 0, 0,
    0, 0, -6, 0, 0, 0, 0, -5,
    -6, 0, -7, -5, -9, -7, 0, 0,
    0, 0, 0, -13, 0, -24, -11, 0,
    0, 0, 0, 0, 0, 0, 0, 0,
    0, 0, -5, 0, -8, 0, 0, 0,
    0, 0, 0, 0, 0, 0, 0, 0,
    0, -4, -4, -3, -4, -5, -5, -4,
    -8, -6, 0, -6, -10, -10, -6, -8,
    -6, 0, 0, 0, 0, 0, 0, -7,
    7, 0, 0, 0, 0, 0, 0, 0,
    0, 0, 0, 0, 0, -3, 0, 0,
    0, 0, 0, 0, 0, 0, 0, 0,
    0, 0, 0, 0, -4, 0, 0, 0,
    0, -5, 0, 0, 0, 0, 0, 0,
    0, 0, 0, 0, 0, 0, 0, 0,
    0, 0, 0, 0, 0, 0, 0, 0,
    0, 0, 0, 0, 0, 0, 0, 0,
    0, 0, 0, 0, 0, 0, 0, 0,
    0, 0, 0, 0, 0, 0, 0, 0,
    34, 0, 0, 0, 0, 0, 0, 0,
    0, 0, 0
};


/*Collect the kern class' data in one place*/
static const lv_font_fmt_txt_kern_classes_t kern_classes =
{
    .class_pair_values   = kern_class_values,
    .left_class_mapping  = kern_left_class_mapping,
    .right_class_mapping = kern_right_class_mapping,
    .left_class_cnt      = 59,
    .right_class_cnt     = 49,
};

/*--------------------
 *  ALL CUSTOM DATA
 *--------------------*/

#if LVGL_VERSION_MAJOR == 8
/*Store all the custom data of the font*/
static  lv_font_fmt_txt_glyph_cache_t cache;
#endif

#if LVGL_VERSION_MAJOR >= 8
static const lv_font_fmt_txt_dsc_t font_dsc = {
#else
static lv_font_fmt_txt_dsc_t font_dsc = {
#endif
    .glyph_bitmap = glyph_bitmap,
    .glyph_dsc = glyph_dsc,
    .cmaps = cmaps,
    .kern_dsc = &kern_classes,
    .kern_scale = 16,
    .cmap_num = 2,
    .bpp = 4,
    .kern_classes = 1,
    .bitmap_format = 0,
#if LVGL_VERSION_MAJOR == 8
    .cache = &cache
#endif
};



/*-----------------
 *  PUBLIC FONT
 *----------------*/

/*Initialize a public general font descriptor*/
#if LVGL_VERSION_MAJOR >= 8
const lv_font_t lv_font_Outfit_Medium_22 = {
#else
lv_font_t lv_font_Outfit_Medium_22 = {
#endif
    .get_glyph_dsc = lv_font_get_glyph_dsc_fmt_txt,    /*Function pointer to get glyph's data*/
    .get_glyph_bitmap = lv_font_get_bitmap_fmt_txt,    /*Function pointer to get glyph's bitmap*/
    .line_height = 22,          /*The maximum line height required by the font*/
    .base_line = 3,             /*Baseline measured from the bottom of the line*/
#if !(LVGL_VERSION_MAJOR == 6 && LVGL_VERSION_MINOR == 0)
    .subpx = LV_FONT_SUBPX_NONE,
#endif
#if LV_VERSION_CHECK(7, 4, 0) || LVGL_VERSION_MAJOR >= 8
    .underline_position = -2,
    .underline_thickness = 1,
#endif
    .dsc = &font_dsc,          /*The custom font data. Will be accessed by `get_glyph_bitmap/dsc` */
#if LV_VERSION_CHECK(8, 2, 0) || LVGL_VERSION_MAJOR >= 9
    .fallback = NULL,
#endif
    .user_data = NULL,
};



#endif /*#if LV_FONT_OUTFIT_MEDIUM_22*/

